,emp,ft_emp,pt_emp,ue,ud,hours,doe_ads,anz_ads,nab_cond,nab_profit,nab_trade,nab_emp,nab_forward,nab_stocks,nab_conf,nab_cu,aig_pmi,aig_psi,aig_pci,new_reg,anz_finance,anz_sent,wmi_finance,wmi_sent,rt,mv,arrivals,export,import,res_ba,hs_ba,nh_ba,alt_add,non_res_ba,acr,credit,credit_housing,credit_personal,credit_business,firmmbab90,fcmygbag3,fcmygbag5,fcmygbag10,scrigbag3,scrigbag5,scrigbag10,twi,asx200,icp,house_prices,mt103s,credit_card,debit_card
1/03/1978,-0.119968737,0.523183828,-1.267219317,-1.711890725,-0.268374101,,,,,,,,,,,,,,,-0.966362754,,,,1.507580871,,,,-0.229130719,1.018533348,0.262894813,0.084929447,0.566578325,1.080168624,-0.167746928,,0.426421025,0.043730699,1.077913974,0.093807374,,,0.013688358,0.043719154,,,,-0.364903582,,-0.30002598,,,,
1/04/1978,0.761490965,0.912573924,0.012645847,-0.206292664,0.238011843,,,,,,,,,,,,,,,-0.347395618,,,,1.159395496,,,,0.950863212,0.616325416,0.138117455,-0.550734821,0.933263518,-0.468461283,0.889851393,,-0.486963544,0.351213102,0.991469163,-0.566940912,,,0.070894015,-0.051003481,,,,0.059659876,,0.972176556,,,,
1/05/1978,-0.24933566,-0.242062119,-0.01927124,-0.312373773,-0.004080723,,,,,,,,,,,,,,,-0.065369583,,,,1.041773945,,,,-1.569328479,-0.82618787,-0.421144904,-0.057592525,-0.859382406,-0.297155657,-0.743139891,,0.781921801,0.145779685,0.858530709,0.743442309,,,0.04466167,-0.175707981,,,,-0.021441755,,0.189709186,,,,
1/06/1978,-0.311734354,-0.873103021,1.107880853,0.42789105,0.032902047,,,,,,,,,,,,,,,0.354699415,,,,0.704226785,,,,2.16243166,0.763204691,0.459835648,0.197922484,0.807565664,-0.080768219,0.040961503,,-0.329935582,0.179794997,0.998905352,-0.870805482,,,0.044698289,0.04567157,,,,-0.407958222,,-0.022805735,,,,
1/07/1978,-0.474487932,-0.554858726,0.079478983,-0.423849921,0.069100404,,,,,,,,,,,,,,,0.102324465,,,,0.368831798,,,,-0.037128066,0.90968866,-0.805509824,-0.153657253,-1.715359797,-1.339704825,-0.457778456,,-0.857625922,0.176813717,0.501522691,-1.032055173,,,0.04357717,0.046501048,,,,-0.592763157,,1.204920088,,,,
1/08/1978,-0.116288135,-0.143046259,0.084627584,1.282516244,-0.058184466,0.219089647,,,,,,,,,,,,,,0.502872523,,,,-0.546401725,,,,-1.81362448,-0.331142436,0.139970343,-0.022062469,0.404712479,1.272319523,1.074225407,,-0.186114329,-0.308174108,0.915068762,-0.282892462,,,-0.239647859,-0.269484503,,,,-0.382146724,,1.064834922,,,,
1/09/1978,-0.588424916,0.162971613,-1.61555119,-1.203858246,-0.182806789,-0.277152644,,,,,,,,,,,,,,0.320244986,,,,0.025323434,,,,-0.330152608,-0.238225986,0.450336897,1.562174735,-0.98476715,0.650355964,-0.380407493,,0.520822772,0.312482149,0.968928772,0.297045904,,,0.069920654,0.04435823,,,,0.025250663,,-0.40443328,,,,
1/10/1978,-0.127299521,-0.148257385,0.075552958,-0.46483672,-0.126494331,0.017938993,,,,,,,,,,,,,,0.529011312,,,,0.599772203,,,,1.317014051,0.836472367,0.594529697,0.502658602,0.973319494,-0.086188385,0.159246272,,0.91296213,1.138532656,0.853946916,0.620047084,,,-0.351732832,-0.300160553,,,,-0.563271255,,1.479443468,,,,
1/11/1978,-0.653559299,-0.39965164,-0.643376737,0.806966239,-0.204618435,-0.27775107,,,,,,,,,,,,,,0.734153648,,,,0.539707554,,,,1.806298284,0.731576304,0.031471365,0.128174008,-0.085381638,-0.551670186,0.379226507,,0.366097452,0.849828714,0.780887814,0.054516861,,,-0.120298802,-0.233255599,,,,0.515608989,,-1.346218466,,,,
1/12/1978,0.641943873,0.204657399,1.153987669,0.339784493,-0.081579972,0.378866393,,,,,,,,,,,,,,0.717931625,,,,0.719142599,,,,-0.39912899,-0.091686914,0.722738458,1.252480593,0.225438839,-0.131849257,-2.024643577,,0.694464649,0.664380696,0.657769744,0.452961298,,,0.047008133,0.048417646,,,,-0.162144427,,0.232939701,,,,
1/01/1979,-0.378396938,0.209985278,-1.216904103,-0.189080794,0.05914295,-0.31864967,,,,,,,,,,,,,,0.851248898,,,,0.747355842,,,,1.464784385,-0.961338346,-1.291743561,-2.223862622,-0.380782353,0.219472329,1.235771905,,-0.100971237,0.666157628,0.655330279,-0.510642311,,,0.191536733,0.210417244,,,,0.114191187,,0.857723778,,,,
1/02/1979,0.088566806,0.1329704,0.013921267,-0.578440999,0.097906819,0.273882908,,,,,,,,,,,,,,1.356231498,,,,1.077250715,,,,-0.709149682,-0.544411699,1.01984485,2.275477511,-0.466832841,-0.077934727,1.359138339,,0.983751484,0.908915267,0.562402817,0.835790866,,,0.444076166,0.524182571,,,,-0.116449361,,1.497988774,,,,
1/03/1979,-0.650867172,-0.443435277,-0.549559985,0.209619097,-0.263253006,0.05278175,,,,,,,,,,,,,,1.21184797,,,,0.727073205,,,,0.11262439,0.46302563,0.157994529,-0.559077013,1.271428016,0.799229274,-1.373672227,,0.524415954,-0.197273853,0.363268812,0.443539036,,,0.869932426,1.157310549,,,,0.016402029,,0.327492965,,,,
1/04/1979,0.002094407,-0.355041957,0.783829576,0.950868298,0.539298243,0.684302285,,,,,,,,,,,,,,1.159510125,,,,1.043735273,,,,0.634120267,0.429521246,-0.059263191,-0.070979582,-0.051087913,0.323546764,-0.354088531,,0.874195191,-0.067388396,0.542252814,1.248669435,,,1.098371016,1.000585077,,,,0.285401733,,0.222325178,,,,
1/05/1979,-0.132956258,-0.339964209,0.434438198,-1.464073899,-0.227158179,-0.063581553,,,,,,,,,,,,,,0.404876178,,,,0.289877115,,,,1.837019735,0.726671291,0.947518599,1.538290376,0.428300417,0.25965849,-0.306140515,,-0.054604453,0.53389582,0.301919997,-0.160637803,,,0.19648177,0.214999796,,,,0.189369294,,0.027613649,,,,
1/06/1979,0.795893268,1.368883823,-0.796242824,0.214618801,-0.042568021,1.863672881,,,,,,,,,,,,,,1.073826785,,,,-0.467230907,,,,-0.98343814,0.745772344,-0.35807844,-0.122128488,-0.773497789,0.172100648,0.88668937,,2.200442783,0.33890914,0.289829729,2.103136252,,,0.900619261,1.000595732,,,,0.055871693,,0.008601259,,,,
1/07/1979,-0.421665723,-0.422229618,-0.06203198,0.109008863,-0.07709568,-2.507460799,,,,,,,,,,,,,,0.172012366,,,,-0.66644495,,,,0.462424215,-1.737971237,0.765165663,0.084789061,1.763751857,-0.237556917,-0.71729862,,0.068263928,0.252556334,0.406462618,0.065861518,,,0.049267272,0.27175464,,,,0.144441034,,0.80393938,,,,
1/08/1979,0.320942871,0.615231957,-0.405108952,-0.780105605,-0.143749396,0.539071638,,,,,,,,,,,,,,-0.098090575,,,,-0.281773881,,,,-0.72407144,1.282682262,-0.701797051,-0.337969788,-1.231370683,-0.05516819,0.150917762,,0.93666663,0.314452412,0.084606618,0.977945909,,,0.050125397,0.051915221,,,,0.148097242,,0.462446199,,,,
1/09/1979,-0.251780233,-0.429045277,0.339085466,0.552761107,-0.026667887,-0.07076553,,,,,,,,,,,,,,-0.146081613,,,,0.105567882,,,,1.691255095,-1.597381448,0.367991064,0.790273151,-0.079286664,1.683563366,0.808376584,,1.205399934,0.433144346,0.049914217,1.271532305,,,0.076416897,0.049221988,,,,0.062069949,,7.458725241,,,,
1/10/1979,1.003386423,0.870115428,0.655449175,0.728050575,-0.006427706,0.178071292,,,,,,,,,,,,,,-0.305203936,,,,-0.040167371,,,,2.409613438,1.668566135,-0.163790373,0.203763071,-0.742774516,-1.26667076,-1.384859726,,0.270436986,0.220932647,0.475502246,0.218259543,,,0.019069269,0.049203993,,,,0.193052495,,-1.628503432,,,,
1/11/1979,0.750142254,0.759200641,0.294628452,-1.681460915,0.161079166,0.19076219,,,,,,,,,,,,,,0.241371009,,,,0.053024981,,,,0.004011016,1.060805978,0.599724353,0.28259656,1.236038302,0.419561063,3.227570704,,1.280726646,0.386297866,-0.434111956,1.52412346,,,0.043943365,0.077373974,,,,-0.02563997,,0.240753177,,,,
1/12/1979,-0.208561069,-0.043363436,-0.319860819,0.363669427,0.118543746,0.114286934,,,,,,,,,,,,,,0.156923243,,,,0.062824201,,,,-1.136591322,-0.24747062,-1.554538175,-2.040977283,-1.332552082,1.469707016,-2.290541399,,0.335364405,0.256239352,-0.547831617,0.43751361,,,0.100428258,0.046498763,,,,-0.069842769,,1.339327159,,,,
1/01/1980,0.449971276,0.053948172,0.980749276,0.116085558,-0.046831797,0.173444782,,,,,,,,,,,,,,0.971649394,,,,-0.080906701,,,,0.323661678,2.550746266,1.43437209,1.566477421,1.621879823,-0.652913498,0.48991552,,0.283385659,0.164212402,1.025314937,0.060584271,,,1.177552599,1.215939574,,,,0.015799848,,4.08057946,,,,
1/02/1980,0.317355561,0.919342563,-0.991866848,-0.744755878,-0.091581368,-0.24066913,,,,,,,,,,,,,,1.508710782,,,,0.148423735,,,,0.585315701,-2.685231726,0.06659511,1.255515128,-1.515813428,-0.166934009,0.446927538,,1.208570586,-0.137986855,1.170458941,1.174023123,,,1.403450552,0.35988934,,,,0.195724614,,0.323557757,,,,
1/03/1980,0.08915747,0.269873555,-0.250105465,-0.318634714,0.089160409,0.011981659,,,,,,,,,,,,,,1.788470727,,,,0.22527243,,,,-0.803787821,0.266778659,0.582948325,0.663354068,0.705064048,0.017293959,-0.729388268,,0.640522373,-0.535428295,0.247556497,0.677781257,,,0.899154482,2.106019909,,,,0.466055768,,-2.232502148,,,,
1/04/1980,0.16458054,0.13659483,0.178767329,0.868921336,-0.125819725,-0.06725665,,,,,,,,,,,,,,2.004623478,,,,-0.096637497,,,,-0.747330049,-2.055478198,-0.127708198,0.334933099,-0.902488233,0.400588888,-0.624075315,,0.495354963,4.898725518,0.026149135,-0.456488471,,,0.764693175,1.739655034,,,,0.116152653,,-1.729307645,,,,
1/05/1980,0.471359365,1.683938262,-2.15859508,0.642308722,-0.070979077,0.369286515,,,,,,,,,,,,,,2.635049307,,,,0.100551924,,,,-1.755910503,2.779944657,-0.441129149,-0.818607035,-0.012444161,0.5934156,0.105169462,,0.879100814,0.479732562,0.433737848,0.906385196,,,1.054760058,0.230476273,,,,0.206099759,,0.962868046,,,,
1/06/1980,-0.060456894,-1.116011672,2.132494868,0.372919646,0.133433365,2.983747307,,,,,,,,,,,,,,2.28538103,,,,0.299910437,,,,3.508268992,-0.264343728,0.375137547,0.447962311,0.447037603,-0.001254959,0.695119493,,-0.049044535,-0.144937093,0.396504587,-0.337815661,,,0.006543005,0.006787459,,,,0.165629992,,2.00858284,,,,
1/07/1980,0.843350508,0.31053414,1.36136965,-1.200532616,-0.112260841,-2.406542079,,,,,,,,,,,,,,2.303454409,,,,-0.03044888,,,,-1.61610808,1.778556422,-0.441708195,-0.666907646,-0.256076003,0.031184959,0.29262942,,1.195280646,0.484003639,0.40207981,1.309202696,,,0.067165743,0.13707755,,,,0.291218733,,0.256963704,,,,
1/08/1980,-0.021590305,0.318130239,-0.587027328,0.490429734,0.166052858,-0.310904207,,,,,,,,,,,,,,2.687187467,,,,0.254928275,,,,-2.580120515,-0.863238729,1.030562953,1.53406491,0.696203228,0.742117244,0.11833168,,0.361540678,0.34239982,0.601857344,0.162681285,,,0.06761081,0.200821689,,,,0.205793968,,-0.679733779,,,,
1/09/1980,-0.256665791,-0.694370793,0.816095999,-0.17296427,-0.001454627,0.25104409,,,,,,,,,,,,,,2.846635652,,,,0.539817342,,,,1.029676535,0.69961876,-0.706190907,-0.880271139,-0.707313093,-0.211144321,-0.247066354,,0.106440869,0.028057259,0.628075058,0.011439676,,,0.093510451,-0.052882511,,,,0.077209548,,1.114960326,,,,
1/10/1980,-0.774888485,-0.208279347,-1.260005626,-0.421549078,-0.176729547,0.17809428,,,,,,,,,,,,,,3.09279876,,,,0.987056996,,,,0.237498537,0.552438453,0.631863161,0.810779683,0.63108482,0.533685083,0.117467714,,1.33104658,0.55644081,0.991734372,1.20747557,,,0.321938668,0.454528895,,,,0.257648564,,0.186769418,,,,
1/11/1980,0.470020856,-0.141016449,1.372206526,-1.010668933,-0.107086304,-0.474164227,,,,,,,,,,,,,,2.05576889,,,,0.720683502,,,,0.514235926,-2.204916937,-0.090558838,0.334757836,-0.784748332,-0.575022041,-0.356402018,,0.67763826,0.703415545,1.288049404,0.387883444,,,1.602143965,1.723324422,,,,0.348972347,,-0.368145355,,,,
1/12/1980,0.524026133,1.07119451,-0.7952682,0.983762788,-0.229106617,-0.002144872,,,,,,,,,,,,,,3.063188291,,,,1.029775852,,,,-0.849075066,1.368395607,-0.013939162,0.026899797,-0.061941464,0.358020173,-0.068200245,,0.821899763,0.295564837,1.204426615,0.627374484,,,0.928562094,0.65493556,,,,0.216863172,,-2.176916311,,,,
1/01/1981,-0.139084996,0.377320377,-0.956373889,-0.670565788,0.074743996,-0.332493768,,,,,,,,,,,,,,3.015930575,,,,1.174278625,,,,1.408619539,-2.981880707,0.476068631,0.596182514,0.535956795,-0.109980812,-0.054558378,,1.198233968,0.343839451,0.592856217,1.134877445,,,1.16514186,1.676673018,,,,0.252197278,,0.213239677,,,,
1/02/1981,0.258256702,0.189696434,0.288803738,-1.488211111,-0.137804662,0.332260678,,,,,,,,,,,,,,3.286169869,,,,1.261290535,,,,-1.705747063,3.018014643,-0.565337268,-0.527300244,-0.896918339,1.552716693,0.488987187,,0.346113627,0.285344333,0.524256011,0.187076064,,,0.094035984,0.101538809,,,,0.380692481,,-1.265486988,,,,
1/03/1981,-0.189080148,-0.582911685,0.751415928,0.622432034,0.053212289,-0.193562878,,,,,,,,,,,,,,4.733858281,,,,1.182840028,,,,-0.765501969,1.30614936,0.404949223,0.424309719,0.604950067,0.155975648,-0.048034786,,1.004387152,0.001572159,0.685702294,0.825953045,,,0.095182596,0.102650279,,,,0.343184782,,0.435128643,,,,
1/04/1981,0.685446074,1.510808952,-1.267976031,-0.958332593,-0.197267343,1.401181397,,,,,,,,,,,,,,3.234450946,,,,0.759633204,,,,1.833878751,-0.408148964,0.230334976,0.471898605,-0.038682243,0.266704938,0.223762902,,1.214329646,-1.063107376,1.623311116,1.618269213,,,0.098177697,0.105165063,,,,0.390329133,,-0.930533577,,,,
1/05/1981,-0.305033327,-0.892550781,1.08741306,0.142848427,-0.016994607,-1.301118422,,,,,,,,,,,,,,5.524979789,,,,0.334203353,,,,-0.603399445,-2.24677707,-0.552019211,-1.271984155,0.364057833,-1.880296004,0.571127847,,1.641250767,-0.747983588,1.584660184,1.759068145,,,0.093920961,0.099272407,,,,0.630698246,,-0.567799657,,,,
1/06/1981,0.247902078,0.558387154,-0.427050317,-1.091204359,-0.284807612,0.125958331,,,,,,,,,,,,,,4.212247151,,,,0.23787687,,,,-0.204916388,2.6971376,0.874999988,0.871700917,1.151860634,1.509105779,-0.580084351,,0.869869791,1.022906813,1.647723741,0.202319872,,,0.089858302,0.094439203,,,,0.947480891,,0.23412479,,,,
1/07/1981,-0.416540798,-0.061683795,-0.724185152,2.22028717,0.419319182,0.08278937,,,,,,,,,,,,,,3.248763792,,,,-0.265255444,,,,-2.559051584,0.014040113,-0.973150966,-0.837136758,-1.468018413,-0.366752968,0.760735976,,1.448351466,0.679984083,1.603268022,1.265504805,,,1.934524662,2.62873458,,,,0.615376146,,-1.21690186,,,,
1/08/1981,0.243745285,0.239982351,0.172696404,0.061071382,-0.396985326,-0.471892619,,,,,,,,,,,,,,2.921157182,,,,-0.496001895,,,,1.951891987,-1.294976187,0.290094842,0.789478243,-0.385997668,0.931913499,-0.921040656,,0.787379846,-1.030953854,1.601487039,0.746312456,,,3.642862301,3.586918914,,,,0.181272002,,-0.747042217,,,,
1/09/1981,0.594250771,0.60153728,0.264562159,-0.18828685,-0.015937679,1.030081861,,,,,,,,,,,,,,2.699152082,,,,-0.251868372,,,,-0.27813171,-0.693307268,-0.214954935,-0.837229358,0.70009269,-0.243513294,3.099900396,,0.673758828,-0.87397795,1.291640168,0.733325942,,,0.112506771,0.121913208,,,,-0.140260006,,1.682740071,,,,
1/10/1981,-1.440818551,-1.097305639,-1.030968205,0.276745103,0.058873335,-1.18651044,,,,,,,,,,,,,,2.426584517,,,,-0.007591836,,,,-1.926883924,3.337773874,-0.169297444,-0.305277962,-0.018988801,-1.485264355,-3.082020002,,0.838795898,-1.177299531,1.299195676,1.023986858,,,0.117380333,0.124331707,,,,-0.212030186,,-0.407855902,,,,
1/11/1981,-0.818504489,-0.350048685,-1.067956183,0.579215572,0.003533499,-0.860552667,,,,,,,,,,,,,,3.743909822,,,,0.011302765,,,,0.458486482,-1.874673736,-0.581496712,-0.416476571,-1.078781069,2.80842226,-1.650077605,,0.466139115,-1.398075746,0.948208828,0.75785196,,,0.120497777,0.126583531,,,,-0.62828675,,-0.055735741,,,,
1/12/1981,0.146692783,1.002349199,-1.502217193,0.13960146,0.141822556,0.999210112,,,,,,,,,,,,,,3.725685782,,,,-0.2441688,,,,-0.545180333,-1.469051132,-0.941761493,-1.368064384,-0.701494344,-1.578935562,3.065479971,,1.214815291,-1.164524753,1.126816393,1.500377398,,,-0.164844852,0.125922154,,,,-0.195168942,,-0.248049847,,,,
1/01/1982,1.055542312,0.674254727,1.165055717,-0.23794398,0.087678854,-0.382758947,,,,,,,,,,,,,,3.683918041,,,,-0.674651025,,,,1.074281239,2.429403243,0.601305085,0.395821509,1.238795321,-0.881250295,-0.88121085,,1.791507361,-1.259337693,1.205281155,2.005345975,,,0.397188418,0.121183187,,,,-0.073613225,,0.110219078,,,,
1/02/1982,-0.983928912,-0.878633753,-0.431205342,1.588361365,-0.240311866,0.052057367,,,,,,,,,,,,,,2.991225691,,,,-0.540506283,,,,1.517780259,1.115025182,-1.032879123,-1.164212519,-1.287515401,0.576658501,0.163329488,,0.729895618,-1.125627362,0.999521992,0.84784044,,,0.397377594,0.437345501,,,,-0.283472131,,0.316221035,,,,
1/03/1982,-0.605879453,-0.802282884,0.267227128,0.067819935,0.089821657,-0.197070204,,,,,,,,,,,,,,3.06306312,,,,-0.579294018,,,,0.366646466,0.809056102,-0.13640832,-0.47425535,0.373080375,0.143990244,0.231736864,,0.837408601,-1.414739114,0.376017527,1.065069926,,,0.395959716,0.279156633,,,,-0.081034853,,-1.570857455,,,,
1/04/1982,0.105518977,-0.212109514,0.715866799,0.050685844,0.12266335,-0.590426202,,,,,,,,,,,,,,3.506681696,,,,-0.43531965,,,,-0.640569908,-0.469389602,-0.353029693,-0.662575479,-0.004761404,-0.437132002,-1.220818793,,1.855945687,-0.879592463,0.440840187,2.396461461,,,0.392815653,0.275022909,,,,-0.170258817,,-0.067522529,,,,
1/05/1982,-1.188952209,-0.931431879,-0.782056655,1.280290137,0.197035887,-0.410467434,,,,,,,,,,,,,,3.155809665,,,,-0.492226671,-0.176130371,,,2.109398842,-1.464069458,-0.996911157,-1.537579134,-0.557032758,-0.812585782,0.549438421,,-0.605861511,-1.178588332,0.630652475,-0.437779134,,,3.23381841,3.918043853,,,,-0.002857838,,-0.071626366,,,,
1/06/1982,-0.793063853,-0.70800102,-0.335900337,0.860233494,-0.14959466,-0.511574118,,,,,,,,,,,,,,4.735058386,,,,-0.548880796,0.23800153,,,-2.36217393,-0.293721348,-0.868072867,-1.542255681,-0.16700222,0.255651299,0.702064799,,-0.162498959,-0.945861189,0.763102399,-0.094927366,,,0.123481222,0.134400871,,,,0.161972892,,-0.76050699,,,,
1/07/1982,-0.377321656,-0.841421709,0.82347102,0.596752751,0.206446986,-0.16248168,,,,,,,,,,,,,,-3.091025188,,,,-1.63212988,-0.45546734,,,1.529614491,0.615117307,1.052269217,1.185587314,1.217486923,-0.319899297,-0.943024557,,0.647047564,-0.885356345,0.552150818,0.986233351,,,0.125015315,0.137140224,,,,-0.817376301,,0.280043884,,,,
1/08/1982,-0.498293996,-1.029247849,0.883184202,0.636085287,0.31427551,-0.554596025,,,,,,,,,,,,,,-0.576437425,,,,-1.259897307,0.137825619,,,-2.649067995,-1.273695775,-1.331470755,-2.769350472,0.150842411,0.196728431,-0.338249466,,0.262535918,-1.923122993,0.541876337,0.567129102,,,0.695456656,0.455801117,,,,-0.794728545,,0.217385252,,,,
1/09/1982,-0.93524879,-0.522565463,-0.974183863,2.077190303,-0.052217991,-0.49136435,,,,,,,,,,,,,,-1.453635393,,,,-1.430878101,-0.340303622,,,1.731806521,-1.544075193,-0.336874852,-0.580107859,-0.096576724,-0.786192281,-0.349719399,,0.093259996,-1.748805235,0.6158625,0.463218774,,,-3.842565304,-3.974027716,,,,-0.056452279,,1.040169678,,,,
1/10/1982,-0.297480204,-1.607530577,2.314585791,4.298608846,0.884784877,0.475996156,,,,,,,,,,,,,,-0.845326818,,,,-1.602897947,-0.091132641,,,0.150264054,2.264659956,-0.611414129,-0.141198146,-1.310713478,-0.363451799,0.228059197,,-0.502859401,-1.482149347,0.014250039,-0.098336525,,,-1.727641836,-1.929762084,,,,0.121934505,,0.250665171,,,,
1/11/1982,-2.507543351,-1.702877404,-2.164575799,1.942965188,0.314256827,-1.536836912,,,,,,,,,,,,,,-1.384491232,,,,-2.085437507,0.596576258,,,-0.759286404,-2.100313688,0.308606838,0.34268297,0.379646624,0.024741262,-0.484490114,,-0.406138966,-1.530663258,0.468261918,-0.063598303,,,0.251216427,0.275681,,,,-0.103278264,,-0.000192367,,,,
1/12/1982,-2.271533665,-3.36950886,1.249480632,3.621626753,-0.298727202,-1.039656166,,,,,,,,,,,,,,-0.922997003,,,,-1.550307066,-0.351720196,,,0.487915601,0.012376003,0.14552766,-0.123854304,0.519164268,0.468663342,0.65693545,,-1.351042774,-1.772285426,0.416789782,-0.900913088,,,-1.591369518,-1.780166955,,,,0.028303438,,-0.577282041,,,,
1/01/1983,-0.425813872,-0.212842663,-0.438253051,-0.438413613,-0.351746812,-0.849498218,,,,,,,,,,,,,,-0.890744598,,,,-1.199954895,0.405881727,,,-3.136684774,-1.918837306,0.485419132,-0.046962542,1.101967531,-0.69184465,0.081927902,,-0.139256364,-1.658239198,0.186747512,0.171543575,,,-3.868667778,-3.053544749,,,,0.163612102,,0.154990725,,,,
1/02/1983,-0.598680139,-0.897948219,0.385643382,1.836289607,0.1627272,-0.088493508,,,,,,,,,,,,,,-0.58425856,,,,-0.596927806,1.668019452,,,0.776422376,0.514625943,1.798657889,1.305359385,2.087006948,-0.332756941,1.633073912,,1.937047689,-1.280046206,1.316987914,2.092679048,,,2.362561486,2.002200035,,,,-0.468902814,,0.67624195,,,,
1/03/1983,-1.676670321,-1.333767029,-1.068500308,1.521215539,0.245223791,0.067608121,,,,,,,,,,,,,,-0.730927478,,,,-0.176329458,-0.290801822,,,0.724505805,1.102757047,-0.812824155,0.174226309,-1.539426277,0.29258722,-2.138086231,,0.881107149,-0.32296918,1.305561335,0.681746617,,,2.941849399,2.644952763,,,,-2.902206861,,1.54228752,,,,
1/04/1983,-1.279651216,0.050478654,-2.656565807,1.072784486,-0.519567619,-0.982219471,,,,,,,,,,,,,,-0.9431026,,,,-0.016630405,0.647510138,,,0.935001963,-0.793130329,0.661292037,0.296952761,0.949397297,-0.109511601,0.024086329,,-1.290526448,-0.550438341,0.971689935,-1.169165018,,,-2.442400382,-0.829669818,,,,0.099985241,,0.547494318,,,,
1/05/1983,0.77515503,0.688229587,0.483483306,0.927519605,0.660702136,0.093549087,,,,,,,,,,,,,,-0.493048875,,,,-0.199542265,-1.752170652,,,-0.426950646,-1.107277067,0.246588375,1.810119119,-1.164711396,0.371155573,0.636466508,,-0.706252976,-1.466487164,0.692270483,-0.562256982,,,-1.886528234,-3.051579204,,,,0.72646176,,-0.072843036,,,,
1/06/1983,-0.117576775,-0.101621499,0.008169165,-0.509520234,-0.142069043,0.148417711,,,,,,,,,,,,,,-1.015589572,,,,-0.383465262,0.396878725,,,-0.651386122,1.329912981,-0.515734769,0.024783303,-1.224178818,-0.017436365,-0.26419902,,-0.746189654,-1.192550653,0.300417616,-0.406853301,,,4.354437514,5.173875156,,,,0.094060002,,-0.217088453,,,,
1/07/1983,-0.214596446,0.248525909,-0.803957143,1.558196536,-0.30995358,0.072120905,,,,,,,,,,,,,,-1.643214076,,,,-0.120465351,0.16799805,,,0.138749629,-0.040553679,0.342308106,-0.763008275,1.606730724,0.737868451,0.120893969,,-1.348724171,-0.914821032,0.838988762,-1.189401583,,,0.116025694,0.447316363,,,,0.56592639,,-0.273002107,,,,
1/08/1983,-0.134101974,-0.238123798,0.212978728,-1.297744879,-0.119716884,0.622160657,,,,,,,,,,,,,,-0.851725902,,,,0.086578877,0.812638294,,,-0.12284123,-0.393494715,1.049725802,0.757138247,1.259278046,-0.506720464,0.734900375,,-0.798115475,-0.808176145,0.384888218,-0.735489927,,,0.395219127,-0.190459086,,,,0.423475287,,0.205346985,,,,
1/09/1983,0.886342422,2.454254396,-2.424134271,0.67428422,-0.123319316,0.034722751,,,,,,,,,,,,,,-0.421956164,,,,0.334545424,-0.23313906,,,1.222642592,-0.481180998,0.438754675,1.754134195,-0.699013018,0.505947457,-0.128232205,,-0.789637877,-0.285717212,0.989259471,-0.911694241,,,-2.446896127,-1.620816032,,,,0.423966186,,-0.675670361,,,,
1/10/1983,-0.387437424,-1.132479669,1.28796445,-1.534040927,-0.436104403,0.352705239,,,,,,,,,,,,,,-0.318649192,,,,0.582908536,-0.009819273,,,0.092223676,0.821296992,0.692407053,0.556723732,0.807485047,-0.082828206,0.240294184,,-1.367757973,-0.949093423,0.620216059,-1.244207882,,,-3.168483308,-2.261347264,,,,0.645930503,,-0.771739083,,,,
1/11/1983,0.99796172,0.675927204,0.966844929,-1.660376487,-0.077735126,0.833814597,,,,,,,,,,,,,,-0.724209969,,,,1.171838554,-0.161222303,,,0.262500783,-1.05770975,-0.691416142,-0.324520833,-1.015048976,0.581736928,-0.711889239,,1.078905082,-0.918831747,1.507753793,1.122030159,,,-1.196387499,-0.530603736,,,,0.182069862,,-0.851203188,,,,
1/12/1983,0.537479057,0.265370777,0.718754715,-0.888879816,-0.487477004,-0.150826381,,,,,,,,,,,,,,-0.601482022,,,,1.67205307,0.183726321,,,1.194710277,1.103775428,1.106013427,2.127235879,0.145825291,0.023884008,-0.235710783,,1.224655794,-0.535984356,1.048439175,1.461617017,,,2.62731885,1.046805207,,,,-0.368343652,,0.141567336,,,,
1/01/1984,-0.446071964,-0.309149864,-0.315567238,0.278727467,0.317062687,0.855315028,,,,,,,,,,,,,,-0.483346904,,,,1.970014192,-0.004212437,,,-1.461792029,0.626951328,-0.892472244,-1.951357351,0.116007685,-1.245574217,0.305849404,,0.043522608,-0.470823098,1.278861976,-0.164598138,,,0.367876385,0.102173486,,,,1.125496087,,-0.170349085,,,,
1/02/1984,0.151505057,0.170503288,0.081296311,-0.475467257,-0.114706136,-1.253940032,,,,,,,,,,,,,,-0.306873974,,,,1.86753616,-0.004046621,,,-0.434948745,0.129503726,1.171555563,1.188053614,1.129961899,1.440051231,0.160418362,,-0.325149535,-0.432132215,1.151878405,-0.468570802,,,0.795817716,1.686473313,,,,0.351413715,,-0.833766687,,,,
1/03/1984,1.685382834,1.781697389,0.45340016,-0.798687576,0.03711812,0.899840534,,,,,,,,,,,,,,-0.410021971,,,,1.852392569,0.226334204,,,0.773558531,1.564894412,0.366198175,0.267352119,0.414732998,1.055877689,0.634801862,,1.489801286,-0.288719863,0.840671626,1.504357003,,,0.37374719,0.427287764,,,,-0.540478512,,0.087303443,,,,
1/04/1984,-0.153492008,-0.629699168,0.830704462,0.882104781,0.154658025,1.123568195,,,,,,,,,,,,,,-0.156326705,,,,1.838317653,-0.343183813,,,-0.8112227,-3.25098862,0.01206945,0.89469864,-0.711645882,-1.001941244,0.171203461,,1.261739876,-0.078322955,2.420062731,1.077360063,,,-0.615855235,-0.518816048,,,,-0.094498183,,-0.105800787,,,,
1/05/1984,0.553131904,0.646109339,0.086525966,-2.067353997,-0.207273461,-0.124538192,,,,,,,,,,,,,,-0.54356026,,,,1.612947146,0.032679692,,,1.298222414,3.947116028,0.514688207,-0.314383003,1.142226577,0.931186744,0.111704782,,-0.545719453,0.694845776,1.540768499,-1.06679815,,,0.655618523,0.898624589,,,,-0.409874543,,0.218275697,,,,
1/06/1984,0.43550156,0.83293371,-0.470491822,0.857470378,-0.177450744,-0.271899885,,,,,,,,,,,,,,-0.421894791,,,,1.38699381,-0.748809239,,,1.101659494,0.126073084,-1.154136006,-0.781380051,-1.356057134,-0.238627986,-0.629836688,,2.891265352,-1.017588936,-0.657221306,3.731198864,,,-0.621243686,-1.158737,,,,-1.068237152,,0.332376396,,,,
1/07/1984,-0.079112062,-0.499949348,0.75282118,-0.880155525,0.078446616,-0.064763564,,,,,,,,,,,,,,-0.389051688,,,,1.499118334,1.545557884,,,1.283263389,2.361062253,0.515757763,0.426684896,0.571532523,-1.382195008,0.837208174,,0.39121687,-4.007542246,0.679463543,1.334302406,,,-0.480481257,-1.795949034,,,,-0.190672758,,0.204053147,,,,
1/08/1984,-0.453075403,0.422986911,-1.579214921,-0.290125912,-0.297029524,0.231324394,,,,,,,,,,,,,,0.176859619,,,,1.623450271,-1.15553418,,,-0.280779,-1.711322519,0.347075071,0.555113614,0.159266192,0.424430583,-0.932904749,,3.269364008,2.564362497,1.142652419,2.759379906,,,-1.618583547,-1.010406368,,,,0.699141525,,-0.193874153,,,,
1/09/1984,0.721222515,-0.542245025,2.4345339,-0.39846913,0.133491085,-0.312048692,,,,,,,,,,,,,,0.632207858,,,,1.601775969,0.071406347,,,0.061879002,1.602542379,-1.189138683,-1.539808421,-0.833123751,0.670064964,-0.30561577,,2.013127993,0.71754284,1.065147905,1.792498728,,,1.356838198,1.045364417,,,,0.137623025,,-0.085199572,,,,
1/10/1984,-0.508687106,0.041878915,-1.027234536,-0.124266988,-0.014599691,0.011651147,,,,,,,,,,,,,,0.055573559,,,,1.579890139,0.408029155,,,-1.306936029,-2.148968802,0.502527674,0.169996503,0.743425888,0.3547341,1.026207719,,2.025049971,0.505938814,1.672174465,1.821365619,,,0.796112413,0.418161962,,,,0.823902551,,-0.17167861,,,,
1/11/1984,0.172404444,0.906568909,-1.123716935,-0.008110326,-0.220849125,-0.302463955,,,,,,,,,,,,,,-0.610957309,,,,1.434901273,0.270899828,,,0.938361788,0.992104111,0.368375637,-0.048241231,0.623805601,0.806863063,1.331679832,,1.425325574,0.594740752,0.482152589,1.368294297,,,0.515588062,0.261266768,,,,0.718144416,,-0.265716235,,,,
1/12/1984,-0.25142658,0.182076274,-0.758441553,-0.713371617,-0.483431333,0.381430849,,,,,,,,,,,,,,-0.697149545,,,,1.288854507,-0.114477125,,,-1.431726767,-0.856165595,-0.267703372,-0.120746951,-0.332657397,-0.164590721,-0.408553816,,1.120865671,0.767479722,1.598382085,0.958393262,,,0.375348934,0.578655275,,,,-0.953343484,,-0.239571839,,,,
1/01/1985,-0.044682674,-0.237373917,0.380019139,0.222142404,0.37009521,-0.070527,,,,,,,,,,,,,,-0.31148255,,,,1.102372846,0.226952608,,,0.373867698,0.776157177,-0.028377534,0.379815519,-0.326151407,-0.755532306,-0.73792807,,1.355115918,0.87754695,0.956399077,1.010687636,,,-0.473236236,-0.842341354,,,,-0.190909154,,0.375212656,,,,
1/02/1985,1.888312679,1.090917361,2.025990933,-0.723903971,0.170358323,0.018668816,,,,,,,,,,,,,,-0.659284744,,,,1.107204041,0.207752027,,0.008144435,1.420622226,-0.085719338,-0.086335153,-0.321522693,0.102541797,0.980424827,0.561570641,,1.023073704,0.436219271,0.855208754,0.886375094,,,1.510131076,2.002505632,,,,-4.107349267,,2.223763556,,,0.890636783,
1/03/1985,-1.286226163,-0.052782504,-2.444197881,1.432775276,-0.538478203,-0.126316801,,,,,,,,,,,,,,-0.628961104,,,,0.894145836,0.055349825,,0.147384661,2.497999493,-0.581633471,0.429161828,0.785523835,0.118767516,-0.212587166,0.441058737,,1.360858834,0.333025932,1.111792468,1.191865311,,,0.662412421,0.426268354,,,,-1.61615001,,1.760920833,,,1.625520253,
1/04/1985,-0.049864632,-0.667681822,1.094772159,-1.223151038,-0.033055203,-0.151990604,,,,,,,,,,,,,,-0.682858012,,,,-0.044234142,0.629714341,,-0.325583114,-0.575509565,2.506584484,1.064226763,1.941135743,0.292268574,-0.175342305,-0.29468997,,0.936137952,0.400610336,1.366988182,0.862494939,,,0.662125099,0.582579586,,,,-2.783967817,,1.323878753,,,-2.696178878,
1/05/1985,0.879419376,0.705204824,0.639922263,-0.070073443,-0.339089079,0.985564301,,,,,,,,,,,,,,-0.424283251,,,,-0.107496842,1.013021096,,0.475975064,1.118612595,0.972567115,-1.506250219,-2.179200572,-0.855525786,0.147911788,-0.271687686,,1.949409219,0.99622171,1.766492505,1.445149749,,,-0.46904218,-0.363187012,,,,0.347119605,,-0.789280132,,,4.301244135,
1/06/1985,0.117476568,0.198247179,-0.035750124,1.031262419,-0.048933637,-0.317635518,,,,,,,,,,,,,,-0.46878496,,,,-0.174162453,-0.326280173,,-0.074273531,-0.523630938,0.436006222,0.358320284,-0.05532965,0.650033348,0.007889338,0.691996856,,1.819849035,0.096430705,2.041166437,1.777849186,,,-0.611039401,-0.837799504,,,,0.118796903,,-0.246551338,,,-0.604339573,
1/07/1985,0.48390985,0.37844076,0.391633555,-1.297112288,0.158485125,0.144005759,,,,,,,,,,,,,,-0.581503819,,,,0.050120196,0.654243129,,-0.836827823,0.077791714,0.108222838,-0.55237582,0.012700994,-0.956143956,0.317578223,-0.521126093,,1.84569008,0.744265754,2.409428246,1.418827727,,,-0.044819415,-0.206395531,,,,1.956879137,,-1.2273185,,,-0.755135008,
1/08/1985,1.125997649,1.41292704,-0.046570853,-0.608723096,0.051007626,0.540146538,,,,,,,,,,,,,,-0.121082456,,,,0.605232633,-0.226158731,,0.451460323,-0.948108705,-0.298530281,0.641659959,-0.021810076,1.106062216,-0.372895902,1.091840095,,1.49687438,0.869747658,0.043534704,1.57427035,,,2.083498584,1.85024215,,,,-1.151226646,,-0.547340536,,,-0.279828005,
1/09/1985,1.182145423,1.064398948,0.644554981,-0.420814557,-0.198797074,0.168295571,,,,,,,,,,,,,,-0.295807949,,,,0.639007114,0.543469444,,0.419333696,-1.317872952,-0.199917623,-0.890559364,-0.646951418,-0.987093347,0.250968411,-0.318592848,,2.228663511,-0.086048471,1.04370526,2.138859447,,,-0.179492846,-0.359844346,,,,-0.902105609,,0.686751786,,,0.863756768,
1/10/1985,-0.935867297,-1.416373975,0.53887685,-0.967856483,0.182075757,-0.039486394,,,,,,,,,,,,,,-0.656087562,,,,0.679153016,0.53275191,,-0.395421089,0.9486579,-0.274224093,1.140226649,0.746736988,1.304056364,0.548453644,-0.460712072,,1.765208384,0.396339575,1.309600715,1.62999227,,,2.517049429,2.48899146,,,,-0.814217898,,-0.513652275,,,0.053963961,
1/11/1985,3.095419364,2.851407452,1.474461908,0.559646857,-0.040844978,0.946906641,,,,,,,,,,,,,,-0.01218447,,,,-0.466170656,0.23848307,,0.146436507,-0.244580356,0.211979807,-1.809594493,-2.678632157,-0.945942443,-0.438177688,0.569301608,,2.00413275,0.682980807,0.371490643,1.94885001,,,1.388804691,1.704291698,,,,-1.501384693,,1.105375665,,,-0.647727829,
1/12/1985,-1.512223691,-0.480693825,-2.127437657,-0.754668167,-0.391796999,-0.094370777,,,,,,,,,,,,,,-0.442261865,,,,0.239164711,0.269061947,,0.049661725,1.139871615,1.458844559,-0.600655222,-0.365815632,-0.708617804,0.148506871,-1.016539581,,0.678474116,-0.420354467,0.238246477,1.009278559,,,0.116254783,-0.506540803,,,,-0.129645611,,-0.076282963,,,-0.688497115,
1/01/1986,1.304069266,1.404900181,0.322788626,0.157065526,0.266306232,1.125978673,,,,,,,,,,,,,,-0.247962303,,,,0.245218717,-0.493899363,,0.092534146,-1.85790617,-1.018036711,0.175770282,0.641840824,-0.213013279,0.104593223,0.672063736,,0.411843426,-0.875074177,-0.345997847,0.709364313,,,-2.438855477,-2.249913319,,,,1.203790375,,-0.644254779,,,3.873400918,
1/02/1986,0.378260334,0.775823352,-0.476694193,1.030799848,0.310578147,-0.688439595,,,,,,,,,,,,,,-0.496832358,,,,0.392433258,-0.06544877,,-0.079092606,0.573487198,-1.996388536,-1.172964964,-1.20054924,-1.140347872,-0.676804789,-0.910926932,,2.089639008,-0.445151531,0.74836809,2.187094235,,,-1.027827696,-1.14943899,,,,-1.767577393,,-1.131423569,,,-2.140817238,
1/03/1986,0.006821044,-0.87193213,1.501584719,-0.311441663,-0.01335228,0.602141844,,,,,,,,,,,,,,-0.70268987,,,,0.307362184,-0.955369161,,0.097253766,-1.131570462,1.597980282,-0.525279457,-1.379131981,0.261088602,-0.430426128,-0.722721489,,0.729311071,-1.11165222,-0.005282952,1.075455076,,,-2.736944024,-3.372590327,,,,0.794836288,,-0.14219226,,,-0.745111212,
1/04/1986,1.978999309,0.33300433,3.322720447,-0.063438187,0.564457022,0.494455042,,,,,,,,,,,,,,-0.284535953,,,,-0.482634669,1.334776823,,-0.088618102,-0.121925966,-0.332074965,-0.223522545,-0.539987325,0.0584015,0.720793409,2.858757234,,1.653315877,-2.047779423,0.622994118,2.127192074,,,-1.329765532,-1.012696934,,,,0.183405369,,-0.739433535,,,1.474202978,
1/05/1986,-0.576641578,-0.159590225,-0.794013051,-0.216729463,-0.343144266,-1.552159368,,,,,,,,,,,,,,-0.148691126,,,,-0.446457952,1.57016818,,0.278293784,-0.170726591,-1.962645212,-0.625746356,-0.527408,-0.701377684,-0.610671366,-2.17657859,,0.716238951,-1.167650417,-1.009027141,1.202759089,,,0.790896059,1.354862195,,,,-0.431064261,,-0.363250273,,,-1.192992106,
1/06/1986,1.022388768,1.129396316,0.218904813,-0.885539894,0.342520096,1.5620332,,,,,,,,,,,,,,0.073492623,,,,-0.742781292,-0.962768499,,-0.10446523,-0.58363271,-0.181404915,1.598329389,1.242053464,1.787935522,-0.010151718,2.425517022,,0.434817458,-1.151428304,-0.419289904,1.057523762,,,0.507772193,1.041183607,,,,-2.812240829,,0.116263612,,,-0.118601321,
1/07/1986,-0.965090528,-1.690296658,0.853737246,2.34076393,-0.149754831,-0.432649746,,,,,,,,,,,,,,0.040721029,,,,-1.80780999,0.11077429,,-0.527323373,1.398684379,0.130665745,0.087383471,-0.852728304,0.690734662,0.260072039,-2.064966507,,3.911971534,-0.96723193,-0.444782152,4.278361275,,,4.484524599,4.054046223,,,,-4.966368737,,1.045323867,,,0.830095692,
1/08/1986,-1.019829243,0.458762054,-2.597086543,0.680548222,-0.104661121,-0.13153773,,,,,,,,,,,,,,-0.297864369,,,,-1.830332789,0.860927849,,0.541747274,1.657065324,0.986539418,-1.391185436,-0.187493809,-2.092136876,-0.07786234,0.719218666,,2.166012612,-0.871592287,-0.20587845,2.478436761,,,0.668223649,-0.206310698,,,,0.708498792,,1.526643825,,,-0.240234542,
1/09/1986,0.48218031,-0.051818575,1.04791476,0.559001194,0.084586099,0.006045264,,,,,,,,,,,,,,-0.232904987,,,,-1.915319302,-0.368727012,,0.098635668,-0.154255249,1.877206464,-0.078938064,-0.082542387,-0.072564065,-0.081991182,-0.918263483,,0.298737503,-0.833895023,-0.118460694,0.506127883,,,-0.322867994,-0.681892929,,,,1.130963225,,-0.013118117,,,-0.735031371,
1/10/1986,0.454526216,0.312991838,0.416712726,-0.064892524,-0.313417839,0.346043132,,,,,,,,,,,,,,0.198497637,,,,-0.93710443,-0.419867517,,-0.259127068,1.068452492,-0.066501134,0.162418465,-0.463494115,0.666581121,0.307567586,0.299564381,,0.887400051,-0.907243799,-0.572707059,1.264354066,,,-1.459212666,-0.682927591,,,,1.449956056,,-0.573110704,,,1.11955202,
1/11/1986,-0.740536183,-0.665154315,-0.315092993,0.122767752,0.480589974,-0.536050435,,,,,,,,,,,,,,0.475357388,,,,-1.306271099,-0.045976144,,0.32064142,-1.934872724,-2.232897306,0.027892136,0.6580061,-0.482335588,-0.317994514,0.295603934,,-0.163750517,-0.959328724,-0.090758331,0.155943635,,,0.378836874,0.104712192,,,,0.180190683,,-0.177948831,,,-2.472305523,
1/12/1986,0.183175064,-0.843362445,1.675525488,0.298557463,0.120804395,0.164050179,,,,,,,,,,,,,,0.668451749,,,,-1.030833323,0.320376763,,-0.045354936,1.720533128,0.794886708,0.268814734,0.284556625,0.244361904,0.023241577,0.336469164,,0.783383952,-1.003095303,-0.424095903,1.25118135,,,-0.18746877,-0.527843739,,,,0.450888186,,-0.644627038,,,1.875213146,
1/01/1987,-0.337924189,0.105058065,-0.741966706,-0.794430984,-0.264753523,-0.762682751,,,,,,,,,,,,,,0.186342187,,,,-1.117801264,-0.018487969,,0.093884608,-1.457488411,-1.266429686,-0.988198338,-1.667895387,-0.370490475,0.561243025,-0.531465303,,0.793485313,-0.301856817,0.03021761,0.960714773,,,2.507934112,1.368495589,,,,-1.547929635,,0.183459061,,,0.150525257,
1/02/1987,0.673317342,0.458982284,0.588375156,0.195596085,0.078142803,0.627557894,,,,,,,,,,,,,,0.538151295,,,,-1.158053423,0.226305688,,-0.002296032,0.502815223,0.673010772,0.374540033,0.597159314,0.170896353,-0.247756876,-0.261634038,,0.985737049,-0.760915194,0.293545416,1.168945731,,,-0.323541474,0.737965352,,,,0.877578706,,0.742049893,,,0.804575608,
1/03/1987,0.098960302,0.077219435,0.104841307,1.186521149,0.024815764,-0.167846914,,,,,,,,,,,,,,1.004063747,,,,-1.247959125,-0.062473145,,-0.194659631,-0.065084909,-1.095061907,0.007809104,0.47846833,-0.389317247,0.946433546,1.041118011,,0.226294567,-1.077698095,-0.584930454,0.605250328,,,-1.886023864,-1.633817002,,,,0.857884002,,-0.195588649,,,-1.51590343,
1/04/1987,0.087615916,0.324747336,-0.290813097,-0.581792939,0.015340216,1.520040408,,,,,,,,,,,,,,1.191271758,,,,-0.924998608,-0.045531462,,0.202708617,-0.100748329,0.092283014,-0.718826444,-1.213270115,-0.267016647,-0.8128829,0.082213037,,2.519369424,-1.089946101,-0.739953101,2.789105661,,,-0.900323872,-1.165054345,,,,-0.637719382,,-0.753544138,,,0.790206082,
1/05/1987,-0.197876357,-0.326363546,0.167422212,-0.417191115,0.175841969,-1.573369979,,,,,,,,,,,,,,0.457012196,,,,-0.838815461,0.21967074,,0.007896868,0.396323243,0.430288386,0.986769937,1.341788315,0.649118189,1.078235325,-1.819039192,,1.444633519,0.856341351,-1.153471838,1.524076395,,,-0.054520758,-0.064130077,,,,0.846938214,,0.211390091,,,-0.507614928,
1/06/1987,0.826536944,0.595115715,0.656544558,-0.863837909,0.181973409,0.922096669,,,,,,,,,,,,,,0.572619237,,,,-0.704232648,0.063871634,,-0.142021478,0.544241704,0.857221863,0.181635931,-0.441656005,0.652626114,-0.399373181,1.572740748,,-1.065702953,-0.037827985,-0.633877929,-0.63310515,,,-0.906504585,-0.540001756,,,,0.502393698,,-0.581120876,,,-0.299234632,
1/07/1987,1.161594429,1.659111574,-0.322129373,0.439507287,-0.114735033,0.625960226,,,,,,,,,,,,,,0.545306052,,,,-0.234598792,0.88324317,,0.10941467,-0.489050673,-0.233629729,0.35702538,1.313303046,-0.415074305,0.697062616,0.041394993,,1.872181009,-0.505120066,-1.871191139,2.32645532,,,-0.203917494,0.562097288,,,,-0.897004556,,0.331036145,,,1.498993516,
1/08/1987,-1.115544729,-2.090622315,1.116191922,0.187348093,0.254376088,-1.06925481,,,,,,,,,,,,,,0.757950223,,,,-0.466841582,0.007231924,,0.102224482,1.068566987,-0.951429517,0.226409462,0.138805854,0.284297179,0.027382937,1.081038055,,1.606141116,-0.982769221,1.493998684,1.590926291,,,-0.488664813,0.089737455,,,,-0.101429344,,1.033529903,,,-1.53997836,
1/09/1987,-0.783861231,-0.202523275,-1.083529288,-1.651642031,-0.451251832,0.571449778,,,,,,,,,,,,,,1.038876686,,,,-0.579966323,-0.148132646,,-0.055473469,-0.565125678,0.491110914,0.352317956,0.999944806,-0.199588017,-0.594803452,-0.996050428,,0.860773259,0.088077963,-0.804468318,0.959190488,,,-2.334611483,-1.332502677,,,,0.641246679,,-1.013051685,,,0.669412769,
1/10/1987,0.601307347,1.066953282,-0.454770607,1.704668516,-0.048580518,0.282864151,,,,,,,,,,,,,,1.189206985,,,,0.201228979,0.03569633,,0.343397264,0.812883818,0.967814937,0.832247263,1.448096275,0.277356596,0.795638493,0.127675653,,1.208700329,-0.512995861,-0.752468949,1.446296485,,,4.185095786,3.728042951,,,,-3.146222225,,1.046948355,,,-0.730750311,
1/11/1987,-0.715671897,-1.789203655,1.379938633,-0.687051705,0.084679895,-0.288874471,,,,,,,,,,,,,,0.060384836,,,,-1.246525245,-0.010717283,,-0.126694419,2.407697829,0.621908334,0.549429218,1.167956673,-0.004066318,0.934239605,-0.182453397,,2.43200426,-0.604739728,-0.450996722,2.558343259,,,-1.621482236,-1.009833923,,,,0.378371892,,1.057018683,,,-0.780043222,
1/12/1987,2.187256987,2.779281856,-0.106783488,-0.931394731,-0.048321212,0.870159321,,,,,,,,,,,,,,0.847780506,,,,-0.746728355,0.318410218,,0.015278778,-2.109643126,0.72395104,0.165486019,0.265129934,0.079214365,-0.719673334,0.443856781,,2.622538397,-0.066332816,-0.296053687,2.670845341,,,-1.769446419,-1.329197618,,,,-0.257340512,,0.125094301,,,1.859520621,
1/01/1988,1.655267212,1.643199779,0.602382608,-0.406616804,0.18555793,-0.087820031,,,,,,,,,,,,,,-0.128739288,,,,-0.372561874,-0.836198469,,-0.076614496,1.788961589,-2.479532879,0.847271572,0.30522917,1.236186408,0.418165656,-0.49922742,,3.714839284,0.257505249,-0.571595221,3.675258752,,,-0.642580087,-1.33753998,,,,0.313564069,,0.375460016,,,-2.030115315,
1/02/1988,-0.845574362,0.00836136,-1.508678509,-0.987783772,-0.152375942,0.531972601,,,,,,,,,,,,,,0.422650979,,,,-0.274029482,0.662696034,,0.108041346,-0.022713605,2.685705292,0.052193066,-0.338821518,0.322243901,-0.074957333,1.361665895,,2.06103525,-0.181866167,-1.290179845,2.194884098,,,0.065751668,-0.233262454,,,,0.382866194,,0.615269044,,,8.175734615,
1/03/1988,1.199768155,0.6294493,1.280056632,0.507227637,-0.472649213,-0.305850665,,,,,,,,,,,,,,0.910025286,,,,0.148232443,0.287516522,,0.074879994,-0.995439756,-0.541493485,-0.080649098,0.998063377,-0.881600753,-0.405066866,-1.742089,,1.536410648,0.551009765,-0.709346845,1.477430015,,,-1.071891342,-1.187589644,,,,0.441480904,,0.079396837,,,-1.298236995,
1/04/1988,0.58557097,0.820511953,-0.115464756,2.093374541,0.089836908,-1.273663604,,,,,,,,,,,,,,0.171906916,,,,0.36902696,0.287604345,,0.019493559,-2.408198033,-1.37314029,0.883112451,1.504776356,0.320447032,1.35070269,1.084975251,,1.439163755,0.265612748,-1.384010776,1.459596805,,,-0.645970575,-1.190110159,,,,0.919500476,,0.03711162,,,-8.191697636,
1/05/1988,-0.915345519,-0.766750082,-0.485544214,-2.216875864,-1.212121212,1.805268593,,,,,,,,,,,,,,0.832277899,,,,0.204656312,0.460683448,,-0.060092858,1.715676403,0.81120346,0.086789024,0.066554845,0.101622583,-0.910881863,0.802400509,,1.399037339,0.672372656,-0.170634764,1.354162968,,,3.467210352,2.604008433,,,,2.380792613,,-0.376627147,,,1.435321105,
1/06/1988,0.17153003,-0.042701571,0.408564118,0.614641702,1.358894498,-0.649580964,,,,,,,,,,,,,,0.655528512,,,,0.220487522,0.121063499,,0.235036512,-1.529892546,-1.301741334,0.872408377,1.262095464,0.500080574,1.124167888,-1.058251597,,2.207110394,1.22697706,-1.521691685,2.199545166,,,-1.347346585,-1.030032781,,,,0.532553232,,0.437831744,,,1.034338345,
1/07/1988,0.235349332,0.64607172,-0.49047577,-3.872460253,-0.661905759,-1.591037679,,,,,,,,,,,,,,1.307477325,,,,0.525864225,-0.360139116,,-0.067845378,0.667396321,1.203802822,0.22691029,0.218117916,0.217051626,0.259701093,1.124475935,,1.725283071,1.577882937,0.045919681,1.522152089,,,0.346169349,0.070774753,,,,0.709028098,,-0.663901637,,,-1.406977743,
1/08/1988,0.588526139,0.46302027,0.412249709,1.555598946,-0.141654021,2.46208304,,,,,,,,,,,,,,0.97437074,,,,0.603406354,0.269146767,,0.040417304,0.381695134,-0.372347591,1.365110369,1.647967145,0.997603042,0.357353233,-1.636616546,,1.256933338,2.18726621,-0.106615892,0.91641979,,,0.776647533,-0.401383825,,,,0.459667411,,-0.713637824,,,1.412872849,
1/09/1988,1.000024411,0.749971607,0.730480597,-0.599513218,0.119110806,0.584473042,,,,,,,,,,,,,,1.36166771,,,,0.959187771,0.256605991,,0.00069056,0.028140149,-0.830424086,-0.670188971,-0.354681095,-0.824040812,0.500125081,0.718576174,,2.411882715,2.382976969,1.082039375,1.742915248,,,0.929033716,0.553417459,,,,-1.116386888,,-0.243625671,,,-0.467417586,
1/10/1988,0.119276096,1.546646707,-2.037498832,-0.522624504,0.081573132,0.280302135,,,,,,,,,,,,,,0.999703454,,,,0.666541718,0.584754569,,-0.029135913,-0.041165694,2.916347885,-0.237530987,-1.117141265,0.438934201,-0.626542532,-0.786793893,,2.270352311,0.872591666,0.984202842,1.90194505,,,0.367510959,-0.075164603,,,,0.668877601,,-0.427035396,,,-0.37209527,
1/11/1988,0.311533663,-0.682176352,1.615640048,-0.960468536,-0.156012995,0.405255895,,,,,,,,,,,,,,0.983466157,,,,0.266973865,0.157326088,,-0.072462025,-0.31571474,-0.735040755,0.16143036,0.193471734,0.11657338,0.817848131,1.013203976,,1.90169119,1.809135317,1.248519599,1.423016537,,,1.086924147,1.513408179,,,,1.57112687,,-1.256962401,,,0.909714384,
1/12/1988,0.709668043,0.112143734,1.13964718,1.128560043,0.745568248,-0.293786786,,,,,,,,,,,,,,1.353020078,,,,0.430889689,0.641610831,,-0.012818083,0.212718688,0.481132252,-0.376137261,-0.366210625,-0.329619838,-0.331965134,0.304210533,,1.266547651,1.670532126,0.934910871,0.95971029,,,1.38150967,1.998033321,,,,-0.269896926,,0.148647896,,,-1.751436764,
1/01/1989,0.647436885,0.448477382,0.537569944,-0.075157909,-0.41596447,0.489643912,,,,,,,,,,,,,,0.796904488,,,,0.070380214,1.136614688,,-0.073558303,-0.354130169,0.516435682,-0.149831279,-0.055672423,-0.199200601,2.506359262,0.915514225,,-1.057411484,1.076009126,1.263309453,-1.022386977,,,1.677360486,1.223744209,,,,2.029810524,,-0.417032324,,,0.820876708,
1/02/1989,1.292921621,1.159138271,0.652984748,-0.79921929,0.231067512,1.126914883,,,,,,,,,,,,,,1.296144946,,,,-0.551372714,-1.397052068,,-0.00727572,-0.466178194,-0.417423432,0.384280257,0.625080731,0.16305578,-0.986091585,-1.545426896,,1.489808845,1.58728424,0.395534603,1.225750836,,,0.976679732,1.230077935,,,,-4.161723029,,-0.084920746,,,-1.684227294,
1/03/1989,0.22424265,0.58372683,-0.404510525,-1.439182467,-0.53107051,-0.224631055,,,,,,,,,,,,,,0.830576223,,,,-1.118096573,0.48945456,,-0.034488307,1.200981303,-0.442845487,-0.383954544,-0.864679767,0.01043786,-0.104739685,1.221857012,,1.098265104,1.654451728,0.645254372,0.763598248,,,-0.014664408,0.1240051,,,,1.6052669,,1.251300414,,,0.466870052,
1/04/1989,0.657835567,1.048639944,-0.305957328,-0.673492305,0.045693739,-0.60844108,,,,,,,,,,,,,,1.417603945,,,,-1.099464897,0.395503225,,-0.040843495,0.383004217,1.942586631,0.666361147,0.935776557,0.384634388,0.160721326,-0.156090274,,1.035592483,1.814741006,-0.265657703,0.821162201,,,-0.016902062,-0.668755626,,,,-1.330317125,,0.423510648,,,1.3006304,
1/05/1989,1.389110751,0.45113109,1.837654588,0.39710975,0.130202449,0.769197231,,,,,,,,,,,,,,1.613423786,,,,-1.210447435,-0.453171961,,-0.294038965,0.687181861,0.611893848,-0.655934718,-2.243848385,0.458393377,0.785931412,-0.394574292,,1.983513545,1.073433336,0.989744604,1.780050125,,,1.256495445,1.700837424,,,,-0.752561003,,0.862274194,,,0.136020317,
1/06/1989,-0.338901075,0.203031307,-0.846458165,-1.303692328,-0.391786547,0.065458362,,,,,,,,,,,,,,0.585974466,,,,-2.485152862,0.837746848,,0.299841166,0.51738899,-0.553038104,-0.629445137,-2.095153671,0.3056716,-1.018991064,-0.181672563,,1.405613671,0.547728093,3.237294512,0.872968613,,,-1.157349919,-1.149449358,,,,0.367114708,,0.117187539,,,-0.532128252,
1/07/1989,0.444157623,-0.186456162,1.076422297,0.185052631,0.381346279,0.080012215,,,,,,,,,,,,,,0.196712741,,,,-2.488121767,0.046664207,,0.005664481,-1.46279642,-0.585187527,-2.16388215,-2.26222849,-1.585859762,-0.852567264,-0.272468108,,0.658837613,1.011964202,2.481297757,0.224377505,,,-0.460247591,-0.370242603,,,,-1.031473468,,-0.101079514,,,-0.68503764,
1/08/1989,0.85582117,0.606104771,0.671037255,-0.516602269,0.189458758,0.787615983,,,,,,,,,,,,,,-0.672650986,,,,-1.973899083,-0.281587856,,-0.159645898,1.09083681,2.67455927,0.109335217,-0.123916387,0.221212748,0.447904008,-0.382969443,,0.498869621,-0.297099818,-0.731165902,0.790349203,,,-0.747808414,-1.163088209,,,,1.373057264,,-0.099124759,,,1.220467581,
1/09/1989,-0.049447081,-0.718904787,0.944943216,0.43456705,0.51012881,-0.288307757,,,,,,,,,,,,,,-0.314818104,,,,-1.702494255,0.836146619,,0.123131265,-0.352255291,-1.743139696,-0.163358872,-1.02464029,0.341114777,-1.022757475,0.91987996,,0.878067398,-0.676215882,-0.783247565,1.272878268,,,2.511801885,2.314842135,,,,-0.140017538,,-0.454156844,,,-0.528328415,
1/10/1989,-0.072792025,0.597607393,-0.913514203,-0.521983288,-0.786840806,0.283610481,,,,,,,,,,,,,,-0.266297962,,,,-1.984435653,-0.470835513,,0.01142897,-0.671694352,-0.263310815,0.063269327,0.426285289,-0.142426512,1.511524999,0.271160416,,0.140484075,-0.112177896,-0.570341609,0.408340439,,,-0.030636669,-0.206833121,,,,0.536603444,,0.268305854,,,-0.978845314,
1/11/1989,1.278912384,1.302127995,0.431259201,-0.671965231,0.282719393,0.287066567,,,,,,,,,,,,,,-0.265770448,,,,-1.853527034,0.294031099,,-0.007857839,0.219889928,-0.957515147,-0.082078996,-0.672684159,0.244687488,-1.027986092,-0.656201032,,0.45795773,-0.038545458,0.040012329,0.629019091,,,-1.737422052,-1.318307861,,,,-0.208446458,,-0.200134701,,,1.517100708,
1/12/1989,-0.775416653,-1.163959643,0.311979324,0.306591691,0.103468401,-0.286230308,,,,,,,,,,,,,,-0.594364211,,,,-1.918542813,0.5317298,,0.096477104,-1.800614902,-0.578339379,-1.292427509,0.973167745,-2.491667743,-0.134460378,-1.987856916,,0.178474311,-0.091035163,0.14846541,0.330099357,,,-1.033874698,-0.53268836,,,,0.406976778,,-0.31319998,,,-2.139739431,
1/01/1990,-0.035991177,0.451709015,-0.646647394,1.315831325,0.315306399,-1.333417261,,,,,,,,,,,,,,-0.149471633,,,,-1.879149555,-0.660058543,,0.082649811,1.409918258,2.153795366,0.094866109,-0.911473103,0.828762767,0.121306532,3.890290129,,-0.752523029,0.328959467,-0.384470723,-0.521626797,,,-0.469686964,-0.218702599,,,,-1.072669615,,-0.08671967,,,2.257931007,
1/02/1990,-0.109478862,-0.362932122,0.349217688,1.395160076,-0.474288255,0.854147474,,,,,,,,,,,,,,-0.266051807,,,,-1.269296879,-0.150911725,,-0.065180039,1.53088187,-2.599124297,0.725973761,0.341388859,0.832453645,0.698958968,-2.333574763,,1.567769594,0.348782985,-0.10407401,1.614112622,,,1.65606063,1.679123005,,,,-0.275680204,,0.230487138,,,-0.957385612,
1/03/1990,0.112140838,0.185815369,-0.026718216,-0.996142856,0.165111946,0.387030784,,,,,,,,,,,,,,-0.484966674,,,,-1.35965323,0.156123472,,-0.11645504,-0.365325403,0.680657703,-0.32394938,0.183323397,-0.57598559,-0.103772543,-0.257711489,,1.371154274,-0.246836461,-0.72836577,1.6421148,,,0.301451482,0.546621394,,,,0.476768931,,0.265729225,,,0.088379673,
1/04/1990,-0.178518062,-0.588863395,0.534263001,0.487577098,0.091104586,0.565100375,,,,,,,,,,,,,,-0.718488748,,,,-2.509889005,-0.075716073,,0.229111595,-0.602280472,-0.679230918,-0.707829973,-1.126288242,-0.312336373,-1.973013372,-0.123268567,,1.284093392,0.010945156,1.871911186,0.969444704,,,1.151502071,1.180008088,,,,-0.153119093,,-0.254187172,,,-1.01120755,
1/05/1990,0.688072118,0.970297545,-0.120634979,1.117671675,0.113474378,-0.703171537,,,,,,,,,,,,,,-0.549803094,,,,-2.89294048,-0.083455678,,-0.168522207,-0.196486853,-0.890535563,0.368790941,-0.110067065,0.597760595,0.692490846,0.542496351,,-0.761472481,-0.295476658,-0.213206624,-0.385261407,,,-0.521624641,-0.749744571,,,,0.343074163,,-0.153607605,,,-1.057574701,
1/06/1990,-0.293215339,-0.194939686,-0.19990168,0.551926127,0.133116204,-0.134693172,,,,,,,,,,,,,,-0.912984726,,,,-2.761920599,0.382955018,,0.045090635,-0.059535759,-0.582690705,-0.520495877,0.33295718,-0.978618454,0.013933019,-0.653227713,,-0.272410322,-0.306660852,-0.014649806,0.069889516,,,-0.520382396,-0.242414992,,,,0.839474312,,-1.681936665,,,-0.533676236,
1/07/1990,-0.412750874,-0.3345137,-0.211376971,2.372268986,0.166740963,0.765150157,,,,,,,,,,,,,,-1.113366234,,,,-2.506301151,-0.647693207,,-0.046893835,0.206413309,0.813335012,-0.582018003,-1.624651502,0.210697887,0.258622963,-1.291641588,,0.039511611,-0.230087432,0.15975575,0.340757533,,,-0.718993729,-0.653576947,,,,-0.747328866,,-0.894140072,,,5.926575192,
1/08/1990,-1.19881675,-0.799915313,-0.909145525,0.663773589,0.091293352,-1.602515283,,,,,,,,,,,,,,-1.299285701,,,,-2.930926617,0.144501778,,0.078074043,-0.044196285,0.566161138,0.358471586,-0.113906853,0.571270522,0.150851144,0.657435757,,-0.463009463,0.630411725,-4.101140133,0.256872056,,,-0.180805819,1.150910371,,,,0.590732774,,0.39280439,,,-5.923724453,
1/09/1990,-1.09761998,-0.915872068,-0.582179371,0.849253274,0.717732088,-0.085289672,,,,,,,,,,,,,,-1.354900296,,,,-3.16487317,-0.816672085,,-0.064462159,-0.223970604,-1.514927579,-0.319486551,0.259456514,-0.601132881,-0.777586434,0.343543465,,-1.311303898,-1.376755618,0.410784568,-0.962351706,,,-0.57796933,0.555825773,,,,0.103134033,,0.0766434,,,0.113579297,
1/10/1990,-0.787621752,-1.911984267,1.283140008,1.343679412,0.031156682,-1.252659063,,,,,,,,,,,,,,-1.390775298,,,,-3.299642401,-0.307723931,,-0.052857673,0.572766702,0.207112773,0.178359884,-0.502258619,0.552013739,-0.002700041,-0.766135428,,-0.233570029,-0.342909623,-0.392334215,0.03897725,,,-1.036831016,-0.772936969,,,,-2.789584682,,0.176778329,,,2.310074949,
1/11/1990,-0.957902781,-0.948557745,-0.3033342,1.574271593,0.461468496,-0.190396912,,,,,,,,,,,,,,-1.315569221,,,,-3.442925367,0.198826646,,-0.147777559,-0.449149284,0.510931677,0.342710731,2.118285844,-0.846715046,0.061853723,0.590803854,,-1.229453751,-0.747000963,-1.960119683,-0.538381141,,,-1.071850497,-3.438083283,,,,-0.233342649,,-0.044658405,,,-1.142501669,
1/12/1990,-0.262227478,-0.34758278,0.053230481,0.41817397,0.249645215,0.024401623,,,,,,,,,,,,,,-0.328131156,,,,-3.156310215,-0.214592269,,0.088035678,0.751645996,0.653421088,-1.513396218,-1.779809254,-1.161985981,0.345096583,-1.765731047,,-0.321768977,-0.463211535,-0.849579644,0.084639566,,,-0.965993467,-0.41630849,,,,0.22250746,,-0.634454586,,,0.398298513,
1/01/1991,-2.357452605,-2.04932903,-1.169468945,1.931362243,-0.009641543,-0.755642732,,,,,,,,,,,,,,-2.745891846,,,,-2.769592823,0.316930287,,0.01711162,-0.373912855,-0.636620517,0.808986842,1.370486965,0.30851088,0.519298418,0.152989658,,-0.796834939,-0.200928935,-0.563280883,-0.428039004,,,-1.028578959,-1.655930607,,,,0.086454685,,-0.676497924,,,-0.494698272,
1/02/1991,-0.0473404,-1.797908983,2.293894401,1.156742113,0.700707038,-0.480577184,,,,,,,,,,,,,,-1.550629063,,,,-2.923615781,0.204304842,,-0.446970696,-0.259268381,-0.392992108,0.089404583,-0.535317606,0.564635065,-1.456750987,2.418922304,,-0.807240228,-0.175825306,-0.843468597,-0.477629007,,,-0.720206397,0.110848445,,,,0.219306965,,-1.828044965,,,-0.344186766,
1/03/1991,-2.11472523,-2.059467428,-0.758671243,2.870622205,0.560904472,-0.649050426,,,,,,,,,,,,,,-1.344009891,,,,-2.160568308,-0.560619725,,0.162694627,0.65417752,-1.832825412,-0.339910922,-0.547743496,-0.145962994,-0.107681914,-2.408552631,,-1.902915584,-0.861771108,-1.665298168,-1.292618458,,,0.041763098,-0.396943002,,,,1.100352902,,0.234427735,,,0.409432891,
1/04/1991,-0.546991767,-1.139171025,0.588970478,3.449485658,0.304375353,-0.55970973,,,,,,,,,,,,,,-1.435468685,,,,-2.123182136,-0.131315495,,-0.21300483,-1.199213871,0.842247817,-0.33215337,-0.10816239,-0.459045921,0.006135547,0.053021235,,-1.482690618,-1.038095577,-0.775546087,-1.043593852,,,-1.120357211,-1.188387702,,,,0.272884196,,-0.367784384,,,-0.51102671,
1/05/1991,-0.430842061,-0.056943598,-0.596835039,-1.685356879,-1.369074466,0.24265978,,,,,,,,,,,,,,-1.755140541,,,,-2.226642988,-0.302321811,,0.306139234,1.156591889,-1.175035103,1.273045362,1.527387429,0.945356276,0.886724657,0.414429408,,-2.047920548,-0.613373676,-0.850929008,-1.479832438,,,-0.785601729,-0.656282177,,,,-1.110196449,,-0.021577932,,,0.427598281,
1/06/1991,-1.491399728,-1.670335514,-0.251425004,0.226192176,1.76952513,-0.711990703,,,,,,,,,,,,,,-1.219646475,,,,-1.854960535,-0.408390113,,0.298681701,-0.5424815,0.310673551,-0.555833379,-0.457936175,-0.557650147,-0.534809401,-0.094971114,,-1.934690528,-0.390838652,-2.30383393,-1.149553875,,,1.42725091,1.401770959,,,,0.712865562,,0.735750457,,,0.496801544,
1/07/1991,-1.244257456,-1.007756325,-0.696078254,0.903048434,0.309395738,0.198286225,,,,,,,,,,,,,,-1.359885782,,,,-1.701530523,2.400154646,,-0.15602585,0.246478728,0.601809303,1.397818948,2.08114782,0.737980205,-0.159181572,0.444132452,,-1.925154006,-0.435845878,-2.040106809,-1.234377757,,,-0.551497678,-0.490768293,,,,0.207865904,,-0.629096849,,,-0.304409688,
1/08/1991,-0.192335146,-0.176412982,-0.063050156,0.574922438,-0.510924181,-0.680552561,,,,,,,,,,,,,,-1.105129694,,,,-1.786650187,-0.458052959,,0.086185111,0.309052729,-1.643605389,0.040507897,0.17749527,-0.05937882,-0.616753929,-0.982897723,,-1.42747046,-0.925902139,-1.381747937,-0.892943685,,,-0.523014772,-0.934689922,,,,0.20605799,,-0.866218606,,,-0.378077953,
1/09/1991,-0.105771286,-0.07681283,-0.050340847,1.293466109,-0.049816629,0.226429182,,,,,,,,,,,,,,-1.105803444,,,,-1.665672401,-0.900419405,,-0.011758893,-1.271966578,1.863420026,0.15568915,0.10729046,0.180689401,1.313531897,-0.047164417,,-1.561946061,-0.617033702,-1.183354087,-1.103916573,,,-1.653694449,-1.058635639,,,,0.025126506,,-0.583992768,,,0.102656792,
1/10/1991,-1.295213398,-0.07587501,-1.964470035,-0.128388471,-0.060902658,0.015563492,,,,,,,,,,,,,,-1.131408346,,,,-1.445075089,1.063505762,,-0.027323457,-0.031698521,-0.436778413,0.12283113,0.479132911,-0.149377635,-0.222948272,0.307111553,,-1.865999348,0.464098341,-1.572171563,-1.589899681,,,-2.964322204,-1.471282171,,,,-0.836277269,,-0.072975377,,,-0.00879391,
1/11/1991,-0.993005389,-3.506229485,2.842578213,1.140360177,0.332753592,-0.29889239,,,,,,,,,,,,,,-1.086558112,,,,-1.969309633,-0.642941801,,0.029151976,0.32483177,1.439622968,-0.488088363,-0.63732502,-0.32333777,-0.065999979,-1.290384545,,-1.423792257,0.240250573,-1.277429459,-1.086060894,,,0.116120341,-0.05476441,,,,-0.229505333,,0.448346247,,,-0.69977956,
1/12/1991,0.228735637,1.258700088,-1.175131417,1.461885692,-0.247578309,-0.499876451,,,,,,,,,,,,,,-1.373843389,,,,-2.131424035,-0.465723463,,-0.18837202,0.008273221,-2.118923423,0.338986404,-0.389572672,0.809932901,0.353759729,0.813690773,,-1.824225241,0.17674068,-2.009833729,-1.39167968,,,-2.093981612,-1.159982788,,,,-2.049054913,,0.709966496,,,0.761327726,
1/01/1992,0.128345623,-0.33740387,0.63929922,-0.515623995,0.505193954,-0.049697868,,,,,,,,,,,,,,-1.363626965,,,,-2.371559103,0.169346259,,0.068664942,0.118303257,0.135015707,0.658147683,0.129625993,0.845637262,-0.609486014,1.113862484,,-1.401535766,-0.530662409,-1.227713419,-0.889762791,,,3.465094874,2.35374796,,,,-0.114082204,,0.658865934,,,-0.165955569,
1/02/1992,0.141453888,-0.783482119,1.195109161,0.396791938,0.590007146,-0.320028634,,,,,,,,,,,,,,-1.158652575,,,,-1.511848811,-0.105281198,,0.055690227,-0.537059174,0.274577084,-0.377086415,0.906367558,-1.120872384,-0.252066678,-1.805987038,,-1.47166383,-0.427677151,-1.536218836,-1.01102359,,,0.07136994,-0.138362612,,,,0.610505286,,0.067548595,,,-0.091409612,
1/03/1992,-0.985766821,-0.913881833,-0.403040913,0.558710402,-0.196621304,0.389824639,,,,,,,,,,,,,,-1.29281674,,,,-1.086314289,0.667881471,,-0.190384368,0.088714309,-0.178229555,0.592214696,0.397834726,0.636993796,0.448842693,0.815357778,,-2.326268725,-0.340827996,-0.682560929,-2.043524401,,,0.068619254,-0.394963566,,,,1.11170613,,-0.793484318,,,-0.386254875,
1/04/1992,-0.599502371,-0.994758285,0.290593775,-0.005211909,0.627131739,-0.566545552,,,,,,,,,,,,,,-1.159896134,,,,-0.98554316,0.406621594,,0.208229012,0.266117751,0.265327291,0.598112646,0.367041009,0.625906497,-0.096060338,-1.11248391,,-2.186581032,-0.190113082,-1.752475778,-1.820882277,,,-2.034087651,-1.381118838,,,,-0.490339548,,-0.650511362,,,0.430398965,
1/05/1992,-0.503999875,-0.60055651,-0.037888483,0.828769542,0.021679665,-0.326894011,,,,,,,,,,,,,,-1.502100108,,,,-1.20024444,-0.354980438,,-0.006533587,-0.144779636,0.303639332,-0.18766703,0.314606696,-0.459423269,-0.81226094,0.775547309,,-1.671906502,-0.162340982,-1.493486478,-1.18092007,,,-0.817308557,-0.908264445,,,,-0.693945914,,0.150139074,,,-0.273194956,
1/06/1992,0.005258097,-0.892851915,1.079976817,1.076220589,-0.213889926,0.281625839,,,,,,,,,,,,,,-1.195771501,,,,-1.983812463,-0.835765575,,-0.129750722,0.172628111,0.96572386,0.341739777,0.645106078,0.093829075,0.637207585,-0.551224832,,-1.179501649,-0.082785596,-1.078710866,-0.721999684,,,-1.466795713,-0.619662601,,,,-1.171050683,,-0.018547011,,,-0.567462423,
1/07/1992,0.141799161,0.23410972,-0.046236576,1.643089731,0.270203956,-0.119087246,,,,,,,,,,,,,,-0.830455473,,,,-2.229879827,-0.103603002,,0.103904124,0.099641306,0.399958178,-0.048520055,0.417567751,-0.346298854,0.26361047,0.103967273,,-2.584472241,-0.088028787,-0.090211925,-2.55472399,,-2.922491865,-2.151598124,-1.822335237,,,,-0.39000407,,0.369590084,,,-0.122959253,
1/08/1992,0.232036484,-0.480391526,0.922309968,-1.855298963,0.3180112,-0.00490315,,,,,,,,,,,,,,-0.778343786,,,,-1.422948784,-0.999406964,,-0.080425569,-0.030809296,-1.178542638,0.191728778,-0.1966901,0.424014096,-0.565625432,-0.39875038,,-1.116653993,-0.149321984,-1.705813427,-0.682053283,,6.047296923,3.915822811,2.193380612,,,,-2.232434395,,0.281133261,,,0.651536579,
1/09/1992,-1.506410906,-0.971477445,-1.116694822,-0.405814882,0.226963276,-0.284604814,,,,,,,,,,,,,,-0.676514905,,,,-1.705987822,0.78187396,,0.033667274,1.504061531,2.065665975,-0.232915906,0.070485609,-0.394373007,0.418440901,0.430230754,,-0.555272043,0.008808728,-0.775564382,-0.376104284,,0.260926585,-0.189383226,-0.018705675,,,,0.010003164,,0.024481965,,,-0.260506278,
1/10/1992,-0.1131008,-0.651714082,0.598693727,2.446271249,-0.227447215,-0.171522722,,,,,,,,,,,,,,-0.762824007,,,,-0.924766985,0.263905457,,0.072631032,-0.772471291,-0.175379202,0.50759132,0.502550005,0.438843079,0.04153414,0.818473602,,-1.42215943,1.124611277,0.058510632,-1.741305783,,0.008482016,-0.018249172,-0.17620284,,,,0.082283574,,-0.219421626,,,0.013012878,
1/11/1992,-2.756157862,-1.695908437,-2.151486523,0.340473588,-0.212118726,-0.598942778,,,,,,,,,,,,,,-0.837329931,,,,-1.864990177,-0.143530303,,0.084884717,0.562995628,0.392681748,0.529556221,0.312793589,0.568881463,-0.139577737,0.007132405,,-1.522015228,0.733693314,-0.578909743,-1.569520535,,0.520331733,0.6066297,0.96382063,,,,-0.132196801,,0.142809445,,,-0.016108757,
1/12/1992,0.542196437,0.970814016,-0.307997823,0.51921297,-0.217846936,0.165022968,,,,,,,,,,,,,,-0.449623648,,,,-1.874344549,-1.072234234,,-0.001358014,0.047357,-0.697048491,0.479164529,0.433850931,0.403827717,0.366333712,0.290307826,,-2.313201974,0.468805642,-1.757432794,-2.215328251,,-0.903962278,-0.613491625,-0.553549421,,,,0.367442713,,-0.08895973,,,-0.987419288,
1/01/1993,1.208648933,1.227770029,0.399572293,-1.771758192,0.112737481,0.39304254,,,,,,,,,,,,,,-0.399373885,,,,-1.105386289,0.80511791,,0.18929982,-0.028654557,-1.296158273,0.130307456,0.26241675,0.028851559,-0.304215921,0.377427923,,-0.606530887,0.376671472,-1.375538457,-0.331237866,,-0.836068116,-0.617395824,-1.001429924,,,,-0.633692826,,0.769408064,,,0.198199318,
1/02/1993,-2.563413679,-1.437498287,-2.189255423,1.003724775,-0.321946427,-0.213392051,,,,,,,,,,,,,,-0.479817357,,,,-1.284265301,-0.378748326,,-0.290074909,-0.177531669,-0.03804845,-0.941975302,-0.649972594,-0.927802492,-0.294924969,-1.223634835,,-0.647689725,0.402533136,-0.755835308,-0.548093721,,-2.922567937,-2.041274926,-1.894947566,,,,0.722968587,,-0.517456531,,,0.034338776,
1/03/1993,1.142640316,1.260131486,0.261941055,-0.659449042,0.260877825,0.872213209,,,,,,,,,,,,,,-0.39949806,,,,-0.604342066,0.054112053,,0.080058115,-1.149413324,1.483874941,0.664372625,0.691909236,0.525123284,-0.029252957,0.690021569,,-1.023501594,0.823289439,-0.423547792,-1.120366537,,-0.087444638,-0.546114616,-0.447583587,,,,0.081526402,,-1.76657313,,,-0.548834546,
1/04/1993,-1.013295445,-0.412469423,-1.048192985,-0.335827243,-0.080063573,-0.649088732,,,,,,,,,,,,,,-0.381339478,,,,-0.711225819,-0.282239217,,-0.02533959,-0.200501418,-0.511003727,0.317027464,0.254665428,0.289674657,-0.188665416,-0.370315102,,-0.891833391,1.105334019,-1.592860016,-0.931010978,,-1.258343182,-0.975665232,-0.798273756,,,,-0.487862272,,-0.539793328,,,0.064464145,
1/05/1993,-0.370252421,-0.478859753,0.025529204,0.195158517,-0.272868109,-0.340504062,,,,,,,,,,,,,,-0.245167244,,,,-0.751864783,0.328463283,,0.163936956,1.182023962,-0.027970702,-0.78981444,-0.91712914,-0.547270536,0.654875409,0.016681213,,-0.925783776,0.908854609,-0.948658902,-0.866253074,,1.222018854,1.180517368,0.563545576,,,,-2.190087771,,0.6410987,,,0.709854177,
1/06/1993,0.005236577,0.700517899,-0.823741497,1.142236509,-0.138499319,-0.01758347,,,,,,,,,,,,,,0.281748555,,,,-1.765327849,-0.204533513,,-0.149087176,-0.798020752,0.271239703,0.093738428,0.36911836,-0.09263941,-0.234536274,-0.056441316,,-1.201779762,1.232602971,-0.953379728,-1.212143484,,-1.289836945,-0.687346055,-1.017628312,,,,0.012619893,,0.600848667,,,0.10547939,
1/07/1993,-0.359923704,-1.315059136,1.054910555,-0.199780124,-0.046544056,-0.363037567,,,,,,,,,,,,,,0.291637966,,,,-1.366689962,-0.688636373,,0.022690153,0.76621956,0.140226992,1.009651508,0.201111353,1.241915175,-0.321754402,-0.133713008,,-0.732412213,1.132721414,-0.951390544,-1.024284602,,-1.297025738,-1.090010938,-1.501336615,,,,0.983084804,,0.293570137,,,-0.376075045,
1/08/1993,0.33661979,0.285284896,0.193300397,0.355022111,0.014130205,0.524759301,,,,,,,,,,,,,,0.49225961,,,,-0.920225851,-0.28189209,,-1.68448E-05,-0.098974406,0.664409975,-0.654005625,-0.525004709,-0.556455782,0.194537642,0.868648635,,-0.716984177,0.831389985,-0.392942753,-0.763398273,,-0.645736245,-0.727127476,-0.71879938,,,,-1.23913791,,-0.487788478,,,-0.399512558,
1/09/1993,0.185897309,-0.535884604,0.936532278,-1.084463293,0.892064443,-0.312565417,,,,,,,,,,,,,,0.452461094,,,,-1.551421407,0.661474808,,0.017573934,0.754840945,0.280499671,0.191846924,0.625428418,-0.092766755,0.975772831,0.44974843,,-0.474628554,1.382648656,-0.307976676,-0.854748842,,0.84850587,0.575218645,0.670105242,,,,-1.596963525,,0.395446754,,,-0.638391585,
1/10/1993,1.115313196,1.296364909,0.179316863,1.167028972,-0.567833484,0.322451916,,,,,,,,,,,,,,0.351848206,,,,-0.641021895,0.18255526,,0.115173824,-0.019176151,-0.475360979,0.163757214,0.293395608,0.060761099,-0.246681473,-2.004477309,,-0.778789309,1.091334865,-1.020172952,-0.995806867,,-1.305659898,-0.929672585,-1.070941136,,,,1.55629718,,-0.353270807,,,0.602502498,
1/11/1993,-0.06835624,-0.037400927,-0.041164056,0.064868,-0.728654209,1.196655981,,,,,,,,,,,,,,0.525062419,,,,-0.147954645,0.766159828,,-0.077364445,-0.386242254,-0.65707549,0.132631895,-0.578443169,0.488661307,-0.200731758,0.869749879,,-0.317656227,1.058247379,-0.095460926,-0.526511549,,1.243927558,1.025295882,1.046726029,,,,-0.285888493,,-0.318730783,,,-0.877564239,
1/12/1993,0.08957085,0.455416755,-0.383838861,-0.847011095,0.205957372,-0.062675965,,,,,,,,,,,,,,0.413980358,,,,-0.046849065,-0.108814204,,0.063840823,-0.527488614,0.843726897,-0.02500376,0.900188102,-0.517699041,-0.439341806,0.679924722,,-0.474348494,1.704659726,-0.32004224,-0.987467879,,0.152257889,-0.505179682,-0.376290882,,,,1.214563745,,0.062414575,,,-0.581011987,
1/01/1994,0.221913759,-0.645574393,1.112680756,-0.822772016,-0.071279025,-0.02188296,,,,,,,,,,,,,,0.518486573,,,,0.4823124,-0.689066337,,-0.048095416,-0.201330551,-1.060153435,0.708396513,0.379334497,0.722479838,0.264454109,-1.030872551,,-0.397601634,1.543240128,-0.62118666,-0.675572896,,-0.868626885,-0.308638758,-0.981305652,,,,2.230551278,,-0.386280099,,,1.336320969,
1/02/1994,0.371067546,0.51053422,-0.01956593,-0.744477102,-0.125055601,-0.408595971,,,,,,,,,,,,,,0.671692291,,,,0.931484411,1.058867669,,0.118044415,-0.044393973,-1.06243383,-0.725352023,-0.197365737,-0.84618561,0.192008628,0.873080496,,-0.532882296,1.8559706,-0.093553572,-1.120644737,,2.487741009,1.93364326,2.214032733,,,,-0.312373027,,-0.559299867,,,0.15290018,
1/03/1994,0.199729257,0.158217232,0.133204604,-0.133996133,0.103011194,0.159584703,,,,,,,,,,,,,,0.682120757,,,,1.511207732,-0.121412336,,0.211994378,0.384692632,1.628558792,0.124479819,0.094525994,0.118182873,-0.237255544,-0.973990816,,-0.059907041,2.380733056,-0.481157561,-0.610905744,,2.971938594,2.452724256,2.889053575,,,,-1.097431681,,-0.012697592,,,0.409532271,
1/04/1994,-0.298370637,-0.240795181,-0.150034259,-1.339040185,-0.634356964,0.300939104,,,,,,,,,,,,,,0.6540897,,,,1.300859867,-0.673310058,,-0.327506748,-0.825164783,-0.575682883,0.249658657,0.537879559,0.029419039,-0.001348257,0.650378212,,0.272302075,2.024211275,0.020841592,-0.332938126,,1.158194537,1.099801012,1.602650774,,,,0.308064453,,-0.70785053,,,-0.530360939,
1/05/1994,0.880176946,0.929763843,0.256307807,-1.378773933,0.380096285,0.709857951,,,,,,,,,,,,,,0.917429334,,,,1.38013228,0.354185448,,-0.132881524,0.839516366,0.782253104,1.517799577,1.385867975,1.228986601,3.317638418,-1.223479317,,-0.095496447,2.256702801,-0.601997981,-0.553664614,,0.249363658,0.621684528,1.166679882,,,,1.344065453,,-0.252441282,,,0.408205648,
1/06/1994,0.293075596,1.064212565,-0.786204141,0.353047833,-0.234189545,-0.255174679,,,,,,,,,,,,,,1.684447446,,,,1.502025621,0.055140195,,0.217376797,-0.644471922,-0.61082684,-0.907626111,-1.381759585,-0.426439918,-3.561179733,2.728288922,,-0.011621701,2.116390572,0.17487777,-0.434414584,,4.341879239,2.613890772,2.726541837,,,,-1.150947752,,-0.16348921,,,-0.63057932,0.259891677
1/07/1994,1.813695728,0.027643301,2.694698808,-0.88859253,-0.058215077,0.651421691,,,,,,,,,,,,,,0.195374817,,,,1.246968435,-0.16728244,,0.029936075,-0.42925519,1.025370858,-0.940311911,-0.512831838,-0.951945653,0.059413654,-1.827580658,,0.626130186,1.681849029,-0.51566392,0.050006119,,-0.094100929,-0.15711443,-0.111805172,,,,0.580292422,,0.080284232,,,0.336870573,0.228130726
1/08/1994,-0.842830032,-0.173183412,-1.035916828,-0.82801336,0.013685956,0.383076619,,,,,,,,,,,,,,0.148061565,,,,0.981265151,1.119350507,,-0.034512359,0.198444642,1.22650681,1.913619352,0.538435814,2.076664964,2.110188398,0.158430392,,0.188106434,2.06686443,0.110173535,-0.329049771,,-0.421095952,-0.354660982,-0.584560594,,,,-0.043902727,,-0.279418163,,,-0.468950311,0.496919708
1/09/1994,1.093106764,1.933254812,-0.586947701,-0.380183684,-1.312333803,-0.058112251,,,,,,,,,,,,,,-0.011189488,,,,0.717936455,-0.034732429,,0.086462784,-0.363275366,-1.01503943,-0.447637242,-0.855196402,-0.132377227,0.62921882,-1.071076949,,-0.319475121,1.261123535,-0.092486393,-0.795323638,,3.081900512,2.710283078,3.15060312,,,,-0.392293484,,0.580764438,,,0.675383116,0.439168785
1/10/1994,-0.455110652,-1.77009297,1.375563556,-1.224709817,1.028765019,-0.166838201,,,,,,,,,,,,,,0.29207405,,,,0.202513844,-0.021464991,,-0.023167724,1.031708545,0.099674444,-1.138326425,-0.082506493,-1.285965935,0.386804526,1.279135317,,0.401033006,0.549960956,-0.151631642,0.349152485,,1.302997382,0.987821488,0.659614228,,,,-0.249675325,,0.01439506,,,-0.165613924,0.739082699
1/11/1994,-0.015594176,0.802242509,-0.925507777,0.304925017,-0.105120247,0.01683076,,,,,,,,,,,,,,0.135782225,,,,0.216802511,-0.583426571,,-0.052009257,-0.220873068,0.358107681,-0.979204064,-0.388794637,-1.083607742,-2.365483199,-0.392457937,,0.068356304,1.272293645,0.426918592,-0.333006195,,1.712568442,0.681637643,-0.031769956,,,,1.606808914,,0.04866324,,,-0.750285701,-0.343548127
1/12/1994,0.944866202,-0.377738759,1.838980567,-0.967760249,0.392015081,0.273041042,,,,,,,,,,,,,,0.386871286,,,,0.114749887,-0.201534428,,0.09979474,-0.976879563,0.630576582,-0.35480973,-2.191625338,0.737687585,-2.019764471,-0.471627584,,-0.35677108,0.869896966,0.514667842,-0.831574129,,0.332548271,-0.507516286,-1.266674417,,,,0.435355142,,-0.519566088,,,1.868807819,0.125857344
1/01/1995,0.042088351,0.237771874,-0.191398984,-0.324294776,-0.486782868,0.173432035,,,,,,,,,,,,,,0.124826801,,,,-0.734008707,0.363141791,,0.072820857,1.073748921,-0.730500847,-0.87096953,-0.245795401,-0.975435286,0.554341223,0.353957551,,-0.269897093,0.691317444,0.231861326,-0.538304915,,0.885400737,0.785867924,1.026205871,,,,-1.171519232,,0.843419022,,,-1.383044204,1.192604281
1/02/1995,1.14856703,1.962186272,-0.518120814,-0.116761116,0.318275057,0.245862211,,,,,,,,,,,,,,-0.040201531,,,,-0.950291646,0.483298319,,-0.120543931,0.301061498,-0.02011721,-0.236245979,-1.087775783,0.287526289,0.688841558,0.986260885,,0.150901199,0.601257788,0.017699345,0.017262388,,-2.000804836,-0.882378539,-0.493843018,,,,-1.135837849,,0.083623959,,,-0.178928479,0.363113629
1/03/1995,-0.265702393,-0.980060766,0.734625552,-0.966009891,-0.18471706,0.033375881,,,,,,,,,,,,,,1.077555437,,,,-0.198754929,0.086060821,,0.017742322,0.918357733,1.159238521,-0.692560417,-1.505866518,-0.095222703,0.100981925,-0.542636852,,-0.140543613,0.546342937,0.677107066,-0.36517231,,-0.351614862,-0.33663351,0.073400958,,,,-1.613780654,,0.238581019,,,-0.079454963,0.239980506
1/04/1995,1.33438511,1.892652212,-0.16471227,-1.672474221,0.015828973,1.175894645,,,,,,,,,,,,,,-0.099050675,,,,0.490514069,0.629176706,,0.059994242,-0.749917162,-0.473702644,-0.718910412,-0.63283629,-0.566261251,0.474281175,2.275426551,,-0.010148987,-0.488118052,0.850699772,0.020050409,,-1.477163491,-0.896307963,-0.97263293,,,,-0.852424293,,0.140917601,,,0.536391392,0.941720062
1/05/1995,-0.182521367,0.188487304,-0.467632404,1.065860029,-0.344000834,-0.544245115,,,,,,,,,,,,,,-0.262654663,,,,-0.190057147,0.036878348,,-0.045736091,0.622813314,0.935939298,0.314700745,-0.547908616,0.651782055,-1.066995962,-1.954104673,,0.251597822,-0.215698537,0.89761904,0.439351752,,-2.66106196,-2.122424746,-2.096460192,,,,-0.879010133,,0.348031298,,,-0.598007107,0.197451158
1/06/1995,0.661978141,0.508822666,0.413894481,-0.539230438,0.492907452,0.300509837,,,,,,,,,,,,,,0.419398842,,,,-0.075276332,0.451188475,,0.048113472,-0.833905604,-0.816453517,-0.823251284,-0.065709692,-0.966513586,-0.41556969,0.744381285,,0.004793994,-0.426029437,0.362178429,0.513902826,,-1.558331028,-1.095946781,-0.709285792,,,,-0.11932139,,0.620581586,,,0.687715865,0.872932714
1/07/1995,-0.16810596,-0.500948581,0.334863762,0.39012866,0.211248189,-0.040562226,,,,,,,,,,,,,,-0.768735776,,,,-0.302182441,-0.21156964,,0.091220262,1.314356696,1.067265289,-0.376013028,-1.293196335,0.195419832,0.089427135,-1.684303188,,-0.34757495,-0.353575319,0.550224988,-0.738951841,,0.54517464,0.564284916,0.792468981,,,,1.908258416,,-0.406820819,,,0.764494241,1.167161855
1/08/1995,0.487416549,0.904504147,-0.291238546,-0.470976699,0.223941348,-0.247675355,,,,,,,,,,,,,,-0.485759314,,,,-0.254226531,0.296319579,,-0.018810667,-0.588827693,-1.495404034,-0.766027237,0.173906686,-1.081198059,-0.425047879,1.231992555,,0.134371499,-0.236027925,0.336263139,0.385840458,,0.599281992,0.468173011,0.215966291,,,,2.033430844,,-0.598898997,,,-0.907774267,0.791129193
1/09/1995,-0.713853041,-0.090133752,-0.934453553,0.255827172,-0.106360117,0.214094113,,,,,,,,,,,,,,-0.424146278,,,,-0.330453738,-0.003986274,,-0.101834602,0.147783889,-1.090412671,0.112996826,0.19384091,0.047045253,0.222934122,0.059909539,,0.928221445,0.169278053,0.224537902,1.122673376,,-1.45736166,-1.095118618,-1.303108139,,,,-0.088217395,,-0.559381051,,,0.524502931,0.353097483
1/10/1995,-0.653268042,-1.257415717,0.481869668,1.096159849,-0.389529053,0.066463176,,,,,,,,,,,,,,-0.363135145,,,,-0.299169613,-0.091244051,,-0.023867834,-0.490792632,0.644131161,-1.177781289,-1.402038599,-0.804490825,-0.050778437,0.312829327,,0.305036436,0.584149989,-0.056969035,0.219824228,,-0.160494234,-0.284322148,-0.48327014,,,,0.328264741,,-0.701987129,,,-0.206551646,-0.494020795
1/11/1995,1.778409971,1.163670754,1.307160399,-0.553379205,-0.228081148,0.078523907,,,,,,,,,,,,,,-0.408835796,,,,-0.123358472,-0.106204562,,0.06373459,-0.410332522,-0.051778139,0.158225747,0.409715891,-0.019439406,0.274199589,-0.827423027,,0.858147588,0.566494373,-0.202284042,1.03708079,,0.039280757,0.053865577,0.034487181,,,,-0.361236173,,0.747318698,,,-0.071000043,1.226144465
1/12/1995,-0.326176705,-0.212612701,-0.221883694,-1.467013283,0.553408589,-0.360911347,,,,,,,,,,,,,,-0.307886862,,,,-0.153766682,0.573094098,,0.095417277,1.377192582,0.270190669,0.008483161,-0.582842613,0.381599406,-0.372766298,-0.519505885,,1.201445084,0.681842391,0.04467288,1.355157956,,-0.533780991,-0.45741523,-0.686477266,,,,0.047707098,,0.025149905,,,1.645721039,-0.1987348
1/01/1996,-0.407628455,0.749805418,-1.426826224,1.585054785,-0.710470893,0.689627938,,,,,,,,,,,,,,-0.058637445,,,,0.019911748,-0.474256572,,-0.015219054,0.672761485,0.091315622,-1.014855873,-0.521882886,-1.152466854,0.475589912,0.362366007,,0.679988774,0.366701143,0.323190429,0.751538058,,-0.046797938,-0.199853801,-0.379466911,,,,0.525891324,,-0.051146415,,,-1.440290648,1.313638012
1/02/1996,-0.216507662,-1.233348741,1.089044497,-0.582789016,0.634889091,-0.55508604,,,,,,,,,,,,,,-0.164444305,,,,0.280845919,-0.278434419,,0.217169091,-1.10788669,-0.04932079,1.376138527,0.680635037,1.559388827,-0.732529494,0.896230106,,1.222982834,0.106205038,0.177496487,1.467566124,,0.560539348,0.428753439,0.502421836,,,,0.523205993,,-0.480762336,,,0.326997608,-0.458507072
1/03/1996,-1.125491555,-1.042443644,-0.457991306,0.518899184,-0.185796062,-0.083818835,,,,,,,,,,,,,,-0.13436035,,,,0.898131263,-0.149193401,,-0.087115396,0.81200112,-1.167773957,-0.358740619,-0.492800285,-0.195210954,1.076282056,-0.644409512,,0.768692546,0.122786432,0.360853907,1.007460004,,2.369666568,1.724737631,1.848256428,,,,0.847668154,,-0.760296981,,,0.233070108,0.225748502
1/04/1996,0.487167773,0.764060188,-0.127864892,0.836971232,-0.095422414,0.382278408,,,,,,,,,,,,,,-0.112684108,,,,0.631978266,0.143953864,,0.007319804,-0.649100733,0.409815685,0.138559207,1.013867495,-0.399055399,0.038617835,0.139980104,,0.533304064,-0.003960044,-0.042348261,0.665753906,,0.791605335,0.445419521,0.290079147,,,,0.176919853,,-0.354891874,,,-0.277934929,-0.03104987
1/05/1996,-0.199513125,-0.236151129,-0.009155352,-0.752499112,-0.176130968,-1.286360609,,,,,,,,,,,,,,-0.273180396,,,,0.629619034,-0.307007445,,-0.262353476,-0.213314832,0.049526244,0.511458822,-1.586351363,1.486868243,-1.767738622,0.441623155,,-0.365748131,-0.164972519,1.129389919,-0.372692351,,-0.315059046,-0.116831483,-0.047556455,,,,1.013267435,,-0.274063219,,,-0.656294024,0.237777261
1/06/1996,-0.253730688,-0.503359842,0.2089195,-0.728361318,0.544799516,0.238510047,,,,,,,,,,,,,,0.147350137,,,,0.405194695,0.503896184,,0.33076242,0.302397616,-1.386172509,-0.991520185,0.542969374,-1.514237143,0.902636797,-0.632127654,,0.034430397,-0.306571834,1.523956198,0.345315205,,0.38098622,0.33584524,0.400761759,,,,-0.390854416,,-0.245591724,,,0.67401895,-0.043787424
1/07/1996,-0.305448059,0.232551796,-0.686347555,1.588335263,-0.305809964,0.067477192,,,,,,,,,,,,,,0.153425469,,,,-0.129844949,-0.140346639,,-0.253149202,-0.626563396,0.073026588,1.00627338,0.152630312,1.216067898,-0.068491547,0.191914105,,1.646031455,0.470093061,2.246401257,1.073445884,,-0.807779293,-0.7008385,-0.866586964,,,,-1.052639965,,-0.295957251,,,-0.213121552,0.70011765
1/08/1996,-0.485220464,-1.046888311,0.478273312,0.821925882,-0.28405739,-0.006471325,,,,,,,,,,,,,,0.169851758,,,,-0.044094489,-0.461163376,,0.146978245,-0.053700998,0.562442387,0.249086497,0.485812569,0.071311979,0.335426169,0.19174037,,-0.221104235,0.154422089,0.462216689,-0.24880803,,-3.081133631,-2.060697134,-1.778768986,,,,0.895057579,,0.277885135,,,0.1694208,-1.159762173
1/09/1996,-0.585043628,-0.189745744,-0.61866646,-0.654004025,-0.476742676,-0.283527527,,,,,,,,,,,,,,0.29811772,,,,-0.061419145,-0.842032391,,-0.046346375,-0.259208479,-0.338760991,-1.522874377,-0.088199305,-1.997631288,-0.592506555,0.789721767,,0.132548291,0.176686823,0.016462216,0.164543905,,0.007147301,0.015219231,-0.034772103,,,,0.370818152,,-0.557849964,,,0.13057192,0.721390234
1/10/1996,-0.185979931,-0.217220194,-0.008924444,0.967005545,0.092214073,0.200537852,,,,,,,,,,,,,,0.254370577,,,,-0.175128714,-0.030230599,,0.030308859,0.492269506,0.437138578,1.663329352,-0.383723245,2.383970261,0.847883958,0.071871067,,0.276868615,-0.075223817,0.051462401,0.44500252,,-1.262023851,-1.076808271,-1.354954892,,,,0.049969436,,-0.025309936,,,-0.484368973,0.619656278
1/11/1996,-0.391929136,-0.4421243,-0.059147949,-1.361276673,0.230449938,-0.399129819,,,,,,,,,,,,,,1.392412394,,,,0.271943779,0.003244321,,0.092233361,-0.762186152,-0.078671994,-0.378996739,0.208418441,-0.536450717,1.571228317,1.655448154,,-0.509892714,-0.222485048,-0.257326944,-0.395860687,,-1.041952673,-0.875457826,-1.17649674,,,,0.802084634,,-0.47552614,,,0.482250758,0.424000608
1/12/1996,0.305418403,0.186731176,0.251110099,0.846966735,0.040416121,-0.279707036,,,,,,,,,,,,,,0.197755854,,,,-0.21477023,0.043811005,,0.053347767,0.486374298,-0.032272473,-0.413690446,0.575688127,-0.828919192,-1.775727605,-2.027141364,,-0.026854774,-0.330719045,0.124377928,0.283177362,,0.123711009,0.306733135,0.591345661,,,,-0.325978164,,-0.204642839,,,1.526512197,1.155652814
1/01/1997,-0.041554766,-0.815830717,0.848037106,-0.262776119,0.049229967,0.406790915,,,,,,,,,,,,,,-0.024682978,,,,0.098160852,0.154552134,,-0.099551341,0.599402212,0.2430622,0.951056442,0.371131617,1.023178523,1.001022824,-0.198479927,,0.480846957,0.130891968,0.60296055,0.522528956,,-0.081926166,0.234396444,0.487507878,,,,-0.836499113,,0.682071054,,,-1.863058035,0.009790632
1/02/1997,-0.389690376,-0.463506533,-0.034554742,0.735676614,0.399233632,0.144126236,,,,,,,,,,,,,,0.205239652,,,,-0.024979803,0.796201376,,0.079438618,0.631039266,0.470364609,0.662922117,-0.279621613,0.881044526,-0.099683118,-0.613380872,,-0.274283456,0.434522724,-0.158644088,-0.505335001,,0.42078623,0.181412856,-0.143573557,,,,0.742987462,,0.280973868,,,0.563992146,0.406675096
1/03/1997,-0.276784788,-0.416370618,0.072395909,-0.487057353,0.12903436,-0.099119004,,,,,,,,,,,,,,-0.081307698,,,,0.266850237,-0.473218659,,0.099658528,-1.422511206,-1.354417936,-0.193956209,1.549565334,-0.93319298,-0.426726482,-0.763627639,,-0.261148742,-0.209764673,-0.001064788,-0.083291236,,1.641309898,1.366621565,1.662168263,,,,0.728780113,,-0.417037094,,,-0.458214366,-0.058394189
1/04/1997,-0.574023064,-0.587173354,-0.166316134,-0.061081421,-0.096130369,0.02795884,,,,,,,,,,,,,,0.539002145,,,,-0.075375524,-0.994363111,,-0.367068251,0.59827407,1.04510267,0.059137993,0.831044818,-0.371819966,-0.910821439,0.620936683,,0.483418618,0.604078641,0.027174851,0.344809223,,-0.558832687,-0.207450265,0.144235934,,,,0.109077132,,-0.067790597,,,1.344273122,0.710135962
1/05/1997,-0.263883046,0.061706792,-0.424676063,-0.042923193,0.049629336,-0.517014209,,,,,,,,,,,,,,0.106573117,,,,-0.301928814,0.876972186,,0.143214345,1.184090311,-0.679240719,0.559446784,1.313949109,0.002995448,0.783061721,-0.134418688,,0.845400063,0.567288637,0.04986854,1.094141402,,-0.648739768,-0.601830116,-0.718661704,,,,-1.706111877,,0.137499603,,,0.284237481,0.267515214
1/06/1997,-0.342901873,-0.841122285,0.432575875,-1.003256987,-0.095967498,0.159853004,,,,,,,,,,,,,,0.0671213,,,,-0.364368124,-0.437204146,,0.071843603,3.460892448,1.648166242,-0.995780971,-2.674491586,0.173769395,3.038152191,0.601349654,,-0.066420913,0.21777068,-0.100786582,0.32393981,,-2.362295004,-1.715301203,-1.590396264,,,,-0.860106501,,0.127731236,,,-0.089339304,0.416262527
1/07/1997,-0.070893778,0.464994171,-0.586643428,1.325659128,-0.139089367,-0.50543032,,,,,,,,,,,,,,0.431673291,,,,-0.486636873,0.270121721,,0.142433236,-3.73455924,-0.180821592,-0.327380588,-0.647011445,-0.075424796,-3.239318601,2.356621609,,1.491229348,0.629161488,0.605954951,1.17356143,,-0.942651118,-1.04998827,-1.547528917,,,,1.015259063,,-0.15546775,,,-0.01619159,-0.321137731
1/08/1997,-0.768695797,-0.988192948,-0.011456892,-0.551180836,-0.198404207,-0.110656275,,,,,,,,,,,,,,0.276980099,,,,-0.23458966,-0.139232979,,-0.23912912,0.428680996,0.08651342,2.335716611,3.321232722,1.212321204,0.806969156,-1.649890079,,0.687072727,0.592827764,-0.042854025,0.821486318,,-0.252633332,-0.078670562,0.07921168,,,,-0.086320335,,0.283607125,,,0.502291598,0.227180162
1/09/1997,1.388363553,1.345479776,0.529373513,-1.902408473,-0.391460189,0.409849322,,,,,,,,,,,,,,0.314358825,,,,-0.146718889,0.216557107,,-0.009276876,0.103382954,-0.097123389,-1.211989838,-1.091523832,-0.945184688,0.157721821,-0.683335724,,0.228467666,0.348582604,0.726640396,0.078022198,,-1.048399254,-0.767681108,-1.022020635,,,,-0.341982253,,0.277873091,,,0.459463902,0.43537726
1/10/1997,-0.578112337,-0.644646618,-0.111781978,-0.115767106,0.551038716,-0.111724885,,,,,,,,,,,,,,0.389677131,,,,-0.137040184,-0.194045748,,0.044629467,-0.614653147,0.028247696,-0.448951562,0.410490807,-0.843770341,0.183682846,0.033617398,,0.374345825,0.294558137,1.316894839,0.194726828,,0.141417645,-0.086847734,-0.361500134,,,,-0.411136183,,-0.188810083,,,-0.359742667,-0.385919472
1/11/1997,1.277201587,0.904642867,0.841044161,-0.173948373,-0.051841274,0.385460544,,,,,,,,,,,,,,0.15881288,,,,0.159087514,0.302286723,,0.004744633,0.508819719,0.295068837,0.912766193,0.173124213,1.134983343,-0.220100407,-0.041648038,,0.761318586,0.181824956,1.204973341,0.735546116,,0.150774488,-0.117372874,-0.433886746,,,,-0.085256326,,0.740178487,,,0.793408246,0.340816391
1/12/1997,-0.801120624,-0.971835789,-0.080292272,-0.323613471,-0.275964101,0.025029706,,,,,,,,,,,,,,-0.048975381,,,,-0.295723274,-0.218011309,,-0.191539035,-0.569761281,1.051642535,0.068442644,0.275301157,-0.048471116,1.167215645,0.436642125,,0.544954491,-0.79046183,0.965763824,1.080111405,,0.670763898,0.34228501,0.387869642,,,,0.695734916,,0.490166563,,,0.171987211,0.164804684
1/01/1998,-0.177169914,0.522812352,-0.789730781,-0.177549675,0.029968466,-0.183791679,,,,,,,,,,,,,,0.113806119,,,,-0.223601673,0.097256017,,0.044190699,-0.323412461,0.128175087,0.111335616,0.276972968,-0.002110616,1.980898028,-0.372463414,,-0.063017758,-0.054942542,0.704540356,-0.07578949,,-1.034780575,-0.866918081,-1.007828531,,,,2.345233072,,-0.579808774,,,0.158804008,0.29518614
1/02/1998,-0.021712735,-0.424967609,0.4335292,-0.407862133,-0.296156441,-0.256363843,,,,,,,,,,,,,,0.019659196,,,,0.391433316,-0.545720244,,-0.127303227,-0.117557583,-0.69258216,-0.543625444,0.165874562,-0.8228608,-1.956469588,0.126838882,,-0.294176052,0.018545288,0.622798727,-0.55466543,,0.027363059,0.114943166,0.296862692,,,,-0.800490966,,-0.980038136,,,0.082843919,0.01966312
1/03/1998,-0.300910655,-0.074799772,-0.328925731,0.593266454,-0.095789621,-0.10413583,,,,,,,,,,,,,,0.028718604,,,,-0.204336492,-0.332856638,,-0.100412032,-0.482445529,1.177468037,0.673064464,-0.052537448,0.934830927,-0.599162271,-0.355919814,,0.323437728,0.343277796,0.297564887,0.387496951,,-0.235182476,-0.091481941,-0.029731136,,,,-0.627971742,,-0.14246987,,,0.993224797,1.021179705
1/04/1998,0.525725518,0.37277114,0.35320923,-1.331887485,0.574738374,0.206335002,,,,,,,,,,,,,,0.132114794,,,,0.013714132,0.10255772,,0.269665573,0.646139592,-0.847676848,0.868513765,0.484090844,0.816661578,2.114065284,1.037167362,,0.308315248,0.420784529,0.16102423,0.155245856,,-0.44568446,-0.453322671,-0.528575531,,,,-1.021614547,,0.454380437,,,-1.294324498,0.096814455
1/05/1998,-0.441314194,-1.490349339,0.957562964,0.837919731,-0.375080466,-0.397843872,,,,,,,,,,,,,,-0.080872425,,,,-0.053558122,0.097315664,,0.062743463,0.175471727,0.40156789,-1.023581373,-0.087482935,-1.228527614,-0.545620875,0.525606168,,-0.241796314,0.677189698,0.546449711,-0.424982252,,0.142848885,0.0254618,-0.106672777,,,,-0.333463259,,0.248160264,,,1.175656131,0.035666114
1/06/1998,0.175298536,0.550354482,-0.318098902,0.384863891,-0.01818991,0.342740325,,,,,,,,,,,,,,-0.338163471,,,,-0.90910032,-0.161720083,,-0.038492671,0.343168504,0.906921416,0.84040194,0.709892336,0.708956073,0.122998713,-1.007545566,,0.70385964,0.528403413,0.406510881,1.04747492,,0.830321065,0.303400766,-0.161478033,,,,0.244804911,,0.26530517,,,0.237651376,0.135016317
1/07/1998,-0.044226842,0.667802354,-0.746956491,0.750575551,-0.295810582,-0.288628646,,,,,,,,,,,,,,-0.221114308,,,,-0.374906779,0.478430312,,-0.071438674,-0.648676965,0.031333445,-0.22948081,-0.545436281,-0.005515675,-0.912402296,-1.231597436,,0.94759344,0.244576942,0.625706672,0.732408455,,-0.216173633,-0.135966257,-0.13587486,,,,-0.400557522,,-1.069855725,,,-0.53724685,0.408204104
1/08/1998,-0.046230892,-0.050601981,0.000570383,-1.028001826,0.391937923,-0.374340149,,,,,,,,,,,,,,-0.303503803,,,,-0.275612707,-0.206790959,,0.053496151,0.392372023,-0.643659098,-1.2242049,-1.373846561,-0.832380017,-2.025135027,1.323963614,,-0.187908432,-0.163292016,1.095721786,-0.228377475,,0.519141988,0.416391304,0.409418781,,,,-2.644463438,,0.82782019,,,1.084612604,0.254481961
1/09/1998,0.832652449,0.442343293,0.701682065,-0.550362142,-0.730911432,0.068952022,,,,,,,,,,,,,,-0.233813808,,,,-0.354874464,0.161498536,,-0.003148609,-0.639044827,0.271650038,-0.306988914,0.061804221,-0.446557364,0.246500495,-0.887197014,,0.332829343,-0.154303324,0.98491382,0.368472915,,-1.312375797,-0.95546396,-0.886660739,,,,0.73662116,,-0.41253171,,,-0.46142034,-0.170626591
1/10/1998,-0.090112883,-0.488795428,0.393019529,-1.525761546,0.7306126,0.414268379,,,,,,,,,,,,,,-0.317915139,,,,-0.392741909,0.254440496,,-0.004601668,-0.061827178,-0.039277605,-0.077432518,-0.100837809,-0.044645901,-0.592466007,-0.058390262,,0.253408305,-0.093919346,0.697076791,0.321026365,,-2.023526125,-1.390798276,-1.167657604,,,,-0.226360809,,-1.328407776,,,0.722434579,0.516471291
1/11/1998,-0.990041082,-1.154997226,-0.157284677,1.594044453,-0.561616598,-0.097462321,,,,,,,,,,,,,,-0.190330572,,,,-0.051846317,-0.455912066,,-0.131294469,-0.855593838,-0.99804049,0.880333897,-0.291090309,1.273154045,1.196398858,0.786222825,,0.45577075,0.552029229,0.717624851,0.248818508,,0.840963884,0.591362455,0.552873757,,,,0.930316949,,-1.044863425,,,0.462237111,-0.394315615
1/12/1998,0.226760181,0.381283744,-0.072580219,-2.135681472,0.029358767,-0.143798605,,,,,,,,,,,,,,-0.206882435,,,,-0.17460502,-0.600186772,,0.004334722,0.393042914,-0.453759518,-0.10276779,-0.417709687,0.071719689,-0.087237307,-1.466882886,,0.725909428,1.012826876,2.003037183,0.43370969,,-0.542254927,-0.584198868,-0.842379057,,,,-1.80597268,,-0.018631568,,,-0.480314259,-0.933424723
1/01/1999,-0.387557666,0.302852318,-0.835980014,-0.275218189,-0.422857831,-0.378947219,,,,,,,,,,,,,,-0.031810001,,,,0.638347459,2.003581152,,0.059538601,-0.785072606,0.113968298,-0.778250328,0.173337131,-1.038331368,-0.42771006,1.080477742,,0.742053868,0.097569874,2.376583757,0.545716567,,1.194379021,0.893624202,0.89703631,,,,1.224313859,,-0.462773894,,,1.16025474,0.764646886
1/02/1999,-0.170171981,-0.398090763,0.188742659,0.024261247,-0.139570287,0.396280516,,,,,,,,,,,,,,-0.118351817,,,,1.100911535,-0.509434238,,-0.03329686,-1.070764402,-0.059771668,0.896835987,0.295508835,0.961311542,0.796613487,0.240386734,,-0.097642252,-0.191914051,0.972738591,-0.317210547,,0.592191643,0.446591791,0.582787782,,,,0.387881385,,-0.85778845,,,-0.335790465,0.114149669
1/03/1999,0.348899984,0.351497719,0.125856786,-0.46162438,0.002303997,0.396777501,,,,,,,,,,,,,,-0.047817149,,,,0.81294489,0.222487896,,0.121726939,0.641666742,0.467216565,-0.424607302,0.84614364,-0.969102405,-0.887730245,-0.039591758,,0.604002496,0.589377102,1.226014257,0.457060764,,0.595598255,0.554256594,0.759248734,,,,0.45401416,,0.411571886,,,0.406356345,-0.982729266
1/04/1999,-0.342383771,-0.264036684,-0.188174644,-0.124298185,0.446325985,-0.135938351,,,,,,,,,,,,,,-0.048956167,,,,0.976551984,0.154545111,,-0.168271089,-1.322083625,-0.518709659,0.712543522,0.350450968,0.737721615,-0.37453778,-1.528949335,,0.994256078,1.266443363,0.839667736,0.589678135,,-0.739762757,-0.520060903,-0.488243794,,,,1.422639464,,-1.11172116,,,0.098801386,-1.499672984
1/05/1999,-0.726925969,-1.031451695,0.076841072,0.261161767,-0.19067164,-0.218312981,,,,,,,,,,,,,,0.06094001,,,,1.010108785,-0.075175826,,0.119878498,0.353595524,-0.347665584,-0.326251272,1.30990626,-1.209290167,0.298570982,0.49548335,,-0.439400896,0.174852857,0.840838926,-0.583419285,,1.913526469,1.556165532,1.68738951,,,,-0.198132449,,-1.129172636,,,0.46051036,1.147947254
1/06/1999,1.017498168,1.274518591,0.091353932,-1.795448626,0.368849594,-0.593859471,,,,,,,,,,,,,,-0.405887579,,,,0.629783427,-0.175679648,,-0.072358955,0.048293661,-0.20548784,0.601492157,-0.057234712,0.893549855,0.447961739,0.608248685,,0.17011576,0.41589614,1.480121635,0.072251857,,0.778222689,0.78895241,1.103922319,,,,0.251015834,,0.211167048,,,-0.470112126,0.018419686
1/07/1999,0.107730313,0.396488449,-0.251514972,0.13391609,-0.675785493,0.60138115,,,,,,,,,,,,,,0.377189934,,,,0.710889065,-0.32582679,,0.084916982,0.807307137,0.236649508,0.954910378,1.09811969,0.650897126,1.765072804,0.714241617,,0.398917434,1.342858702,1.343773462,-0.429145803,,-0.226319473,-0.149567236,-0.160402339,,,,-0.843900893,,-0.015125103,,,1.694803592,0.116687455
1/08/1999,-0.174587175,0.19875831,-0.43675577,1.167643728,-0.623343762,0.778452015,,,,,,,,,,,,,,0.138566627,,,,0.468295782,0.876337745,,0.023417735,0.09334138,0.63714383,0.365009637,0.058117549,0.425592955,0.369824672,-1.129219379,,0.474069208,1.102515446,1.423566877,-0.012130155,,0.650649797,0.56099467,0.710059867,,,,-0.731759492,,1.188256859,,,0.296683176,-0.38313714
1/09/1999,-0.027394366,-0.072784314,0.049025914,0.702230144,-0.82184509,-0.257061938,,,,,,,,,,,,,,-0.040159505,,,,0.683365722,0.31754521,,0.070316025,0.1583071,1.42423959,-0.396997778,0.989124991,-1.067578412,-1.033058528,-0.587992796,,0.842957162,1.585904992,0.781606228,0.337535137,,0.352835261,0.224507572,0.075446522,,,,0.652155862,,-0.000539291,,,-1.046547697,-0.577184573
1/10/1999,0.703199532,0.558988674,0.398690675,-1.270444338,0.747342008,0.877000338,,,,,,,,,,,,,,-0.054950766,,,,0.805321869,-0.375800033,,-0.048351453,1.500010969,-0.627931959,0.133344683,-0.167397441,0.289790154,0.37526876,-0.334348829,,0.686670589,1.075090327,1.574671679,0.216968816,,1.200200052,0.877805588,0.910330859,,,,-0.866184175,,0.308639145,,,1.391471583,0.143749682
1/11/1999,-0.106181446,-0.120632531,-0.011275305,-1.630647656,0.198161786,-0.105306718,,,,,,,,,,,,,,-0.11542575,,,,0.807984425,0.210961624,,-0.052480215,-0.493811168,0.230903679,0.442863902,1.315253254,-0.173175496,0.197825169,0.740824269,,0.42476629,0.46461106,1.046139283,0.145591934,,0.307777649,0.138203417,-0.085723599,,,,-0.280305166,,0.116700209,,,-0.351876131,-0.116473158
1/12/1999,0.535469598,0.249189772,0.486765843,1.234723442,-0.34148576,0.408696786,,,,,,,,,,,,,,-0.179369834,,,,0.186057889,-0.478721964,,-0.316592718,0.125166344,-0.550655017,0.392415533,1.647926223,-0.528034826,0.302089761,-0.171587985,,0.781168914,1.885616032,0.788594879,0.367928644,,0.640876041,0.566309359,0.643889277,,,,0.724391959,,-0.263148042,,,-0.074204513,-0.072456569
1/01/2000,-1.689326161,-1.538508271,-0.718344951,0.445566854,-0.075487077,0.998530796,,,,,,,,,,,,,,-0.027789498,,,,0.529588041,-0.540343254,,0.083669085,-0.103704404,0.596672227,0.668491308,-1.004174305,1.610793864,0.543773138,-0.240541868,,0.860616091,2.021456001,1.457955873,0.067764196,,2.036853283,1.50342141,1.46897407,,,,-0.275792193,,-0.2055719,,,0.294905109,-1.111574183
1/02/2000,0.990695965,0.453214643,0.895313678,-0.703871603,0.167953028,-1.872306507,,,,,,,,,,,,,,-0.129029049,,,,-0.124964371,-0.357037797,,0.314302782,1.424000188,0.252205203,-0.304979682,-0.391396604,-0.183992468,0.189941307,0.025308912,,1.403018136,1.551019437,0.66996006,0.961353501,,-0.035573045,-0.196163534,-0.618089221,,,,-1.018154473,,1.708551688,,,0.618469444,0.710490468
1/03/2000,0.914735055,1.34133882,-0.114782317,-0.235270156,-1.755279985,-0.023964058,,,,,,,,,,,,,,0.299302482,,,,-0.061822715,-0.024769891,,-0.067090914,0.106308645,-0.012571539,-1.543581531,-1.199140728,-1.433573423,-0.595589669,0.527015795,,0.804841708,1.823854462,1.677508072,0.103699105,,-0.954140276,-0.877597249,-1.147368559,,,,-0.977370324,,0.511662555,,,-0.385945375,-0.177311137
1/04/2000,0.610759733,0.178002183,0.658256662,-0.903985419,0.409472945,-0.313952286,,,,,,,,,,,,,,-0.052108564,,,,-0.44339823,-0.205983405,,0.311017343,-0.177905836,-0.640017962,-0.285095081,-1.330030975,0.422426942,0.442367528,1.213831093,,0.656303321,1.111978978,1.459650058,0.049017337,,-0.686677026,-0.688427705,-0.89331312,,,,-0.428356255,,0.28451878,,,0.433969099,0.273417973
1/05/2000,-0.440227376,-0.609041373,0.026585046,0.188697367,1.091885116,0.867256819,,,,,,,,,,,,,,-0.08225486,,,,-0.75793,0.676865025,,-0.111646977,0.729613756,3.001876678,-1.181076928,-3.475174685,0.317203045,-0.037328691,-1.366253947,,1.026922276,1.178628991,1.14419437,0.828694373,,0.578609026,0.495153064,0.707738499,,,,-0.804538477,,1.205431393,,,0.829427171,0.182425557
1/06/2000,0.766173942,2.025766686,-1.022520092,-1.488682122,-1.314856182,1.551195931,,,,,,,,,,,,,,-1.26671685,,,,-0.48615932,4.402768655,,0.033184931,0.682919809,0.354966809,-2.400431852,-4.391088446,-0.778065251,-2.787095526,0.005280714,,0.895387427,1.158342765,1.736416469,0.529828375,,-1.238338874,-0.905500796,-0.855505087,,,,1.332625955,,-0.312660082,,,0.980804433,1.649755939
1/07/2000,1.867366717,1.004804215,1.526112187,-0.824648344,-0.570398039,0.078085286,,,,,,,,,,,,,,-1.409381838,,,,0.49136642,-6.923407753,,0.115047019,-0.018858386,-1.164034842,-1.94791356,-3.898315689,-0.498676548,0.017391633,0.604840635,,0.519612045,0.90307444,-0.025178731,0.306923484,,0.014765192,-0.039346214,0.036132573,,,,-0.440541933,,0.288555965,,,-0.837357311,-1.401935187
1/08/2000,-0.410671039,-0.975298589,0.439557692,0.448105019,1.987906313,-1.072233236,,,,,,,,,,,,,,-1.265784313,,,,0.905652668,2.806578208,,0.077130141,-0.532939919,0.132756451,-0.482559317,0.333044649,-0.691770732,-0.760879129,-1.105832348,,0.668659452,0.442314324,0.311742867,0.676943138,,1.195170359,0.665476211,0.277103625,,,,-0.380475003,,0.29129573,,,-0.075542885,-0.284819509
1/09/2000,-0.432193789,0.605068473,-1.188586552,-0.452397299,-1.147929845,0.07120325,,,,,,,,,,,,,,-1.69591805,,,,-0.061905593,0.883946815,,0.267633134,3.868557673,-0.172886716,-0.056703888,0.070635561,-0.101151758,-1.580017167,0.36908354,,0.038877427,0.217457867,0.373243216,-0.048670642,,-0.217927538,-0.208398838,-0.218408484,,,,-1.708528575,,1.58278647,,,0.709432223,0.34378542
1/10/2000,-1.000536144,-1.662284151,0.342873398,0.210853656,1.171539518,-1.040221347,,,,,,,,,,,,,,-1.57549368,,,,-0.300520458,-0.785761499,,-0.085994839,-1.73575427,0.860444105,0.212641211,-0.068550889,0.282810877,2.914802071,-0.38949003,,0.518955835,0.172451758,1.073474836,0.530612625,,-0.605665295,-0.268161822,-0.020327928,,,,-1.322953158,,1.060562758,,,0.122661388,-0.733831704
1/11/2000,-1.876674179,-0.802906808,-1.719100048,1.224332728,0.131079392,-0.626575285,,,,,,,,,,,,,,-1.389343042,,,,-0.611711644,-0.219581303,,0.279701599,-0.160259053,0.054973089,1.590288835,1.654876146,1.062037395,-0.771750364,0.217626535,,-0.020619607,0.390907828,2.252611527,-0.675930394,,-0.421465938,-0.289246828,-0.305232107,,,,0.732992031,,-0.096250121,,,0.050019448,0.198395468
1/12/2000,0.733016795,-0.473968675,1.484427584,-0.098428807,-0.484769246,-0.32610741,,,,,,,,,,,,,,-1.298626813,,,,-0.351105581,0.536871506,,0.083169822,-0.953561301,-1.133779526,-0.674964453,-1.058801094,-0.295935519,2.764301421,0.271431214,,-0.060264659,-0.119815892,1.664994209,-0.057548268,,-1.784833643,-1.343732356,-1.34619457,,,,1.741334754,,-1.453726718,,,0.469938187,0.248408865
1/01/2001,-0.116576775,-1.143268966,0.99137734,-0.518693992,0.13081454,0.363625264,,,,,,,,,,,,,,-1.45179025,,,,-0.299565072,0.331074554,,0.019733961,-0.29606973,-0.683096396,0.03591771,0.54580159,-0.189344704,-2.088267928,0.623990174,,0.805376843,0.521020971,0.789991576,0.822967863,,-1.313468705,-0.750175948,-0.375834969,,,,-0.395087491,,-0.364609291,,,-0.19932802,-0.638519434
1/02/2001,-0.352251799,0.149441277,-0.609118419,1.781283815,-0.117307547,-0.13001679,,,,,,,,,,,,,,-1.462299436,,,,-0.05049022,0.760769333,,-0.113481275,1.533658542,-0.628702822,-1.276706731,0.183243668,-1.676141514,-0.626988721,-1.382109675,,1.270418418,0.918859882,1.081295967,1.059960778,,-0.258850911,-0.218615424,-0.20927671,,,,-1.369727893,,1.130703305,,,0.735629404,0.102886173
1/03/2001,-0.106996626,0.437297043,-0.57158782,-0.198348827,0.073637001,-0.448495287,,,,,,,,,,,,,,-1.489840139,,,,-1.253402107,0.168058078,,0.21937443,-0.401111036,1.022173995,0.537766634,-0.634063068,1.027410693,1.883250871,1.783152304,,-0.190094783,0.796670792,0.55949512,-0.567011767,,-0.91772472,-0.664700895,-0.55074672,,,,-1.507283415,,1.06658556,,,0.322630805,0.622408475
1/04/2001,0.978519586,-0.960531686,2.25247623,1.61558303,-0.720846964,0.014662484,,,,,,,,,,,,,,-1.585326328,,,,-1.159719135,0.130701239,,0.107471074,0.357647859,0.335702617,1.168088443,2.927384109,-0.036718843,-1.069974411,-1.076816752,,-0.181220013,0.80655756,0.851531365,-0.805502569,,1.155117082,1.070023877,1.459641485,,,,1.343406097,,0.492290934,,,-0.115310034,-0.606446212
1/05/2001,-0.549486776,-0.465796524,-0.261801352,0.573734813,-0.241113429,0.464243364,,,,,,,,,,,,,,-1.446498145,,,,-0.750055317,-0.073052969,,-0.100842977,-0.141585156,-0.614541948,1.899183174,2.7763336,0.96219293,0.7714329,1.149780627,,0.658741969,1.467233797,0.568361335,0.292766288,,1.150525612,1.02793869,1.211793504,,,,0.033884842,,-0.403377856,,,-0.948186281,0.355931984
1/06/2001,-0.464684122,-1.491397073,0.834984274,0.236822393,0.29845627,-0.723947115,,,,,,,,,,,,,,-1.500456294,,,,0.211765256,0.172461184,,0.215236096,0.245126387,-0.107652898,0.174421422,1.27548912,-0.480844753,0.121377678,-1.542895613,,0.038191436,1.08001944,0.75297013,-0.541495554,,0.561876906,0.286035297,-0.09093933,,,,0.262000442,,-0.254301282,,,0.719757118,-0.729804065
1/07/2001,0.158375668,-1.318350868,1.450309264,-0.2239117,0.349271044,0.132051068,,,,,,,,,,,,,,-1.195055777,,,,0.409057825,0.114003026,,-0.027488078,-0.140332783,-0.595313244,0.707643309,1.979153957,-0.230170054,-0.535657819,0.459202748,,-0.622462908,1.217982125,1.267368226,-1.647382821,,1.095024784,0.77814073,0.658281706,,,,-0.717544743,,0.031934187,,,0.333268751,-0.378014869
1/08/2001,0.210703949,0.338806237,-0.044016453,0.050828398,0.156045262,-0.376283619,,,,,,,,,,,,,,-1.298169122,,,,0.142794795,-0.18519255,,0.00771433,-0.948308641,0.387171824,2.041804938,1.594372797,1.885424723,0.952906422,-0.722664023,,0.29735141,1.737501959,0.051819882,-0.51129937,,-1.168992386,-0.929112955,-0.964984428,,,,1.166786153,,-0.784297475,,,-0.269148239,0.301020238
1/09/2001,-0.896944426,-0.44030618,-0.730181268,-0.146924498,0.083781603,0.214757295,,,,,,,,,,,,,,-1.244288167,,,,0.357708352,-0.119894484,,-0.062489586,0.118954218,-0.282472579,-0.283397979,-0.194705772,-0.259425614,0.167949347,1.062817606,,0.182088455,1.474585704,-0.113183375,-0.339956531,,-1.917587148,-1.111441596,-0.519188985,,,,-2.634566873,,1.065042836,,,0.415391659,0.138876327
1/10/2001,0.153656981,0.386912085,-0.164957916,1.781832558,-0.12948242,-0.309875872,,,,,,,,,,,,,,-1.224187577,,,,-0.360894628,0.568675631,,-0.282376888,-0.529672525,0.752274748,-0.021026007,-0.369396869,0.170142432,0.985180092,-0.361269199,,0.117944032,1.990718359,0.63608103,-0.88050699,,-1.044686842,-0.695911631,-0.483717052,,,,1.284934223,,-1.373506955,,,-0.378971715,-0.207815581
1/11/2001,0.496477064,-0.197067136,0.820594126,-1.490895505,-0.220051975,0.234059519,,,,,,,,,,,,,,-1.228215759,,,,-0.143498353,0.141979156,,-0.116275609,-0.848121679,-1.221100028,-0.277856459,0.983711075,-0.93625499,-1.180209346,-0.048711172,,0.960445619,2.084115596,0.534698126,0.173163136,,0.520132681,0.380046341,0.207393048,,,,1.239219777,,-0.735150466,,,0.455121717,-0.080488317
1/12/2001,-0.719284491,-0.010564123,-0.905418898,-0.061458814,-0.066699047,0.163759454,,,,,,,,,,,,,,-1.105675359,,,,0.278680724,0.442339948,,0.413610255,-0.252820864,-0.372455514,-0.152555077,-0.110993136,-0.151576453,-0.38444616,0.498158924,,-0.032921651,1.888766913,1.164362308,-1.017362744,,1.471799636,1.162149462,1.185488316,,,,-0.175873315,,-0.011225988,,,0.669723142,-0.850858516
1/01/2002,0.1986223,-0.279475266,0.519042254,0.309302205,0.134636242,-1.050566732,,,,,,,,,,,,,,-1.126824061,,,,0.570125191,0.550950061,,-0.071947512,0.51814011,0.960940035,-0.088452691,-0.022328943,-0.113345446,1.304411037,-0.777172076,,0.507957963,2.894839125,0.312823491,-0.829104877,,0.452272554,0.285956554,0.186921315,,,,-0.03052992,,0.017184988,,,2.729265761,12.49129093
1/02/2002,0.66307416,-0.247595014,1.073122648,-1.802375702,-0.035507319,1.282700984,,,,,,,,,,,,,,-0.997500832,,,,0.893080319,-0.431201003,,0.17081939,-0.003817853,0.372330566,-0.519758816,0.208361747,-0.981412572,-1.100740912,1.245462074,,0.807439687,1.787369671,0.713533853,0.061423439,,1.146041149,0.670040538,0.329356243,,,,0.636722784,,-0.061273484,,,0.071059201,-0.2627328
1/03/2002,-0.24511936,0.520357537,-0.789369598,-0.471622963,-0.274425592,0.5938709,,,,,,,,,,,,,,-1.101588448,,,,1.263482347,0.201615936,,0.458124705,-0.121527452,-0.800274311,0.89140438,-0.176724699,1.502576644,0.455466483,-1.224138853,,0.580689874,1.640040186,1.35665142,-0.139908121,,1.449443379,1.083731684,1.201065993,,,,0.767689767,,-0.061589816,,,0.295019528,0.521169168
1/04/2002,-0.720694597,-1.119734992,0.126006866,-0.367209192,-0.220630363,-0.985422311,,,,,,,,,,,,,,-0.688431084,,,,0.717997248,0.234844943,,-0.588465067,-0.251895124,-0.028530918,1.053549368,-0.208654406,1.444652317,-0.616617338,1.330900699,,0.908339458,1.841139423,0.453398112,0.212901021,,0.001350276,-0.051730636,0.002758015,,,,-0.102194073,,-0.620003134,,,-0.347668617,-0.622510025
1/05/2002,0.018985835,1.271912927,-1.159908835,0.18409609,-0.31178102,0.3013113,,,,,,,,,,,,,,-0.730153633,,,,0.612814991,0.706903909,,0.287655368,-0.388047018,0.79535043,-0.982821382,-0.317113919,-1.048983161,2.638006208,-0.974958449,,0.225243208,1.200524484,1.499902619,-0.415531392,,0.123354871,0.035868478,-0.206175813,,,,0.959020572,,-1.071371993,,,0.558509553,0.429481423
1/06/2002,0.280131976,-1.967380904,2.17561809,0.661894805,-0.26049765,-0.586980471,,,,,,,,,,,,,,-0.797141648,,,,0.66673967,-0.724840246,,-0.068887301,-0.260256358,-0.363675659,-0.23065757,0.191236977,-0.415858319,-1.515209999,-0.862415393,,1.001332088,1.022601718,1.6055475,0.595324423,,-0.143059023,-0.334193987,-0.620030479,,,,-0.87180103,,-1.021315011,,,-0.250744861,-0.100744941
1/07/2002,-0.216888305,0.644726183,-0.861404958,-1.502424401,0.253321309,0.067092437,,,,,,,,,,,,,,-0.626458551,,,,0.547505771,0.117395728,,-0.036334087,0.430486859,0.272702964,-0.428705438,-0.425809378,-0.341763,-1.00881354,0.072547858,,1.045721302,2.780134184,-0.060147364,0.13581779,,-0.972919272,-0.586282572,-0.438723909,,,,-1.037713054,,0.9476289,,,0.284946517,-0.761048672
1/08/2002,1.078983923,1.120823896,0.331558918,0.894709933,0.041319136,0.618029064,,,,,,,,,,,,,,-0.67955374,,,,0.226837176,0.36027049,,0.115122793,-0.236084625,0.051697425,3.201173635,1.442960986,3.132318273,3.873255357,1.568624081,,0.598700568,1.785328335,1.378946875,-0.501856678,,-0.818701023,-0.614065637,-0.637244771,,,,0.25850962,,0.562640794,,,0.032187389,0.943454695
1/09/2002,-0.339360275,-1.160522261,0.636659517,-0.12456413,-0.197749921,0.02443147,,,,,,,,,,,,,,-0.520348972,,,,0.321941645,-0.057464105,,-0.125544761,-0.671963976,-0.376766358,-3.23761601,-2.341296094,-2.66245162,-1.758671637,-0.270282966,,2.008975175,2.79850857,1.621296019,1.301452154,,-0.40490153,-0.435293597,-0.643558941,,,,-0.324550462,,0.279143726,,,0.21075881,-0.565139284
1/10/2002,-0.157559864,-0.289604594,0.066923702,-0.850830232,-0.331874551,-0.648480619,,,,,,,,,,,,,,-0.505550083,,,,-0.062428485,-0.465104315,,0.152648692,0.596685756,1.511027525,3.361491245,0.305628485,3.453552161,-1.754302678,0.00815808,,-0.39082447,1.200470214,0.304652579,-1.222250375,,0.130254607,0.270963386,0.729957992,,,,0.624181431,,0.134130816,,,0.117946071,0.392211836
1/11/2002,0.903927025,0.770949994,0.430266839,0.224055581,-0.533778781,1.184693372,,,,,,,,,,,,,,-0.529807169,,,,0.237339116,1.001889994,,-0.122514756,-0.52987851,-1.130414693,-3.496563094,-1.221641872,-3.148291048,0.203941892,1.404791603,,0.634547716,1.215817574,1.021486988,0.072511553,,-0.78910963,-0.566076882,-0.483112832,,,,0.257448075,,-0.437765993,,,0.0351357,0.718891972
1/12/2002,0.720934698,1.082240401,-0.080702546,0.155980964,0.701370968,-0.172335782,,,,,,,,,,,,,,-0.516484613,,,,0.235164323,-0.377565511,,-0.018228546,0.197607048,2.45569441,0.118524194,0.255783319,0.018998316,0.493304974,-1.415573888,,0.538640384,2.139234202,0.163056072,-0.239507125,,-0.506435936,-0.299769805,-0.308660135,,,,-0.388288641,,-0.013642438,,,0.042916532,-0.213647982
1/01/2003,0.987550536,0.4476846,0.827626178,-0.443882977,1.049797111,0.530140569,,,,,,,,,,,,,,-0.631829187,,,,0.306876284,-0.155592439,,-0.009157369,0.359881065,-1.816013797,0.686306511,0.054404452,0.776682747,-0.041933356,0.601264664,,0.933192516,1.16608802,1.019787178,0.536925914,,-0.164590592,-0.237370225,-0.357674752,,,,1.037097616,,-0.727381594,,,0.114607011,-0.058286714
1/02/2003,0.241883151,0.407274464,-0.066027418,-0.563850332,0.845161673,-0.388750388,,,,,,,,,,,,,,-0.491817427,,,,-0.194771052,-0.22047726,,-0.007078504,-1.181350756,-0.142000976,-0.937597869,0.495095574,-1.386355174,1.528952871,-0.139873934,,0.975271613,1.69813804,1.402859486,0.248543244,,-0.67305511,-0.445087131,-0.317294247,,,,1.007441567,,-0.213412242,,,-0.025275095,0.0160322
1/03/2003,-1.568801738,-1.931920621,-0.208179239,0.927701049,0.264499692,-0.157529107,,,,,,,,,,,,,,-0.461887115,,,,-0.262192629,0.186014066,,-0.033097544,-0.570938571,-0.745264182,0.892807617,-0.945014044,1.525614631,0.328683013,-0.346227625,,1.810502307,2.185822886,1.373453527,1.344892329,,0.351524585,0.305465539,0.351491371,,,,0.038715675,,-1.155290926,,,-0.153117324,-0.195680145
1/04/2003,-0.432364034,-0.658395555,0.055568257,-0.445068812,0.46003322,-0.142087287,,,,,,,,,,,,,,-0.573104933,,,,0.594435449,0.412049254,,-0.650897713,-1.810268044,-0.343863676,-0.001545312,1.312867231,-0.586141022,-0.913673095,-0.001856782,,0.508666584,2.098688641,2.359703867,-0.971717399,,0.48290589,0.347686753,0.257964731,,,,0.844872691,,-1.332938472,,,0.005340102,-0.182529944
1/05/2003,0.06442326,0.444654057,-0.318824736,0.250934171,-0.103337961,-0.478448468,,,,,,,,,,,,,,-0.390373343,,,,0.657988281,0.177250083,,-0.016880023,-0.325260606,-0.978745302,-0.265112339,0.136838869,-0.394937086,0.051969609,0.053424976,,0.803847625,2.204323163,1.825045819,-0.336300865,,-0.52496607,-0.586534305,-0.984351096,,,,1.019226694,,-1.855769271,,,0.135209265,-0.074600106
1/06/2003,-0.990892745,-1.815663074,0.399539581,-0.012399661,0.014669828,0.228554041,,,,,,,,,,,,,,-0.145327336,,,,1.007151679,-0.310878754,,0.14785268,0.101962869,0.399147158,0.158010585,2.148896882,-1.06667348,-0.073844755,-0.476094117,,1.40236027,2.866172173,1.380771984,0.09378075,,-1.001602692,-0.691864462,-0.691587697,,,,1.053371976,,-0.704394947,,,0.067735447,-0.522530515
1/07/2003,-0.593725217,0.568721743,-1.244512975,0.416152406,-0.354028376,-0.022819185,,,,,,,,,,,,,,-0.190858702,,,,1.153384251,0.729224031,,0.334979952,-0.733728571,-0.60694593,0.479764621,-0.803563557,1.172411932,0.285011371,0.529817603,,1.588913371,2.383454214,1.662386315,0.697469056,,1.385132736,1.160036122,1.384470356,,,,-0.726404125,,0.115775021,,,0.293654414,0.050964358
1/08/2003,1.051207401,1.115101083,0.302310369,-1.472060435,-0.16445513,-0.430320473,,,,,,,,,,,,,,0.067424792,,,,0.863340689,0.146733048,,0.190010752,0.8113003,-0.071491372,-0.291489912,-0.75210166,0.026341105,2.304315456,-0.164139459,,1.006041629,1.895702402,0.703058753,0.098958144,,1.239448924,0.951865086,0.944704314,,,,-0.674547606,,0.929358762,,,0.10441693,0.028437033
1/09/2003,-0.168844509,0.079156482,-0.28165244,-0.154222725,0.342251592,-0.003166309,,,,,,,,,,,,,,0.02258379,,,,1.020521601,0.514551621,,0.187500014,-0.154890707,0.497193859,1.308750144,0.761826738,1.194039426,-1.463254075,-0.194520324,,1.676540198,3.445580653,1.930577949,0.293850619,,0.603470736,0.280844964,-0.012755799,,,,1.123969393,,-0.29358551,,,-0.012838225,-0.082982184
1/10/2003,0.209044527,0.750882006,-0.421386805,0.097232017,0.25234447,0.175889187,,,,,,,,,,,,,,0.024154848,,,,1.279170259,0.396563167,,-0.005893955,-0.300057132,-0.198090693,0.296229856,0.004851429,0.323055544,0.818265978,0.660385004,,1.477534151,2.875855863,1.286171632,0.28223879,,0.717508987,0.474243866,0.325598568,,,,1.150543029,,-0.649034267,,,0.154729205,0.384690675
1/11/2003,-0.460992824,0.116543152,-0.68687214,-0.546970092,0.282807514,0.295275629,,,,,,,,,,,,,,0.018329181,,,,0.92822712,0.497045748,,0.167281767,-0.00774576,-1.031229974,-1.704593543,-0.12043981,-1.998673748,-1.574556797,-1.887189192,,1.56101314,2.625681622,0.516244109,0.746163302,,1.512893825,1.024423079,0.862622041,,,,0.63704239,,-0.492810971,,,-0.035250775,0.293011891
1/12/2003,0.401661078,0.057893655,0.454515512,0.156430406,-0.378400209,0.013079004,,,,,,,,,,,,,,-0.242068637,,,,0.736955132,-0.358592367,,-0.006540839,-0.314092034,1.217185991,0.188613827,0.603075654,-0.094471439,1.582569077,1.614021749,,1.36001659,2.681255232,1.10820883,0.337069547,,-0.567945493,-0.326034416,-0.346966945,,,,0.80192683,,-0.446953982,,,0.242469777,-0.291618607
1/01/2004,-0.336897695,0.655367578,-1.030691105,-0.687039839,-0.598491288,-0.067160033,,,,,,,,,,,,,,-0.162864341,,,,0.98773713,0.337830734,,0.019161271,0.327462699,-0.381709286,-0.038120533,-1.185108986,0.611344078,-2.022311637,-0.475199698,,1.25050186,2.270936921,1.175568667,0.172884924,,-0.365550792,-0.182508623,-0.157770515,,,,0.553261092,,-0.10833848,,,-0.066254181,0.083085202
1/02/2004,-0.298581823,-1.260194634,0.787596772,0.61239101,-0.085405583,-0.002002907,,,,,,,,,,,,,,-0.216503799,,,,1.420052113,-0.200021006,,0.104710129,-0.9672046,-0.622497764,-0.26057359,-0.7301947,0.045861342,0.050065923,-0.147863801,,0.434410933,2.315639549,1.376211378,-1.140124689,,-0.213885177,-0.191804337,-0.230990815,,,,0.373114967,,-0.216697763,,,0.075120013,0.040922114
1/03/2004,0.451612463,1.031015945,-0.378145552,-0.95789861,0.326766682,-0.051829107,,,,,,,,,,,,,,-0.165564673,,,,1.147687611,0.200325108,,-0.021515258,0.439212767,0.935297237,0.600650973,0.425693788,0.512342622,0.084350872,0.151502372,,1.037330745,2.609681715,1.230325287,-0.249473062,,-0.950327231,-0.702097026,-0.627084667,,,,-0.838798756,,1.484927778,,,0.058138593,-0.429366427
1/04/2004,-0.136155214,-0.517189469,0.305949219,0.401387505,-0.695478757,0.201322656,,,,,,,,,,,,,,-0.328722288,,,,1.230256022,-0.368188926,,0.090030338,1.387527903,0.260473199,-0.055257953,0.23133456,-0.172449834,0.745719101,-0.047260866,,0.87816828,1.612323919,0.51735647,0.185204773,,0.944299439,0.813966692,1.249834247,,,,-1.036465144,,0.585650457,,,0.255113941,0.368075339
1/05/2004,0.01474003,-0.348765916,0.339204852,-0.786157544,0.743265323,-0.329403418,,,,,,,,,,,,,,-0.306119334,,,,1.143366843,0.126980726,,0.041317211,0.358991525,0.648432284,-0.07144689,-1.612825645,0.618383287,1.111683177,0.576888453,,1.144786153,1.694342891,0.816687805,0.704554854,,0.401514684,0.378174906,0.513578942,,,,-0.634747252,,2.208204325,,,0.087277578,-0.091723968
1/06/2004,-0.26953073,0.249210971,-0.566787031,0.683195367,0.072822407,0.287220525,,,,,,,,,,,,,,-0.387467005,,,,0.884958973,0.383308709,,-0.04627405,1.107524221,1.38871193,-0.626913969,0.196479719,-0.778296757,-0.89657394,-0.380942372,,1.15444137,1.295883362,0.726277891,0.815737885,,-0.625021144,-0.399386032,-0.334298551,,,,-1.270406975,,0.235610438,,,0.177205716,1.217813928
1/07/2004,-0.156644678,-0.128017762,-0.078720733,0.484958971,-0.256661846,-1.166780281,,,,,,,,,,,,,,-0.426384764,,,,1.454641462,-0.282160532,,0.105021533,-1.091774941,-0.343172979,-0.381657541,-1.1742464,0.085868835,0.053333957,-0.404834862,,0.933340796,1.706805562,0.824582904,0.148937878,,0.215128673,0.013036276,-0.382216335,,,,0.658271165,,-0.509036599,,,-0.123432535,-0.920410217
1/08/2004,-0.477461791,-0.06898659,-0.538958999,-0.103960324,-0.06945395,0.961096413,,,,,,,,,,,,,,-0.361392844,,,,1.467989236,-0.266998802,,-0.070838689,0.366577581,-0.936618498,-0.409640091,0.039237766,-0.48568016,1.277899966,1.073777656,,1.246650045,0.99544195,1.865005162,0.890306754,,-0.193802198,-0.251238505,-0.40374164,,,,-0.091385653,,0.756749922,,,0.025313774,-0.883186783
1/09/2004,1.035383317,0.116420489,1.199658636,-0.669214783,0.197290569,0.306546174,,,,,,,,,,,,,,-0.352279388,,,,1.497579402,0.791183217,,0.004854534,0.089966854,0.697620959,-0.924984084,-0.749085052,-0.756593238,-3.051945319,-0.517094899,,0.840876642,1.997149473,1.202945926,0.020917114,,-0.380524109,-0.419667584,-0.519628647,,,,0.524873113,,0.47546684,,,0.275793774,0.510131648
1/10/2004,0.953953988,1.342938534,-0.029240209,-1.166674662,-0.295076335,0.256212606,,,,,,,,,,,,,,-0.352212189,,,,1.373646768,-0.834700046,,0.090085445,-0.298640492,-0.085898964,0.079883239,-0.038956141,0.120365776,0.558958515,0.165415087,,1.161546748,1.352190892,1.691615473,0.721969901,,-0.123895097,-0.089877241,-0.011247658,,,,0.876459278,,-0.53946733,,,-0.399631958,-0.079186808
1/11/2004,0.547124737,0.244396347,0.465270163,0.24752039,-0.06331759,0.075668921,,,,,,,,,,,,,,-0.304526215,,,,1.482835028,-0.328360926,,0.029000991,-0.373495513,0.156580063,-0.18034673,0.42538546,-0.454924604,-0.170483943,-0.147888112,,0.687553628,1.664463007,1.609781114,-0.38732441,,0.009319631,0.03073654,0.017852634,,,,0.621186669,,-1.476286527,,,-0.038191115,-0.329430704
1/12/2004,-0.154717905,-0.057355946,-0.140899285,-0.401581621,0.08377147,0.425837469,,,,,,,,,,,,,,-0.273052832,,,,1.184421064,-0.260255641,,0.064111526,-0.31165187,-0.123817639,0.879677516,-0.64845083,1.37338733,1.220250999,-0.476270011,,1.176212523,1.777283443,1.846265128,0.40991639,,-0.589059886,-0.473229321,-0.509997105,,,,-0.264655141,,-0.452612229,,,1.038557209,0.016100805
1/01/2005,0.8785017,0.685329842,0.477596105,0.083629737,-0.128925846,0.976530341,,,,,,,,,,,,,,-0.295214022,,,,1.694217347,-0.197492571,,0.114447594,0.942018818,-0.073693274,0.254118539,1.717079139,-0.489650003,-1.19930041,0.307061973,,0.906678839,0.893138567,1.167679345,0.560652237,,0.648365108,0.466529535,0.402230429,,,,0.14719401,,0.648295198,,,-0.70996183,0.048820514
1/02/2005,0.374303045,1.167467727,-0.598756185,0.108868112,0.054982115,-0.534655659,,,,,,,,,,,,,,-0.361149073,,,,1.784471295,0.319239885,,-0.09011419,-0.595615391,-0.204723276,-0.595215623,-1.603715349,0.054374196,0.402674584,0.597996105,,0.874754278,0.750929971,0.76359394,0.874907916,,0.944681713,0.454574094,0.16777188,,,,0.495403746,,-0.248115347,,,0.118487645,-0.079313867
1/03/2005,0.615431767,-0.296243572,1.046767066,0.444811477,-0.012466223,0.189333614,,,,,,,,,,,,,,-0.912768364,,,,0.09711623,-0.407225996,,0.240686998,-0.054123779,0.111460909,-0.192894076,0.69888912,-0.57402189,-0.222923352,0.436696154,,0.793020748,0.856134018,1.113723847,0.569160352,,0.72931933,0.657282878,0.829572419,,,,-0.37843424,,0.794662152,,,0.016427685,0.523285127
1/04/2005,0.561140875,1.222403357,-0.412020565,-0.143949772,0.173204816,-0.003202522,,,,,,,,,,,,,,-0.198486621,,,,0.26080907,-0.747484019,,-0.315401233,2.074257303,0.325904126,0.0264473,-0.488867515,0.27907842,0.513427371,-0.031787112,,1.119717522,1.056440184,0.976156549,0.874591183,,-0.62945505,-0.515599329,-0.549661244,,,,0.145537214,,3.001674407,,,0.044489388,0.465992985
1/05/2005,-0.773367271,-1.315777601,0.233072176,-0.056644976,-0.264909062,-0.069053471,,,,,,,,,,,,,,-0.687863746,,,,1.016624412,0.473989854,,0.046184116,-0.114473922,0.238684744,1.585241437,1.57936209,1.113475311,-0.218614576,-0.870650512,,1.154761571,0.86258056,0.549144339,1.393220361,,-0.637619442,-0.54111721,-0.561232805,,,,-0.55666174,,-0.262259744,,,-0.281240995,-0.365206735
1/06/2005,0.733688165,1.441710982,-0.396717058,-0.679160286,0.110952433,0.458216892,,,,,,,,,,,,,,-0.45982422,,,,0.799746597,0.301294104,,0.093760841,-0.668101522,-0.186598686,-0.417352155,0.656760867,-0.790565245,0.344677221,0.931767729,,0.559283908,0.508745728,1.544803022,0.196513802,,-0.276750197,-0.290172943,-0.443981614,,,,0.729847304,,0.67930034,,,0.215777999,0.175390462
1/07/2005,-0.014517023,-0.646188232,0.57472247,0.1630614,-0.534475034,-0.491465637,,,,,,,,,,,,,,-0.529475612,,,,0.407613697,-0.338570618,,0.074351052,0.98998464,0.029141306,-1.655158244,-1.857341422,-1.138075774,-0.048182105,0.263063495,,0.508479086,0.298614068,0.894979657,0.389107236,,0.154824412,0.177286127,0.179977909,,,,-0.145196805,,1.102338858,,,-0.13289244,-0.179581055
1/08/2005,0.656431109,0.237960901,0.605442328,-0.288111415,0.013852991,0.303276274,,,,,,,,,,,,,,-0.531065567,,,,1.143408764,0.161026121,,-0.066897371,-0.79691915,0.012703249,-0.721084047,-1.367099254,-0.192176042,-1.247678615,-0.975453873,,1.282860466,0.581176318,1.245450451,1.524489268,,-0.112268253,-0.042166159,0.112504942,,,,-0.61387207,,0.350852829,,,0.141516991,0.002066142
1/09/2005,-0.755380244,-0.797611484,-0.219203016,0.5517307,0.186159286,-0.470914836,,,,,,,,,,,,,,-0.565548418,,,,-0.348672786,-0.262729935,,0.053240284,-0.269955734,-0.08004254,0.05205705,-0.422729261,0.293188354,-0.484594168,0.837578398,,0.834606759,0.834766467,1.103935783,0.879341,,-0.079604156,-0.046474986,-0.080021618,,,,0.786338343,,0.069570255,,,0.185540566,0.388420993
1/10/2005,-0.285415188,-1.001527024,0.547352535,0.124754149,0.019354328,-0.300518053,,,,,,,,,,,,,,-0.51296002,,,,-0.414764296,-0.276747403,,-0.111449774,0.756962642,0.118043903,0.028463221,0.539567173,-0.248995912,1.21509252,-0.344881486,,0.869829832,1.141605927,0.634746772,0.61896773,,0.797187312,0.628612139,0.699738521,,,,-0.493336627,,0.403020743,,,0.162732509,0.009253072
1/11/2005,-0.130084364,1.091448208,-1.146482184,-0.329600318,0.301556603,-0.12022734,,,,,,,,,,,,,,-0.554195794,,,,0.261096219,0.058699899,,-0.131192843,0.201938554,1.240221088,0.302239221,0.804657812,-0.047422646,0.396670086,0.620015649,,1.093206076,1.240956097,0.595119199,0.84084165,,0.029315669,0.053076979,0.133191229,,,,-0.146285878,,0.51303144,,,0.176310361,-0.320150788
1/12/2005,-0.045883203,-0.619407571,0.505162542,0.710285344,-0.312864884,0.379408121,,,,,,,,,,,,,,-0.433401295,,,,-0.036589176,-0.000139291,,0.147768975,1.543380143,-0.603581314,0.065210148,0.030263549,0.072089522,-0.872435175,-0.19131244,,1.358525749,1.026240212,0.243790716,1.630840888,,-0.026997289,-0.067257165,-0.258630948,,,,-0.61942116,,0.527812319,,,-0.121838116,0.181406161
1/01/2006,-0.431282587,0.802368067,-1.270142586,0.51850214,0.00310958,-0.992179775,,,,,,,,,,,,,,-0.455213448,,,,0.29691683,0.169118485,,0.073672255,-1.754719965,0.604817135,0.091555011,0.349241339,-0.074816464,1.005015793,-1.242034947,,1.197480757,1.066852944,0.894936344,1.015021041,,-0.482266808,-0.45161103,-0.430518016,,,,0.384606285,,0.475881602,,,-0.111004842,-0.142537711
1/02/2006,0.503297969,-0.265089667,0.875007269,-0.23575985,-0.062167776,0.677665204,0.302112963,,,,,,,,,,,,,-0.517654382,,,,0.44327558,0.285092398,,-0.05598918,1.696598666,-0.492906435,-0.069514356,0.256874003,-0.248272689,1.423507975,0.907140652,,1.206259764,1.01361093,1.394777477,1.089869361,,0.249849069,0.196485995,0.239323301,,,,-0.502910338,,0.477819981,,,0.50389786,0.443453009
1/03/2006,0.599867485,-0.285350575,1.004533255,-1.111916362,-0.326445604,0.203846393,0.252783966,,,,,,,,,,,,,-0.611726416,,,,0.762745655,0.053418477,,-0.011443153,-0.683028476,0.127575365,0.299739413,-0.574241982,0.729167438,-2.079294814,0.417834927,,1.105314923,0.65375328,0.908971592,1.284360634,,0.254691211,0.188276376,0.24187075,,,,-1.117318538,,0.501083583,,,-0.239040457,-0.657563536
1/04/2006,-0.210479198,0.291627398,-0.522969324,0.544288735,0.023480537,-0.463392201,0.103370785,,,,,,,,,,,,,-0.651476101,,,,0.755698439,0.473500208,,0.032620977,0.779040158,0.90469219,-0.474208569,0.325777699,-0.820001388,0.010242225,0.135621099,,1.466068168,1.173298361,0.752255196,1.390570415,,0.897757449,0.737086379,0.777418181,,,,1.177478579,,0.973785817,,,0.081930707,0.572995695
1/05/2006,0.27922817,0.434360931,-0.043986176,-0.772555758,-0.034689837,1.307936088,-0.255975944,,,,,,,,,,,,,-0.717231777,,,,0.126322691,-0.009636254,,-0.027139324,-1.092447377,1.079292103,0.843401244,0.461523902,0.877758807,0.780252116,-0.083243363,,1.352505768,1.713200601,0.768918877,1.050780863,,0.668164311,0.534006308,0.561715291,,,,0.20736448,,-0.054212302,,,0.156538318,-0.778648158
1/06/2006,0.554862725,0.480868778,0.257298469,0.107848225,0.181153458,-0.430429925,1.211536394,,,,,,,,,,,,,-1.1676445,,,,0.084725673,0.21659487,,0.063654329,1.823431296,-0.372933632,0.03522317,-1.029179778,0.555267397,3.169501165,0.659227184,,0.931005478,1.459638663,1.160860811,0.287625712,,0.169717489,0.070029042,-0.016080565,,,,-0.624126534,,-0.157325233,,,0.025060862,0.464007298
1/07/2006,0.844778945,0.847839831,0.286751096,-0.693039145,0.112838433,0.428172157,-1.179898721,,,,,,,,,,,,,0.976705503,,,,0.402786796,-0.125397863,,-0.00561537,-0.563135351,-0.875334376,0.586358442,0.850127007,0.291970235,-2.858103204,-0.61890538,,1.7090728,1.518999779,1.256440953,1.483715813,,0.552137031,0.36252431,0.327021763,,,,0.976083285,,0.337376135,,,0.070601536,0.0153675
1/08/2006,0.027013961,0.410585405,-0.337359903,0.334316971,0.043851281,0.123653335,0.434118414,,,,,,,,,,,,,0.060085447,,,,-1.136158848,0.001661485,,-0.080023823,-0.141013805,-0.443782217,-1.264784979,-0.077542695,-1.55935699,-0.658235376,-1.002265956,,0.540142814,1.170804219,1.081439505,-0.093443314,,0.012054951,-0.060742885,-0.170140558,,,,-0.146285878,,-0.36211533,,,0.030947976,-0.1547113
1/09/2006,0.667776015,0.892860391,0.024368512,-0.174264863,0.009665498,0.072657198,-0.480235817,,,,,,,,,,,,,0.104924814,,,,-0.146698336,0.022050495,,0.145844793,-0.507148208,0.374460963,0.223200434,0.471271387,0.030611931,0.127138852,0.872379925,,1.025780171,0.874870581,2.670672657,0.777476751,,-0.223172562,-0.266821097,-0.521078671,,,,-0.678940809,,-0.747524078,,,-0.037542046,0.061667461
1/10/2006,-1.047802954,-1.560219257,0.107559467,-0.943279901,-0.71606366,0.164259423,1.228046074,,,,,,,,,,,,,0.174966015,,,,0.206707309,0.380261453,,-0.006304722,0.524381198,0.894420465,-0.766023481,-1.820373854,0.014160977,0.293754407,-0.094597729,,1.103792151,0.609300942,-0.086769082,1.584907025,,0.421728074,0.275989683,0.222959958,,,,0.795359791,,0.067315412,,,-0.015393364,-0.241617299
1/11/2006,0.412910569,0.638777387,-0.06247395,0.31290774,-0.33106325,-0.512975458,-0.034674472,,,,,,,,,,,,,0.164748287,,,,-0.694976047,-0.198309782,,-0.017608896,-0.228646846,-1.591948567,0.403093186,1.280085,-0.193141566,-0.234651847,0.202748359,,0.667489477,0.396055971,0.845626017,0.6478856,,0.018053076,-0.074297321,-0.184923928,,,,0.260796439,,-0.507733799,,,-0.003834752,0.207679469
1/12/2006,0.844238869,0.940263315,0.202283537,0.318116819,0.174436785,1.043413251,-0.279493503,,,,,,,,,,,,,0.130550951,,,,0.293273427,-0.068084606,,0.124039401,-0.227600003,0.863360661,-0.209696539,-0.165462554,-0.194626425,-0.68431862,0.115103783,,0.748838097,0.51522676,1.056456066,0.716796071,,0.154963762,0.226979166,0.329691678,,,,0.20114363,,-0.224382065,,,0.197567039,-0.023326099
1/01/2007,-0.533818627,0.146404586,-0.801741186,-0.006555931,0.093457711,-2.094723955,0.88914335,,,,,,,,,,,,,0.292489511,,,,0.593277732,0.415571141,,-0.107425784,0.298541205,0.121845697,0.063449911,-0.67458726,0.487280073,0.335465486,0.297335034,,1.066186319,0.59607391,1.503342977,1.019739644,,0.533147654,0.527907918,0.595748877,,,,-0.666827419,,-0.741974978,,,-0.107448294,-0.060030115
1/02/2007,0.347935914,0.397175856,0.074775838,0.452111201,0.333802272,1.584400517,0.446299906,,,,,,,,,,,,,0.328657843,,,,0.75210354,0.465463917,,0.061013876,0.097224415,0.204605831,1.144949336,-0.322655576,1.526924185,0.33234059,-0.295357167,,1.579768433,0.792382408,1.043574689,1.943499012,,-0.306779823,-0.212795743,-0.194154446,,,,0.435274897,,0.61464569,,,0.108071387,-0.101499316
1/03/2007,0.286911956,0.837292112,-0.407425208,-0.808477511,-0.382356736,0.560921175,0.54243909,,,,,,,,,,,,,0.442883123,,,,1.113873437,0.526736776,,0.196742531,-0.792756847,-0.243159843,-1.423091373,0.552988139,-2.038999003,-0.163945122,0.342813269,,1.21756617,0.936380715,1.040297379,1.241857537,,0.112338753,-0.024085112,-0.207021638,,,,0.713556018,,0.022074725,,,0.243384577,0.27500674
1/04/2007,0.290326736,-0.415710103,0.749146747,-0.306197246,-0.200065627,-0.04743292,-0.051846108,,,,,,,,,,,,,0.462000245,,,,1.09668537,-0.653439877,,-0.156810592,0.347725124,0.113096229,0.601835006,1.071514674,0.198335678,-0.845339643,-0.696842114,,1.486563504,0.522385761,0.625538187,1.899159052,,0.559079001,0.471952504,0.569981171,,,,0.5878974,,-0.413842185,,,-0.311373367,-0.507216021
1/05/2007,0.442067981,1.501427685,-0.823797525,-0.546684622,0.13620752,0.296748493,0.378619257,,,,,,,,,,,,,0.698677531,,,,1.858590005,-0.231554675,,-0.038061253,-0.1207265,0.171648694,-0.252372316,-1.011199363,0.2515335,0.842272844,0.068453656,,1.573257008,1.016573669,1.833170071,1.653758016,,-0.120993683,-0.083464102,0.057681791,,,,-0.029392202,,0.043931032,,,0.330484937,0.270560883
1/06/2007,0.122031342,-0.712159481,0.81243847,0.355201688,-0.044115668,-0.477966674,-0.252709431,,,,,,,,,,,,,0.931201758,,,,1.641019772,0.690967779,,0.101140412,-0.701367398,0.027230835,0.598961014,-0.105007413,0.816856767,0.371204632,0.332006521,,2.427567407,1.643074213,5.433149102,1.794148519,,0.923660804,0.770789032,0.921454337,,,,1.013342394,,-1.173164049,,,-0.047894481,0.345846624
1/07/2007,0.136961482,0.268824181,-0.07312075,-0.296371758,0.054960298,0.519002746,0.701627073,,,,,,,,,,,,,0.232393024,,,,1.580761745,0.234620264,,-0.14304223,0.175495348,-0.538456645,0.07850058,0.554857135,-0.179603928,-0.808838316,0.490538026,,0.917799763,0.358379562,-0.098435421,1.270389928,,-0.024092724,-0.070161113,-0.151741376,,,,-0.083552055,,-0.72677667,,,0.155271694,-0.254600371
1/08/2007,0.464457882,0.528166312,0.101227524,0.286488469,-0.007646745,-0.092703318,-0.073092443,,,,,,,,,,,,,0.181997963,,,,0.721651524,0.106922912,,0.14883777,0.245107911,0.954395592,-0.431472684,-0.22352577,-0.433120691,0.327999038,-1.178147648,,1.384274459,0.334046648,-0.071593193,2.214360635,,-0.492557261,-0.469357389,-0.68662111,,,,-1.465888873,,0.76464527,,,0.042716612,0.365312715
1/09/2007,0.303889901,-0.788372184,1.100044293,-0.369693977,-0.163571014,-0.818959647,0.290366635,,,,,,,,,,,,,0.228407106,,,,1.133220874,0.409946806,,-0.085116629,-1.181712211,-0.407337509,1.024926162,0.88038921,0.836956801,1.377071613,1.039232592,,1.061931855,0.417255614,0.026705249,1.641493224,,0.232404219,0.235606103,0.232026851,,,,2.051888006,,0.576927721,,,0.035050239,0.269901604
1/10/2007,-0.625396133,1.60074731,-2.257633346,0.616282879,-0.116121353,1.522314825,-0.199446189,,,,,,,,,,,,,0.180795576,,,,1.097548271,-0.114661662,,0.072485856,-0.498400095,-0.039383026,0.116505648,-0.283225748,0.272993584,-0.937036024,1.352360715,,0.881549737,0.444039338,0.878449782,1.007531652,,0.994423327,0.722954269,0.599557193,,,,1.124510202,,-0.922058988,,,0.087305395,-0.027824011
1/11/2007,0.923455589,-0.20784471,1.364094515,0.553447963,-0.218743623,0.053651136,0.52430953,,,,,,,,,,,,,0.092986467,,,,0.671981717,0.103846082,,0.057061952,1.339974786,-0.091497378,0.466055595,0.835834498,0.158613592,0.10912363,-0.700870135,,1.905713494,0.527400321,2.075619197,2.264766964,,0.072263,-0.244813344,-0.449182617,,,,-1.773918291,,0.330886084,,,0.151590508,0.159699388
1/12/2007,0.081576177,0.145552524,-0.029801159,-0.528590394,-0.017009224,-0.523568449,0.37898917,,,,,,,,,,,,,0.124079773,,,,0.84570063,-0.003833376,,-0.089310119,0.420881459,0.856046981,-0.368213567,-0.281127882,-0.303214091,-0.881813277,-0.426477022,,1.247050527,0.389577525,1.113286876,1.572089278,,0.348674098,0.310972938,0.599349656,,,,-0.137790686,,0.709596856,,,0.015223172,0.282561787
1/01/2008,0.34309262,-0.521930328,0.907542795,-0.376711689,-0.114459119,-0.031288193,0.201793781,,,,,,,,,,,,,-0.035045975,,,,0.019490761,-0.362400768,,0.005667449,0.754545247,0.593147342,0.037058368,0.099151914,-0.002834717,1.502775026,0.920289044,,0.555163221,0.360015987,-0.494921026,0.710233897,,-0.261431824,-0.323988471,-0.393155781,,,,-0.247139111,,0.31812895,,,0.253787519,-0.148474452
1/02/2008,0.376365416,1.403085632,-0.808246744,-1.130074795,-0.308232001,0.699970349,-0.047434973,,,,,,,,,,,,,-0.190016658,,,,-0.482851273,-0.322048773,,0.231754516,-1.242538101,0.183939406,-0.638610413,-0.191887742,-0.699676811,0.53477961,-1.160713344,,0.272126904,0.340663636,0.279823851,0.244390007,,0.625166043,0.470692592,0.713106146,,,,1.834117346,,0.374393166,,,-0.272658784,-0.100916252
1/03/2008,0.086612538,-0.667920509,0.720983936,0.437635721,0.078143422,-0.161036715,-0.198779406,,,,,,,,,,,,,-0.673320036,,,,-1.262555008,-0.026898338,,-0.017294245,1.470347115,0.302478594,-1.275160371,-1.272325344,-0.995900082,-1.921806381,-0.017351952,,0.423913993,0.137351389,-0.471025051,0.777355722,,-1.94352432,-1.117281843,-0.639538575,,,,-1.566756357,,1.150785745,,,-0.174913072,0.071482914
1/04/2008,0.479161287,0.02657208,0.574862376,1.087002951,0.34209601,0.190632721,0.171136417,,,,,,,,,,,,,0.047982454,,,,-1.36189028,-0.153235116,,-0.251563204,1.431096302,0.015837418,1.2288278,0.532866711,1.321907432,0.362850944,0.091444753,,-0.18859549,-0.032700495,-0.361245865,-0.275759468,,0.18662589,0.264425638,0.291421671,,,,0.932269888,,1.915031183,,,0.254647715,0.300723143
1/05/2008,-1.005915251,-0.43065022,-0.86474752,0.056673605,-0.287991908,0.105043196,-0.287341923,,,,,,,,,,,,,-0.310509382,,,,-1.157359793,-0.164004659,,0.229772167,0.124514396,0.875762425,-0.603660224,-0.493342655,-0.500897768,-0.54551276,0.73409079,,-0.093391515,-0.278707588,0.627902457,0.009619886,,0.845162,0.439102537,0.606782126,,,,1.06207261,,0.867207506,,,0.030607008,0.166391703
1/06/2008,0.790000311,0.852674905,0.213775232,-0.049990769,-0.363686906,-0.00254901,0.01757805,,,,,,,,,,,,,0.064035712,,,,-1.601405046,-0.653611332,,-0.06158687,0.319044361,0.019760569,0.370610251,-0.34174929,0.622602404,0.917202571,-0.240494413,,0.051162053,-0.218453158,-1.124658005,0.56803229,,1.370761466,1.033017084,0.756352118,,,,0.276675608,,1.540617866,,,-0.090609348,-0.291413735
1/07/2008,0.019276199,1.912493568,-1.74195467,0.085697169,0.145379696,0.807653919,-0.692976176,,,,,,,,,,,,,-0.256901404,,,,-2.106016653,0.693899848,,0.009750455,0.786918911,0.081215041,-0.320918742,-0.929829735,0.050663345,-0.060213355,0.641668852,,-0.157276906,-0.49916373,-1.026821147,0.292278934,,-1.266971514,-0.791353497,-0.67510752,,,,-0.644060826,,1.075622384,,,0.075746179,0.377043253
1/08/2008,0.545099672,0.098444761,0.604725939,-1.099678706,-0.388559123,-0.568052191,-0.815058411,,,,,,,,,,,,,-0.495809394,,,,-1.474243235,-0.488464629,,-0.081473768,0.833876892,-0.10461283,-0.845998614,-0.538095389,-0.742045384,0.468987875,-0.218833855,,-0.070884595,-0.714555961,-0.770536129,0.557940825,,-2.728266231,-1.76937848,-1.573909397,,,,-2.429086867,,1.998945558,,,-0.169214287,-0.024711755
1/09/2008,-0.711021176,-1.582653907,0.564215206,1.405863086,0.693620685,-0.358625983,-0.825302191,,,,,,,,,,,,,-0.381226353,,,,-0.941522852,-0.502761674,,-0.231924134,1.015653996,1.241495759,-0.786217171,-1.138512584,-0.397375234,-1.389131343,-0.703666866,,0.468495693,-0.346512591,0.050304623,1.076472592,,-0.910897336,-0.654306715,-0.663587668,,,,-2.476386258,,2.079288266,,,0.01631026,-0.185558238
1/10/2008,-0.195345482,-0.955900065,0.628419064,0.063621678,0.844687835,-0.197717785,-0.535279212,,,,,,,,,,,,,-0.668184585,,,,-1.83949547,0.354090729,,0.182203529,1.965085312,-0.3706093,-0.237712588,-0.499483982,-0.042647949,-1.408152177,-1.898719983,,-0.019005562,-0.643628391,-2.240281168,0.813896028,,-3.219527074,-1.989736349,-1.341634649,,,,-5.533261967,,3.121878973,,,0.042987573,-0.00379506
1/11/2008,-0.520607675,-0.268923308,-0.405818853,0.910127877,0.202991976,-0.515747309,-1.028007684,,,,,,,,,,,,,-0.783647589,,,,-1.530103728,-0.056031238,,-0.019679183,-1.073512152,0.467420216,-1.516766763,-1.243484325,-1.292232572,0.722228644,0.568485039,,-0.264155631,-0.449644691,-2.122389271,0.168597443,,-2.26683038,-1.54026948,-0.84691948,,,,-0.097624705,,-0.825375073,,,-0.333807027,-0.10855637
1/12/2008,-0.210250772,-1.583125898,1.165743038,0.58543389,1.138139164,-0.229873749,-1.26950908,,,,,,,,,,,,,-0.886913379,,,,-0.962284311,2.165821752,,-0.022605741,-2.094394304,-1.298339482,-0.171375848,0.404147649,-0.492899733,0.465194241,-1.36584775,,-1.332301799,-0.231706193,-1.45546721,-1.597943068,,-1.914765717,-1.5599979,-2.273882409,,,,0.647378682,,-2.723073666,,,-0.338348669,1.406197093
1/01/2009,-0.325906983,1.401419718,-1.670469447,1.724355765,0.837254035,1.103580299,-1.535966183,,,,,,,,,,,,,-0.90455749,,,,-1.143143304,-0.436949913,,0.067885416,-0.742850362,-1.878360678,-1.108421744,-0.318096716,-1.573242725,-0.586621586,0.973721551,,-0.22346279,-0.526116602,-0.580367541,-0.026896292,,-1.016986995,-0.619542288,-0.389232627,,,,-1.674764353,,-1.458897708,,,0.193925549,-1.043779238
1/02/2009,-0.117689722,-2.187068165,1.823624707,2.017362629,1.04266369,-2.213370116,-1.160121937,,,,,,,,,,,,,-0.866716035,,,,-1.507918939,-1.020182968,,-0.075955537,1.054453914,-0.884319539,1.749401821,0.556562164,2.33879517,-0.385907251,0.432947627,,-1.213583743,-0.647215616,-1.436220221,-1.095976725,,-0.202930825,0.283798081,0.55207427,,,,1.075549444,,0.115836019,,,-0.091375331,-0.054100182
1/03/2009,-1.128769406,-1.688465801,0.107982031,2.065262251,0.289798792,-0.187936565,-1.946450298,,,,,,,,,,,,,-0.764103544,,,,-1.525937941,1.319822453,,0.004674896,-0.373683168,-0.128190324,0.141069527,0.840897176,-0.305233787,-0.154786396,-0.284264518,,-1.207032193,-0.044146662,-1.03887387,-1.628515457,,0.434994218,0.41550833,0.259045687,,,,1.699108599,,-2.586073335,,,-0.16282142,0.82058208
1/04/2009,0.138057626,1.074102595,-0.780560876,-0.921762014,0.225127247,0.133337258,0.367917719,,,,,,,,,,,,,-0.559411311,,,,-0.895434262,-0.160341656,,0.202641811,-4.046368188,-1.699189773,0.794406059,1.06355894,0.476932874,0.389631749,-0.333955512,,-0.882564057,-0.296245576,-0.757901173,-1.129157818,,1.235906751,0.920150242,0.605986922,,,,1.435609528,,-4.60819181,,,0.143619456,0.241186198
1/05/2009,-0.85099988,-1.858461025,0.59948476,1.528847628,0.674409087,-0.868497712,-0.678893843,,,,,,,,,,,,,-0.623817724,,,,-1.244777101,0.354221697,,-0.053468992,-2.029857027,-1.197349756,-0.795755329,0.689873656,-1.749831229,-0.916579786,-0.645127684,,-1.311977638,-0.249317686,-0.662786359,-1.840449604,,1.425529272,1.237943739,1.581494368,,,,2.154005181,,-3.805985802,,,-0.113268445,0.490632405
1/06/2009,-0.787476334,-0.968109268,-0.111312123,0.310065392,-0.494480596,0.128786659,1.245368299,,,,,,,,,,,,,-0.378757012,,,,-0.248913235,-0.559621706,,-0.110932613,-0.236903396,0.011618821,1.380741675,1.437437534,1.225671039,-0.14387407,2.432909971,,-0.954373953,0.101634155,-0.010238159,-1.4438531,,2.063142131,1.803190621,1.771821904,,,,0.786338343,,-0.429200436,,,0.064773606,-1.087553949
1/07/2009,0.598797278,-0.368038772,1.044334945,-0.887476031,0.198399735,-0.493078159,-1.214308002,,,,,,,,,,,,,-0.417019836,,,,0.575133551,-0.965578287,,0.030819371,-0.225115037,0.259938055,1.293381252,0.312008539,1.669511058,1.687346299,0.035562708,,-0.938507506,-0.178266726,-0.097870075,-1.375072391,,0.483757375,0.321138183,-0.195647834,,,,0.542536987,,-0.691225462,,,-0.04430683,-0.588208879
1/08/2009,-0.604099726,-1.144745369,0.256851217,0.273843846,-0.048729844,-0.020863004,0.627238375,,,,,,,,,,,,,-0.104388613,,,,0.931176313,-0.03380293,,0.154613471,-0.788323843,-0.674217748,-0.454623312,1.409116675,-1.572049707,1.192018708,2.434838133,,-0.676646245,-0.036943073,0.494522243,-1.141672491,,1.486301737,0.541351759,0.166239062,,,,0.309601516,,-0.361794782,,,0.304512727,0.487114714
1/09/2009,0.092502746,-0.101705479,0.197045375,-0.208398727,0.126194792,0.645566005,0.055872652,,,,,,,,,,,,,-0.09309156,,,,1.45178408,-0.270472642,,0.031433469,1.156792445,1.532531601,1.278404629,0.159218705,1.794306566,0.481809865,-0.692147941,,-1.221704983,0.141742083,0.131981542,-2.040150884,,-0.618449325,-0.694962008,-0.641489958,,,,1.024197573,,-0.265099931,,,-0.106456952,-0.392904224
1/10/2009,-0.176401817,-0.272132349,0.020572579,-0.129909904,-0.138675378,-0.571894333,-0.009367878,,,,,,,,,,,,,-0.018843272,,,,1.630380648,0.087718697,,0.039413455,-0.589917663,-0.602086225,-0.443690443,1.287564185,-1.499999772,0.611027804,-1.737538573,,-0.912060925,0.157770616,0.306296251,-1.631475568,,1.195132216,0.6308554,0.423337201,,,,1.313051264,,-1.235157172,,,0.081289561,0.230105665
1/11/2009,0.2823692,0.444208017,-0.041563877,-0.263310628,0.156463037,1.040820004,0.298518164,,,,,,,,,,,,,0.067494258,,,,1.362734093,0.898616409,,0.015516206,-0.529840207,-0.392088648,1.200404333,-0.119854328,1.854852887,-1.110709752,1.772846045,,-1.197629121,-0.034721324,0.360941088,-2.076091063,,-0.518085798,-0.311499302,0.074407963,,,,-0.453738769,,0.492078937,,,0.14680595,0.137397628
1/12/2009,0.413824834,-0.094331476,0.572949782,-0.276973656,-0.150072945,-0.009886439,0.095611446,,,,,,,,,,,,,0.09750523,,,,0.961321292,-0.664979559,,0.047676632,0.635205144,0.81184828,0.373388456,-0.049865714,0.501231799,0.395677029,-0.953392033,,-0.148467417,-0.144813851,0.910195411,-0.314369122,,-0.566771814,-0.228344936,0.042736976,,,,-0.136237697,,0.725994827,,,0.046161945,-0.354526647
1/01/2010,0.692354362,0.338416254,0.535465023,-1.053217297,0.041257512,0.006648832,1.061086315,,,,,,,,,,,,,-0.160584908,,,,1.521944534,-0.05036254,,-0.028449546,1.012607924,-0.161708633,-0.322645681,-0.164901865,-0.318242941,-1.449558059,-1.517353847,,-0.424091654,-0.1988089,0.330597989,-0.839557035,,0.463893636,0.368270749,0.289695247,,,,-0.29785306,,0.419785965,,,-0.03375621,-0.116432758
1/02/2010,-0.758349014,-0.88059114,-0.157991917,0.230689044,-0.292905065,0.105061758,0.370830505,,,,,,,,,,,,,-0.043646578,,,,1.25010593,-0.718694167,,0.061073882,-0.042430363,0.241284553,0.387266567,0.247564773,0.35770266,-0.105958891,-1.145587722,,-0.476620392,0.04971756,0.070869955,-0.664221936,,-0.65936217,-0.412569041,-0.230990815,,,,0.131916134,,1.091783135,,,-0.259065124,-0.407945984
1/03/2010,-0.257207986,0.06331278,-0.358731072,0.65416242,-0.523220874,-0.799179023,-1.020990722,,,,,,,,,,,,,-0.188697699,,,,1.272153864,-0.099501141,,0.038753749,0.249342818,0.738477697,1.365230667,0.081587611,1.495407311,1.366143629,0.383233284,,-0.32665722,0.247069554,0.018973254,-0.71844878,,1.065948314,0.645113947,0.473688584,,,,1.132683634,,-0.282351205,,,0.281685864,0.119307655
1/04/2010,-0.131776133,0.928627153,-0.946766187,0.431494173,-0.55756749,0.566244542,-0.573655018,,,,,,,,,,,,,-0.301872755,,,,1.164940505,0.42743795,,-0.068049386,1.910841135,-0.308971867,-1.007164243,-1.07629359,-0.639222199,0.376864718,-0.728992959,,-0.70694288,-0.373377232,0.340313602,-1.059449301,,0.855989895,0.559931424,0.576619283,,,,0.384360194,,3.567275465,,,-1.083272952,-0.254817864
1/05/2010,-0.335764217,0.179099886,-0.557614945,-1.274729343,-0.447690964,0.899758733,1.403636821,,,,,,,,,,,,,-0.092152169,,,,0.448839239,-0.119383795,,-0.056699135,0.978010582,0.671024767,-0.826196771,-0.714673822,-0.608990898,-0.741310696,-0.147231643,,-0.184705084,-0.165147148,-0.745640961,-0.221506949,,-1.197951157,-0.902368545,-0.975258945,,,,-2.694029236,,2.162509335,,,0.882983532,0.624319757
1/06/2010,0.779990958,0.183281382,0.779016023,-0.355501991,0.19780584,-0.156131741,-0.196835755,,,,,,,,,,,,,-0.225233847,,,,-0.090040326,-0.010707316,,0.187627001,1.126308511,0.170970765,-0.278133591,-0.625577176,-0.040937318,-0.861690399,0.778025737,,-0.577528778,-0.412621621,-0.193209109,-0.474661741,,-0.823677454,-0.639722434,-0.460605451,,,,-0.14004229,,0.82979186,,,0.206040357,-0.11681454
1/07/2010,0.18850408,-0.343833592,0.517206546,0.750827951,0.178403005,-0.481144833,0.470733101,,,,,,,,,,,,,-0.228884585,,,,0.903488951,0.08324988,,0.050091992,-0.78651949,-0.252233601,0.658940576,-0.483766203,0.880950737,0.529057652,-0.851906668,,-0.715751038,-0.337536452,0.15600322,-1.003347107,,-0.412889244,-0.49065302,-0.555618404,,,,1.116374738,,0.177470526,,,-0.155142821,0.162663584
1/08/2010,0.523028053,1.583479159,-0.72700106,-1.190461489,0.356326226,0.744184172,0.065447865,,,,,,,,,,,,,-0.131414178,,,,1.437968264,-0.07123128,,-0.04869566,-1.006256234,-0.857470028,-0.322047954,-0.608204774,-0.104575688,0.022851404,0.481642196,,-0.810554819,-0.170040241,-0.322343814,-1.251948388,,-0.294217094,-0.348682149,-0.531865166,,,,-0.244936456,,0.10067514,,,-0.044223293,-0.710679116
1/09/2010,0.207375096,0.806908054,-0.447256776,0.162779388,-0.097675129,-0.177169164,0.665189215,,,,,,,,,,,,,-0.23971902,,,,0.913122671,-0.279140922,,0.082740323,-0.257080202,-0.442186362,-1.1323999,-0.457828383,-1.00039044,0.731413454,0.958432285,,-1.051343605,-0.503609272,0.491711095,-1.483797018,,0.755574999,0.43215764,0.125307757,,,,2.020839475,,-1.141847724,,,0.012501209,0.772287216
1/10/2010,-0.03618383,-1.033575315,0.84651259,1.194764754,-0.233939132,0.273315552,0.305713382,,,,,,,,,,,,,-0.136965438,,,,1.244381204,-0.792180703,,-0.039693539,0.364939577,0.274686553,1.346907645,0.262834184,1.273048003,0.589712649,-0.72658026,,-0.675299531,-0.344595776,-0.149335118,-0.84990688,,0.764703626,0.474748902,0.283662679,,,,-0.131834718,,-1.608490988,,,-0.016443616,0.065538507
1/11/2010,0.86728179,1.592447421,-0.326482629,-0.809528513,-0.383812915,0.00969271,-0.01574486,,,,,,,,,,,,,-0.013557732,,,,0.692882355,0.152564264,,-0.030611906,-0.168066013,-0.222262398,-1.14026371,-0.611082003,-0.91643151,-1.72071878,-0.035175342,,-0.608151862,-0.569852127,0.283326491,-0.693494676,,0.810346761,0.709000838,0.948753348,,,,0.124166225,,0.0956919,,,0.038722002,-0.270084024
1/12/2010,-0.259944114,-0.439300095,0.065447054,-1.090770376,0.055787578,-0.233328288,0.350885659,,,,,,,,,,,,,-0.18390812,,,,0.715432902,-0.015822061,,0.043374344,-0.334249355,0.018076791,0.919587053,0.125856993,0.863865081,0.467639423,0.107428332,,-0.533683584,-0.177111196,-0.627911989,-0.745236667,,0.299143654,0.361172205,0.584537029,,,,1.374124894,,0.822483316,,,-0.07269734,-0.021327083
1/01/2011,0.258463625,-0.117509619,0.411169506,0.685537897,-0.293578636,0.602980179,0.149293672,,,,,,,,,,,,,-0.091222561,,,,0.156341774,-0.274742204,,0.073277491,-0.440836769,-0.664419797,-1.925520176,-0.548675926,-1.779999101,-1.641548788,-1.145284317,,-0.592073659,-0.410280525,-0.096973008,-0.961987953,,-0.294217094,-0.135725843,-0.088471386,,,,-0.925567429,,0.994335147,,,-0.136803342,0.300989318
1/02/2011,-0.908885258,0.614654776,-1.630397825,-0.082903238,0.010238353,-0.255168989,0.005181298,,,,,,,,,,,,,-0.212669183,,,,0.327969199,0.347674757,,-0.053724235,-0.644810902,0.973173126,-0.271591889,0.058863768,-0.340464987,0.884684034,1.691921131,,-0.307193649,-0.59913453,-0.110138823,0.16925022,,0.381301296,0.346975118,0.307415917,,,,0.718908203,,0.848518724,,,0.08815638,0.35138043
1/03/2011,0.469111417,0.697839957,-0.0397806,-0.189729115,0.293303048,-0.126510984,0.139518154,,,,,,,,,,,,,-0.078884002,,,,0.103796003,-0.590395671,,-0.189011941,2.183986345,0.333215925,1.330315744,-0.358398411,1.568214497,0.272782691,1.345751578,,-0.122086598,-0.64575847,0.298850185,0.2732209,,-0.68674805,-0.497751563,-0.531865166,,,,0.363644924,,0.301927169,,,0.101664393,-0.432140541
1/04/2011,-1.09644357,-1.781350409,0.222633558,0.218638573,0.156295645,-1.565645592,-0.128902701,,,,,,,,,,,,,-0.167032186,,,,0.2143136,0.400823451,,0.185521892,-0.506719963,-0.316248328,-0.378738132,-0.149743661,-0.323971575,-0.060786415,-2.083898813,,-1.109442266,-0.721593626,-0.125286913,-1.430036755,,0.344786789,0.261792596,0.267827186,,,,1.220100155,,0.304239854,,,-0.101749077,0.448743841
1/05/2011,-0.563223024,-1.736025119,0.81662837,0.321212534,0.105342732,0.992643474,-0.366876319,,,,,,,,,,,,,-0.189329173,,,,0.093459884,-0.46439695,,0.17548644,0.439934981,0.300841105,-1.114465562,-0.396725431,-1.0245806,-0.043504433,-0.280292592,,-0.570314794,-0.527798554,-0.144035642,-0.81209502,,-0.27595984,-0.377076323,-0.571453896,,,,-0.552922912,,0.35938427,,,0.101632325,-0.493695424
1/06/2011,0.309544641,1.74860935,-1.135238174,-0.410934948,-0.251691156,0.336561775,-0.487009207,,,,,,,,,,,,,-0.143639867,,,,-0.148118936,-0.42517723,,-0.197741736,-0.596079226,0.197850324,0.049385721,0.152591842,-0.010879674,-0.865359231,0.124780771,,-1.446097685,-0.66181096,-0.823883807,-1.764914343,,-0.878449215,-0.739102043,-0.500194181,,,,-0.029392202,,0.196409885,,,-0.236164889,-0.013618961
1/07/2011,-0.297255745,-1.045049809,0.545916446,0.903720617,-0.523800542,-0.095342821,0.401342451,,,,,,,,,,,,,-0.042160614,,,,-0.884848483,0.305591612,,0.124437949,0.164473292,0.524392124,0.27359735,-1.265274929,0.784162622,0.42493684,0.274798163,,-0.451260586,-0.429102902,-0.431374968,-0.38142171,,-0.92409235,-0.625525347,-0.421016721,,,,0.257080798,,-0.587585527,,,0.062738295,0.113041276
1/08/2011,-0.190289212,-0.309464579,0.037095421,0.952717173,-0.158775657,-0.025079404,-0.489565369,,,,,,,,,,,,,-0.085674527,,,,-1.171434373,0.100742028,,-0.024799032,1.380511799,0.328876252,1.762325254,0.494077761,1.472042859,0.295168036,0.408936701,,-0.616895791,-0.608839221,-1.146091971,-0.422045902,,-2.366415399,-1.796785031,-1.64826736,,,,-0.944211474,,0.502217023,,,-0.084368517,-0.3120329
1/09/2011,0.222550425,-0.019206318,0.283367611,-0.181187747,0.281210728,-0.293642396,-0.483693417,,,,,,,,,,,,,-0.21887118,,,,-0.528518902,-0.259045641,,-0.048768049,-0.740397916,0.077942742,-2.64167873,-0.082414957,-2.566263917,-0.395632416,0.385893967,,-0.201770378,-0.556532739,0.038620486,0.147419253,,-0.723262558,-0.63262389,-0.896081484,,,,-2.083438812,,-0.087628396,,,0.05367587,0.199061622
1/10/2011,-0.340117281,0.22417548,-0.602011231,-0.110553288,0.330524644,0.545872591,-0.016852906,,,,,,,,,,,,,-0.076242331,,,,-0.496663326,-0.009296999,,0.093942324,0.012330085,0.047981726,-1.112742284,-1.514740243,-0.595790072,0.124637491,-0.432327625,,-0.567175453,-0.651973524,-0.342220328,-0.425439554,,0.573002461,0.467650358,0.552866045,,,,2.219121873,,-1.070889383,,,-0.075613461,-0.068903782
1/11/2011,-0.321483943,-1.363395831,0.781898173,0.269440799,0.36802549,-0.537885463,-0.001845057,,,,,,,,,,,,,-0.120253276,,,,0.041988189,-0.123049975,,-0.021506277,-0.216945161,0.143990684,0.572703082,1.038616768,0.189676919,0.032905351,-1.224089791,,-0.396013443,-0.692620451,-0.067600549,-0.136609662,,-1.471809963,-1.037240872,-0.888163738,,,,-1.161688042,,-1.551694997,,,-0.108945316,-0.13259624
1/12/2011,-0.843370148,0.633634191,-1.557727238,-0.110054457,0.131293946,-0.048847782,0.081213775,,,,,,,,,,,,,0.027914914,,,,-0.717379279,-0.147418686,,-0.065153677,-0.359328642,-0.368334118,-0.152009666,0.096878876,-0.225442209,0.079246964,0.771395255,,-0.576722931,-0.778587525,-0.385044988,-0.355389805,,-0.905835096,-0.653919521,-0.793150786,,,,0.565658491,,-1.180322015,,,-0.071107812,-0.016201293
1/01/2012,1.158639157,0.989598301,0.543158175,-0.678990881,0.159037962,0.027547551,-0.658702801,,,,,,,,,,,,,0.125506011,,,,-0.51288706,-0.44854075,,0.106302538,-2.147554487,0.672722784,-0.611471894,0.472555427,-1.03872344,-0.837942977,3.117465873,,-0.655408542,-0.588285195,-0.342142426,-0.88262925,,0.436073058,0.16951153,-0.072635894,,,,0.989630345,,-1.059019425,,,0.082390736,0.244384324
1/02/2012,-1.112529033,-0.73198821,-0.711287435,0.799059962,0.261672787,-0.326292615,0.294470567,,,,,,,,,,,,,0.153668281,,,,-0.157450569,-0.060441935,,0.026377057,-0.618617266,-1.619856733,0.666433709,-1.381699663,1.512972136,-0.467137524,-2.845326602,,-0.368844676,-0.648993316,0.114712574,0.048592575,,1.084205567,0.680606664,0.576619283,,,,0.587754511,,-0.806181719,,,0.086427787,-0.29396265
1/03/2012,0.945280322,0.16348897,0.999705451,-0.025394947,0.02756662,0.388401035,-0.13103291,,,,,,,,,,,,,0.117084003,,,,-0.600339435,0.37324036,,-0.092362284,0.404712078,1.174130566,-0.082462128,0.547870784,-0.335666122,-0.165210363,-0.799877138,,-0.17982747,-0.723643326,-0.272044887,0.319739509,,0.509102073,0.389566379,0.592454775,,,,-1.128316316,,0.597350275,,,-0.205601769,0.216179899
1/04/2012,-0.641085475,-0.99712188,0.085307071,-0.874300968,0.100846658,0.036378585,-0.383260087,,,,,,,,,,,,,0.120095379,,,,-0.735530065,-0.13520029,,0.138130111,0.904250751,-0.110009883,-1.093336849,-2.450130192,-0.15831218,-0.718573206,-0.424466809,,-0.352482958,-0.784737507,-0.355785778,0.064563987,,-1.508324471,-1.079832133,-0.903999231,,,,0.019066612,,-0.256757303,,,0.135521964,-0.286664414
1/05/2012,0.543447198,0.92683935,-0.142882814,1.067194425,0.292835289,0.275635241,-0.545707203,,,,,,,,,,,,,0.0482693,,,,-0.670499425,0.252169334,,-0.166142409,0.073577967,0.229735203,3.686088241,1.52423197,3.015456834,0.523530146,2.487786029,,-0.103420667,-0.774004089,0.139422799,0.186299549,,-2.439444415,-1.718701052,-1.814540027,,,,-1.713380568,,0.323181848,,,-0.010230021,-0.046401248
1/06/2012,-0.927681183,-1.200274986,-0.084377854,-0.111482793,-0.625087797,-1.675855232,-0.380641621,,,,,,,,,,,,,0.096026071,,,,-0.645135308,0.474189219,,0.269280607,-0.212440491,-0.138398432,0.613314443,0.16339471,0.461081235,0.390005769,-1.101994964,,-0.630460348,-0.954666554,-0.620793401,-0.066078544,,-0.851063335,-0.710707869,-0.872328246,,,,1.411669883,,-0.906437024,,,0.082614464,0.651995377
1/07/2012,-0.176286675,-0.140424473,-0.091495364,0.125089995,-0.398218646,0.471071543,-0.764600864,,,,,,,,,,,,,0.242659852,,,,-0.330429279,-0.609144608,,-0.153323847,-0.885505544,-0.58230359,-3.233428328,1.404991333,-3.657768662,0.230969961,-0.233430355,,-0.745079495,-0.782229361,-0.368261198,-0.635396401,,0.098313863,-0.05054332,-0.318086022,,,,1.122484779,,-1.251416488,,,-0.13261,-0.363268731
1/08/2012,-0.128401538,0.010794314,-0.163616681,-0.049981385,-0.494911093,-0.156372847,-0.053651392,,,,,,,,,,,,,0.070418954,,,,-0.552392039,-0.173855302,,-0.005539934,-1.077255251,-0.293466959,1.794128739,-0.241409999,2.049642881,-0.186037475,-0.030058695,,-0.510692135,-0.831165935,-0.758509025,-0.163259569,,1.348935747,1.014238211,0.972506586,,,,-0.938342903,,-1.463950011,,,-0.27399894,0.28277207
1/09/2012,0.268430756,1.00668063,-0.544515219,1.699098128,-0.101038879,0.452428721,0.052692797,,,,,,,,,,,,,0.277793756,,,,-0.413584215,0.00335859,,0.06349018,-0.471747117,-0.509332326,1.716015699,0.704440882,1.347237573,2.46338931,-0.523698772,,-0.532978563,-0.786468886,0.21078351,-0.324995711,,-0.549818647,-0.419667584,-0.278497292,,,,-0.077851016,,-1.615776779,,,-0.003085457,0.122377876
1/10/2012,-0.394857118,0.026596441,-0.501420423,-0.323816349,0.438715168,-0.741163053,-0.976656814,,,,,,,,,,,,,0.236990534,,,,-0.327712825,-0.414841689,,0.005418765,0.3279173,0.256378876,-0.889941592,-0.421467049,-0.666719436,-1.616080941,0.763160595,,-0.887252628,-0.837516497,0.075896084,-0.908669473,,-0.202930825,-0.114430212,-0.199319831,,,,-0.223859668,,-0.689113317,,,0.07533221,-0.433208504
1/11/2012,-0.521603371,-1.010864057,0.245879719,-0.702312462,0.083934519,0.62223485,-0.462541807,,,,,,,,,,,,,0.141696386,,,,0.123929742,-0.381264609,,0.047941941,-0.130829446,0.648486123,-0.405580058,-0.114056934,-0.340260743,-1.224705277,-0.642986354,,-0.928882383,-0.770258981,-0.392422718,-1.013330785,,0.5182307,0.361172205,0.228238456,,,,0.310263191,,-0.173703745,,,-0.060110235,0.026100683
1/12/2012,-0.165679394,-0.717743199,0.418316766,0.924403826,-0.028219176,0.004386514,-0.379152562,,,,,,,,,,,,,0.158242596,,,,-0.250851977,-0.122626413,,0.001578491,-0.082320756,-1.367527084,-0.009707157,0.063573343,-0.031260391,-0.640582165,0.071467092,,-0.395086804,-0.926504393,0.059974354,0.039692073,,0.271757774,0.275989683,0.465770838,,,,-0.077725394,,0.011830626,,,-0.004128497,-0.043198839
1/01/2013,0.989410502,1.359771607,0.020257874,-0.157536247,-0.014202564,-0.202489047,-0.250579943,,,,,,,,,,,,,0.193776804,,,,-0.198785215,0.112257407,,-0.087041383,-0.500329039,-0.17429799,-1.16462352,0.185683339,-1.2402353,0.745762167,0.986710372,,-0.730849071,-0.792642101,-0.271867198,-0.827981503,,0.353915416,0.339876574,0.560783791,,,,0.259671665,,1.40094802,,,-0.046507536,-0.201669758
1/02/2013,-0.301298815,-1.894228353,1.253508237,0.129779006,0.207674701,-0.019397103,-0.42878172,,,,,,,,,,,,,0.304710816,,,,0.480856492,0.451382551,,0.027260874,0.45675529,0.19827395,0.942568092,1.180201426,0.53167704,3.052259306,-0.861213946,,-0.736580381,-0.710072922,0.14553838,-0.627059848,,0.153085624,0.254694052,0.339086901,,,,-0.173644034,,0.886916012,,,0.120559415,0.121755583
1/03/2013,-1.04727839,-0.868862967,-0.510205419,1.211416816,0.519944043,-0.500758848,0.631765126,,,,,,,,,,,,,0.172623648,,,,0.676006354,-0.578981994,,0.087085265,0.483973535,-0.4721582,-0.402440618,-0.883597079,-0.079586946,-3.372903724,0.902557337,,-0.603793106,-0.706301963,-0.005763254,-0.515509005,,0.463458939,0.297285313,0.069883535,,,,0.780753257,,-0.768669823,,,-0.038686502,-0.121416613
1/04/2013,0.273844771,0.523113242,-0.117465458,-0.200071708,-0.020941972,0.681396422,-1.272103897,,,,,,,,,,,,,0.636105634,,,,0.180702724,-0.192446163,,-0.038682084,-0.267385306,0.138749532,1.622614376,0.591153194,1.366435465,-0.010027576,0.306837922,,-0.482967398,-0.643507079,-0.19697159,-0.314496402,,-0.65936217,-0.575835542,-0.82482177,,,,-0.360852626,,-0.612216717,,,0.038896459,-0.134628427
1/05/2013,-0.532140787,-0.849283199,0.084742273,0.158257313,0.757654976,-0.440268105,0.306729361,,,,,,,,,,,,,0.349564592,,,,-0.466381659,0.101179262,,0.056311234,0.804682761,0.431668561,-0.538879727,0.575683123,-0.700857443,-0.382508185,-0.266725112,,-0.385881353,-0.69755417,-0.121811553,-0.311516636,,-0.641104916,-0.320287975,-0.04096491,-0.876383753,-0.86240221,-0.924688264,-2.183164381,,0.313507363,,,-0.107778083,-0.103625777
1/06/2013,-0.131052852,-0.705629946,0.436290315,0.50075018,0.307849995,-0.14197876,-0.248732784,,,,,,,,,,,,,0.32807051,,,,-0.061214306,-0.266907243,,0.127670211,-0.363949127,-0.464663964,-0.639209313,-0.178693928,-0.585562948,0.790310085,-1.040388281,,-0.475196783,-0.701101337,-0.070759084,-0.148665713,0.040168565,0.39955855,0.517340163,1.020013062,-0.692393997,-0.568075875,-0.397469319,-1.363118078,,-0.071886599,,,-0.073928194,4.09931E-06
1/07/2013,-0.657519214,-0.414276988,-0.42987179,-0.270491817,-0.603141943,0.457382144,0.141367458,,,,,,,,,,,,,0.299370429,,,,-0.065578151,-0.10854756,,-0.09884515,0.054557702,0.612940638,1.406106794,0.51562431,1.206289942,-0.76930847,0.184508889,,-0.42981497,-0.535781081,-0.136077945,-0.30477098,0.040168565,0.10744249,0.382467836,0.687467728,-0.652006002,-0.353638116,-0.045990022,-1.088811531,,0.569570997,,,0.129283825,-0.134421616
1/08/2013,-0.331447238,-0.151366557,-0.265510681,1.100371126,0.669302259,0.126909818,-0.205149917,,,,,,,,,,,,,0.448278654,,,,0.247780422,0.207345949,,0.120241984,0.732780285,0.712120337,-0.351056168,-0.32138191,-0.227598778,0.258546024,0.32078739,,-0.447766817,-0.610916295,-0.300542517,-0.307472258,-1.709395615,0.016156221,0.162412986,0.370757885,-0.279538936,0.083646726,0.489597478,-0.137008589,,0.320314438,,,0.041334758,0.422299937
1/09/2013,-0.028820728,-0.126175652,0.070990426,-0.617130414,-0.448312699,-0.803390639,-0.062216518,,,,,,,,,,,,,0.476380126,,,,0.684515712,0.178133592,,-0.066044742,-0.183085252,-0.880038382,2.843660708,0.822179078,2.209796334,1.087387552,-0.228625721,,-0.682048004,-0.549696165,0.092788121,-0.78800177,-0.293081755,0.78296088,0.559931424,0.449935346,0.164729011,0.470475625,0.782496892,1.033045823,,-0.564232927,,,0.104750297,-0.64763883
1/10/2013,-0.504757815,-1.557620056,0.701687305,0.645946526,0.218080032,-0.272753356,0.015511082,,,,,,,,,,,,,0.5335842,,,,0.480617627,-0.042373625,,0.024423403,-0.366015864,-0.28151097,-0.553261962,0.037868171,-0.452997542,-1.25891827,0.95485667,,-0.591669675,-0.523660917,-0.252233069,-0.578443449,0.040168565,0.216986012,0.07013192,-0.056800402,0.258967666,0.499908258,0.740654119,0.439004004,,-0.979356206,,,-0.12248762,-0.073191275
1/11/2013,-0.851118871,-0.663915302,-0.447869532,-0.069187363,-0.236935236,-0.161993443,0.067200635,,,,,,,,,,,,,0.543420589,,,,0.659254785,0.288453537,,-0.002032195,-0.228370657,-0.346615509,-0.324867878,1.256548565,-0.615964197,0.552945707,-0.688301678,,-0.398003523,-0.425550813,-0.08585027,-0.408261197,0.040168565,0.326529535,0.339876574,0.513277314,0.407056981,0.689118045,1.000079314,-1.23830456,,0.186823647,,,0.059430985,0.025822926
1/12/2013,-1.046028576,-1.757422253,0.225253584,0.563263572,0.064856011,-0.087009787,-0.300494086,,,,,,,,,,,,,0.539027538,,,,0.189814128,0.420447377,,0.042015985,0.876839025,0.442116998,-0.238265893,-0.282251562,-0.131171966,-0.582840651,0.378385243,,-0.211299833,-0.301041757,0.060476942,-0.187097925,0.040168565,-0.230316706,0.013343572,0.394511123,0.281405441,0.684913383,1.196740349,-0.513323247,,1.29289963,,,0.097376313,0.23945363
1/01/2014,0.371885123,0.511197584,0.012254187,0.24750014,-0.49717078,-0.506349183,1.136270245,,,,,,,,,,,,,0.463213003,,,,0.036803188,0.317573095,,0.07530615,0.320314565,-0.187732453,0.637897303,2.694445926,-0.268628594,1.17340159,-0.253770081,,-0.372771906,-0.285297592,0.076368673,-0.585121706,0.040168565,-0.175544944,-0.114430212,-0.167648847,0.182679231,0.605024807,1.096317693,-0.684560778,,-0.107434167,,,0.012947893,-0.212758757
1/02/2014,0.076755017,0.221563624,-0.093731328,-0.174909886,0.599333675,0.346160269,-0.230980668,,,,,,,,,,,,,0.523672099,,,,-0.240439481,-0.240891993,,-0.120723686,-0.130267488,-0.122857292,-0.871300805,-1.341966373,-0.388286013,-0.439502309,-0.014947464,,-0.298643296,-0.404533977,-0.297619824,-0.093968826,0.040168565,0.189600132,0.006245028,-0.175566593,0.263455221,0.596615483,0.991710759,0.625776373,,-0.766948427,,,0.021693482,0.128493441
1/03/2014,0.744600368,0.568361353,0.398939125,-0.045931471,0.137341982,0.272422304,-0.263209777,,,,,,,,,,,,,0.825705028,,,,-0.301640656,-0.215002498,,-0.096014146,-0.587225787,-0.071767934,-0.626544142,-0.741312549,-0.359729375,0.463901167,-0.536068634,,-0.269790274,-0.41265471,-0.300389099,-0.094534211,0.040168565,0.070927982,0.034639202,-0.033047164,0.285892996,0.605024807,0.962420818,1.090163076,,-1.649004541,,,0.12270549,-0.044396761
1/04/2014,-0.278100272,0.187706853,-0.479457277,-0.292295668,0.35861938,-0.730249086,-0.076215684,,,,,,,,,,,,,0.47664067,,,,-0.277232739,-0.086551816,,0.198194381,-0.773794372,-0.203201169,0.404060624,0.899096314,0.077778079,-0.409421855,-2.213500591,,-0.17171365,-0.206179126,0.06081092,-0.139287421,0.040168565,0.153085624,-0.02924769,-0.207237577,0.348718766,0.575592173,0.841076775,0.180097406,,-1.490271591,,,-0.46696292,-0.366815678
1/05/2014,-0.840525591,0.143435852,-1.10585539,0.675167647,0.312222794,0.352966755,0.720103288,,,,,,,,,,,,,0.550966399,,,,-0.876492934,-0.363655651,,0.065136783,-1.17453141,-0.243703167,0.244954061,0.073849475,0.21856415,-0.227061509,1.657905054,,-0.215656563,-0.285467613,-0.365246836,-0.246623108,0.040168565,-0.485918259,-0.519047194,-0.78523304,0.097415685,0.256037866,0.414280486,0.022796823,,-1.173226705,,,0.084938047,0.017163588
1/06/2014,-0.063731599,-1.020834344,0.771086033,0.666738392,0.576907631,0.257132723,0.388897299,,,,,,,,,,,,,0.622775834,,,,-0.856575062,0.06237767,,-0.122645483,-0.113540422,-0.28746528,-0.151163032,-0.369910758,-0.01981237,-0.014034865,1.657122246,,0.266881068,-0.2254341,0.363918083,0.657480218,0.040168565,-0.212059452,-0.213809822,-0.207237577,-0.019260745,0.117284022,0.292936443,0.230462871,,-1.410323489,,,0.035841137,-0.080382818
1/07/2014,-0.03366209,0.530444188,-0.479143169,0.725945672,1.278166121,-0.235715186,-0.416891754,,,,,,,,,,,,,0.61980977,,,,-0.703320216,0.205956442,,0.078840846,0.19702266,-0.183654767,0.385092749,0.31281257,0.266514113,0.181310169,-1.954491966,,-0.347960674,-0.336427733,0.093595198,-0.331006838,0.040168565,-0.549818647,-0.497751563,-0.721891071,-0.301976711,-0.1896563,-0.100385627,-0.289247276,,-0.64122672,,,-0.051368628,0.02687076
1/08/2014,-0.324846105,-0.761711314,0.248933311,-0.352450232,0.240091419,-0.101991816,0.49223151,,,,,,,,,,,,,0.712700091,,,,-0.388906164,-0.139214015,,-0.041334762,-0.490491315,-0.269994402,1.134770725,-0.140475154,1.076472761,1.119411175,0.063220973,,-0.413294604,-0.362780467,0.00629153,-0.501863666,0.040168565,0.089185236,-0.015050602,-0.159731101,-0.270563826,-0.21067961,-0.196624006,0.178636522,,-0.469502782,,,0.138716457,-0.023842442
1/09/2014,-0.375289421,-0.460766841,-0.059507542,0.671351837,1.45442704,-0.37906752,-0.241052772,,,,,,,,,,,,,0.83394823,,,,-0.785744823,0.43074688,,0.011159671,-0.404095604,0.770034415,-1.7294333,-0.461297807,-1.451728654,-0.260225745,-0.149946553,,-0.190665528,-0.22291653,0.085068704,-0.180242978,0.040168565,0.545616581,0.361172205,0.449935346,-0.01477319,-0.008855837,0.02932697,-1.618654838,,-0.152263424,,,-0.102274728,-0.241700831
1/10/2014,-0.500246666,-0.329522152,-0.313540143,0.709622541,-2.037641557,-0.114919831,0.189496047,,,,,,,,,,,,,0.637213163,,,,-0.711574894,-0.060158867,,0.032698288,0.581629483,-0.632061854,1.399827829,0.700087941,1.088649523,-1.046127148,-0.333125596,,0.00218577,-0.179671181,0.113160886,0.178246375,0.040168565,-0.668490797,-0.547441368,-0.698137833,-0.355827371,-0.345228792,-0.351442268,0.240233355,,-0.384995929,,,0.002286308,0.179860231
1/11/2014,-0.388604182,-1.219801008,0.547016696,-0.227742007,1.403075236,-0.060831602,-0.473478952,,,,,,,,,,,,,0.780321404,,,,-0.556193028,-0.21261272,,-0.001433257,-0.401679878,0.384858842,1.350243557,-0.073824995,1.162517213,-0.020204487,0.803099871,,-0.149082349,-0.196616944,-0.185301449,-0.145647049,0.040168565,-0.175544944,-0.199612734,-0.167648847,-0.454553581,-0.475573312,-0.451864924,-0.679799136,,-0.311723855,,,-0.008055015,-0.126798003
1/12/2014,0.696474233,0.906331779,0.066477392,-0.907941928,-0.631381965,-0.817170413,-0.359246109,,,,,,,,,,,,,0.489048496,,,,-1.042430568,-0.083570909,,-0.033350316,0.081238911,-0.633323917,0.141047211,-0.112756285,0.136424612,-0.303828714,0.104532547,,-0.170640894,-0.213117514,-0.236155423,-0.147505123,0.040168565,-0.987992738,-0.923664175,-0.935670215,-0.952672188,-1.03479335,-0.958162483,-0.970665471,,-0.006031587,,,-0.142698315,-0.458168328
1/01/2015,-0.190167002,-0.37464207,0.083953729,1.231207563,0.335880788,1.494406534,0.707290077,,,,,,,,,,,,,0.788946069,,,,-0.850940344,0.09114296,,0.059026767,-0.092609119,0.335904578,-0.287446522,0.423397036,-0.337113267,0.798901425,1.397377056,,0.092359772,-0.256244812,-0.092927509,0.348513691,0.040168565,-0.586333155,-0.625525347,-0.983176691,-1.253338374,-1.417417587,-1.489565705,-1.516576042,,0.275469961,,,0.027312239,-0.220567526
1/02/2015,0.954184642,0.732054887,0.5070125,-0.902401941,0.029025132,-0.234277037,-0.183210785,,,,,,,,,,,,,0.748235878,,,,-0.189808222,0.187507853,,0.053486551,0.266424495,0.785973672,-0.332402252,-0.505804266,-0.148103236,-0.686394643,-2.136989797,,-0.163227331,-0.33952865,-0.344335326,0.03145994,-1.792708195,-0.8054202,-0.533244281,-0.405181229,-1.266801039,-1.375370967,-1.347300276,0.087136181,,-0.435509795,,,-0.142236831,0.0353286
1/03/2015,0.034587667,0.67501646,-0.51202497,-0.190597377,-1.179152433,0.335697333,0.309338668,,,,,,,,,,,,,0.968062269,,,,-0.300419888,-0.254099423,,-0.018116264,-0.615445432,-0.441439557,0.882875011,-0.251862609,0.7566439,0.178971083,0.289797593,,-0.145162944,-0.089490575,0.26473319,-0.238154897,-0.209769175,-0.148159064,-0.078937494,-0.04096491,-1.298213924,-1.383780291,-1.330563166,-0.497706705,,-1.545093587,,,0.971982795,0.826412959
1/04/2015,-0.429352403,-0.809200928,0.161663045,0.104540137,0.541522592,-0.03207009,0.05822225,,,,,,,,,,,,,0.942593985,,,,-0.58477482,-0.123899678,,-0.034333633,-1.907140729,-0.340632932,-1.183112374,-0.110052191,-0.917328951,0.959302942,-0.565840867,,-0.491566022,-0.247597316,-0.355509475,-0.644907052,0.040168565,-0.084258675,-0.064740407,-0.207237577,-1.352064584,-1.434236234,-1.451907209,1.130547422,,-1.845253443,,,-0.879015237,-0.84117814
1/05/2015,0.524029344,0.363500959,0.309186973,-0.834576246,0.226557826,-0.218410448,-0.765692461,,,,,,,,,,,,,0.814667429,,,,-0.044733129,-0.096231165,,0.043307284,0.247363232,-0.368914274,1.228080716,-0.117514838,0.994483886,1.443895478,0.542866707,,0.029608218,-0.16207331,-0.16077013,0.130077469,-1.709395615,0.992919299,0.936154232,1.510913318,-0.499429131,-0.538643241,-0.313783772,-0.954439383,,-0.489190494,,,0.176248776,0.209792046
1/06/2015,-0.500795715,-0.373533854,-0.276875623,0.449269841,-0.019092046,-0.260548151,0.003818667,,,,,,,,,,,,,0.658840646,,,,-0.666715609,0.127223018,,-0.024120792,0.459457458,0.960215314,-1.031356877,0.776363312,-1.006161356,-1.311966805,0.238356882,,-0.186331212,-0.094745673,-0.027625338,-0.336804357,-0.293081755,-0.111644556,0.07013192,0.323251409,-0.494941576,-0.441936016,-0.087832795,0.029100441,,0.739907994,,,0.053893186,-0.238503026
1/07/2015,0.281978659,0.322247171,0.062657313,1.437551691,0.986811464,0.231279437,0.500834673,,,,,,,,,,,,,0.756417385,,,,-0.937833436,-0.050221407,,0.007210791,0.432146195,-0.720312246,0.293111198,-0.287086924,0.311935631,-0.56024228,0.309132443,,0.031767853,-0.171196175,-0.243328569,0.300913163,0.040168565,-0.27595984,-0.220908365,-0.207237577,-0.643030892,-0.584894522,-0.209176838,-1.459179574,,-0.496077028,,,-0.302397311,0.015052267
1/08/2015,-0.162890437,-0.672479086,0.35595464,-0.899363518,-0.706958034,-0.255548812,-0.231833605,,,,,,,,,,,,,0.992952694,,,,-0.301636846,0.000831286,,0.063190074,-0.111400799,0.290232343,-0.306448382,0.622114727,-0.41727365,-0.750943665,-0.035813723,,0.047003493,-0.115108445,-0.09506409,0.165634196,0.040168565,-0.221188079,-0.27059817,-0.571453896,-0.764194877,-0.757285662,-0.522997639,-0.33429212,,-0.050767958,,,0.33062518,-0.031173655
1/09/2015,-0.078828625,0.360040556,-0.384228343,0.398636526,1.186798737,0.485359574,0.880446073,,,,,,,,,,,,,0.738887197,,,,-0.794851546,-0.012721876,,0.021097971,0.43282665,0.491212375,0.673778716,-0.601794782,0.700561187,1.458802383,-0.137936459,,0.286441275,-0.215747506,-0.160130201,0.730715388,0.040168565,-0.066001421,0.027540659,-0.04096491,-0.809070427,-0.753081,-0.556471858,-0.646774718,,0.783131357,,,-0.165743557,-0.140997119
1/10/2015,1.153336632,0.534423863,0.895500688,-1.177357546,-0.158838091,0.274986401,-0.438040526,,,,,,,,,,,,,0.543896681,,,,-0.445897238,0.01567089,,0.009592173,-0.731589694,-0.280470533,0.764506807,-0.23480686,0.633231559,-0.876752627,-0.060108011,,0.119268373,-0.261756376,-0.519417785,0.567495735,0.040168565,-0.047744168,-0.064740407,-0.207237577,-0.844970867,-0.803536943,-0.677815901,0.218788762,,-1.326787161,,,-0.076283231,-0.222308684
1/11/2015,0.275259985,0.146214388,0.196844402,-0.217635989,-0.427941149,-0.249185908,0.462910205,,,,,,,,,,,,,0.732119953,,,,-0.107699276,-0.047234116,,0.045107834,-0.73628847,-0.668054718,-2.034892267,-0.225480614,-1.561714156,-0.209785873,0.659846501,,-0.359461048,-0.140014281,-0.127264807,-0.60613759,0.040168565,0.837732641,0.602522685,0.750809696,-0.445578471,-0.458754664,-0.292862385,0.886846821,,-1.655112779,,,-0.030455665,-0.099249889
1/12/2015,-0.231783192,0.35845029,-0.557666265,-0.508467259,-0.463989879,-0.282991469,-0.086380319,,,,,,,,,,,,,0.612062461,,,,-0.179634132,-0.089127605,,0.053956692,-1.336749676,-0.649182955,1.129357075,1.441054412,0.566707663,0.158735397,-0.324554035,,-0.143663493,-0.35527841,-0.218158205,0.027644015,0.040168565,0.162214251,0.041737746,-0.00137618,-0.378265146,-0.446140678,-0.305415217,0.509736015,,-1.938850287,,,-0.046574492,0.436189531
1/01/2016,-0.328255868,-1.334318713,0.695227602,1.480507454,0.305035463,0.424617938,-0.121987247,,,,,,,,,,,,,0.581386777,,,,-0.493974045,-0.016947624,,0.015393677,-0.456291712,-0.984462158,-0.954836701,-1.136488849,-0.504982908,-0.652896938,-0.184605793,,-0.176968361,-0.470561289,-0.293829631,0.091302171,0.040168565,-0.531561393,-0.369977779,-0.357674752,-0.652006002,-0.677397085,-0.50626053,-0.749976019,,0.101175948,,,-0.029465398,-0.490597856
1/02/2016,-0.074523798,0.267951062,-0.301551167,-1.614865357,-0.644209853,0.000421162,-0.214772911,,,,,,,,,,,,,0.54758013,,,,-0.137066768,-0.247776488,,0.16975557,0.239073736,0.033202645,0.471067586,0.09478332,0.3657723,0.830932303,-0.20804161,,0.052239431,-0.369273912,-0.310243474,0.418912849,0.040168565,-0.522432766,-0.426766128,-0.769397548,-0.921259303,-0.942290787,-0.924688264,-0.090074156,,0.336010731,,,0.015189248,-0.288517225
1/03/2016,-0.034399327,-0.888579539,0.667812586,-0.164823623,0.106572835,-0.561232263,0.16266594,,,,,,,,,,,,,0.147217071,,,,-0.331579274,0.066396272,,-0.151103494,0.47679755,-0.046739056,0.744621271,0.927910929,0.37399365,-1.084702417,-0.293192421,,-0.4512991,-0.617721148,-0.194452888,-0.27075951,0.040168565,0.609516969,0.43215764,0.315333663,-0.634055782,-0.698420395,-0.769870002,1.749437207,,0.07810621,,,-0.09338345,0.162082497
1/04/2016,-0.279932322,-0.754378543,0.276769977,0.028677337,0.768444009,-1.414505662,0.185924022,,,,,,,,,,,,,1.091601427,,,,-0.682401359,-0.300378489,,0.023225355,0.040067291,-0.939057162,0.027614854,-0.463423353,0.1301529,3.577318281,0.98428427,,-0.124828577,-0.536262858,-0.181718581,0.281113023,0.040168565,-0.102515929,-0.100233125,-0.143895609,-0.696881552,-0.769899648,-0.857739826,-0.37843424,,-0.06065721,,,-0.010394352,0.011208602
1/05/2016,-0.447246994,-0.439629929,-0.161785436,0.436993167,-1.018451773,1.649223866,0.059814726,,,,,,,,,,,,,0.605189592,,,,0.027163185,-0.346515966,,-0.046864818,0.089721984,0.259080054,-0.323441465,0.154324694,-0.299373053,-2.015667067,-0.592563263,,-0.277721145,-0.396884863,-0.235726417,-0.195849101,-1.876020775,-1.033635872,-0.717806413,-0.595207134,-0.804582872,-0.820355591,-0.799159944,-1.277429163,,0.846693222,,,-0.035222361,-0.311591963
1/06/2016,0.070946909,0.762005263,-0.524120364,-0.065528118,1.55042649,-0.511592432,0.634987438,,,,,,,,,,,,,0.564352111,,,,-0.062745969,0.033890549,,0.036082901,-0.547448972,0.603452251,-1.121470305,-0.868865485,-0.711544548,-1.064715072,0.958930535,,-0.601249623,-0.427316564,-0.342046315,-0.802977636,-0.126456595,-0.15728769,-0.298992344,-0.618960372,-0.858433533,-0.975928083,-1.10461219,0.450988704,,-0.668241855,,,-0.100280788,-0.068918766
1/07/2016,0.234839057,-1.357301015,1.330012763,0.124564988,0.873839132,0.145135764,-0.81294361,,,,,,,,,,,,,0.442299728,,,,-0.332774874,-0.258406557,,0.139862419,1.129346834,-0.400931181,1.892088177,-0.216293452,1.546367316,0.060165637,-0.359007335,,-0.263782929,-0.445987691,-0.403836499,0.013305269,0.040168565,-0.175544944,-0.277696713,-0.579371642,-0.957159743,-1.152523884,-1.422617268,0.444878765,,0.278833297,,,-0.121894275,-0.293116687
1/08/2016,-0.84247103,-0.40765033,-0.630929901,-0.395195597,-0.795575648,0.003619105,0.039385232,,,,,,,,,,,,,0.42235094,,,,-0.161614964,0.220672223,,-0.119815187,-0.141172203,0.230176295,0.300656201,0.220840879,0.173837511,-0.433247881,-0.536124701,,-0.4470976,-0.400847983,-0.154922339,-0.500994858,-1.876020775,-0.39463199,-0.199612734,-0.143895609,-0.750732212,-0.896039506,-1.125533576,-0.088347238,,0.640762676,,,0.048820324,0.148850568
1/09/2016,-0.682757801,-2.059910874,0.829069652,0.208578981,-0.359338794,-0.348595596,-0.213131759,,,,,,,,,,,,,0.312382975,,,,-0.133975965,0.34166258,,0.106099104,0.405873581,-0.575935475,-1.79309725,0.191196865,-1.442498606,-0.495377814,2.539109189,,-0.372150866,-0.342240307,-0.352960151,-0.369963466,-0.126456595,0.582131088,0.467650358,0.370757885,-0.441090916,-0.597508508,-0.907951155,0.381348953,,0.600872243,,,0.058635791,-0.01975377
1/10/2016,0.252912075,1.076936317,-0.550811429,-0.300532305,-0.597563239,0.147985821,-0.002844814,,,,,,,,,,,,,0.548121638,,,,-0.039964569,-0.254305652,,-0.054327284,0.483045249,0.791844935,-2.12580819,-0.527113188,-1.755429462,1.050619473,-2.634953548,,-0.113825728,-0.323297017,-0.166187435,0.130096342,0.040168565,0.509102073,0.41086201,0.70330322,-0.203250501,-0.366252102,-0.548103303,0.607053928,,1.193771703,,,0.142814707,-0.320519025
1/11/2016,0.073981551,0.671623163,-0.441904712,0.999781623,-0.053832458,0.006962453,-0.146659141,,,,,,,,,,,,,0.408189319,,,,-0.141893087,-0.072649573,,0.005839753,2.107925385,-0.417680351,1.374548044,0.187082793,1.203957487,-0.71703091,-0.062851931,,-0.179555196,-0.34887521,-0.257220638,-0.066678189,0.040168565,0.39955855,0.538635794,0.988342078,-0.019260745,-0.05931178,-0.037621467,0.142315172,,3.737437044,,,-0.022543226,0.131705414
1/12/2016,0.012293697,0.03318712,-0.014256659,0.382569725,0.396391652,0.234320082,0.055448064,,,,,,,,,,,,,0.388682629,,,,-0.488936222,-0.173626725,,0.080608021,1.565039513,0.256590084,0.009725373,-0.636738456,0.179108741,2.162221481,0.227320485,,0.202935444,-0.344854022,-0.368258281,0.702744913,0.040168565,0.646031476,0.659311034,0.932917855,0.285892996,0.319107795,0.443570427,-0.837545707,,1.80446129,,,-0.04687853,-0.049267007
1/01/2017,-0.055073113,-1.977543919,1.461227264,-0.629375972,0.62295457,1.004942218,-0.103165652,,,,,,,,,,,,,0.281940195,,,,-0.481027977,-0.085816861,,0.008062549,-1.573778446,0.898729335,-1.004614826,-0.50590099,-0.729938228,-2.364199037,-0.522145333,,-0.681865232,-0.356125104,-0.337110664,-0.991812313,0.040168565,-0.029486914,-0.064740407,-0.183484339,0.258967666,0.268651851,0.334779217,1.063194811,,-0.111425189,,,0.130908133,0.200310827
1/02/2017,-0.365007486,0.910322525,-1.107025928,0.824801613,0.783270118,-1.857559286,0.332009053,,,,,,,,,,,,,0.568599785,,,,-0.285891686,-0.410328507,,0.012476553,-0.041315675,-1.361424404,1.226137278,0.707514839,0.857813084,0.856635273,0.984044069,,-0.563430274,-0.423326055,-0.275794677,-0.691137935,0.040168565,-0.020358287,0.041737746,0.093636773,0.236529891,0.281265837,0.372437713,0.477183844,,-0.321499361,,,-0.16466515,-0.226690726
1/03/2017,0.889338315,1.824547964,-0.424611664,0.055933755,-1.254643722,0.764046645,-0.110771289,,,,,,,,,,,,,0.518239925,,,,-0.279312601,-0.232115638,,-0.157773995,0.166715047,0.962625848,-1.694781541,-0.457779168,-1.367051188,1.176672157,0.030683605,,-0.536121365,-0.308193734,-0.402938599,-0.696194797,0.040168565,0.198728759,0.233398421,0.212402964,0.321793436,0.407405695,0.472860369,-0.309973301,,-0.46392726,,,-0.153477856,-0.351551016
1/04/2017,0.628503817,-0.435626552,1.041818099,-1.103296465,0.541878955,-0.937700946,0.567687488,,,,,,,,,,,,,0.456381358,,,,-0.33881138,0.25392141,,0.329107913,-1.641224626,-0.423624446,1.314022122,0.512175609,1.025739318,-3.002948276,0.89926501,,-0.35798849,-0.488275198,-0.127057433,-0.217692166,0.040168565,-0.650233543,-0.561638455,-0.769397548,-0.010285635,0.062623416,0.054432634,-0.999475811,,-1.205589987,,,0.102289517,-0.016437951
1/05/2017,0.076885284,1.316023285,-0.940694389,-0.291724729,-0.240323777,2.480235839,0.150138278,,,,,,,,,,,,,0.577438599,,,,-0.431027557,-0.025271798,,-0.210587093,1.329537994,-0.334249656,-0.958732937,0.706200729,-1.096016767,1.578814504,-0.06228121,,-0.235859076,-0.179543596,-0.13085582,-0.333380659,0.040168565,-0.066001421,-0.078937494,-0.033047164,-0.055161185,0.003758149,0.025142693,-0.436291587,,-0.967282705,,,-0.059720324,0.38844365
1/06/2017,0.350980848,1.50553776,-0.794669316,0.34160978,-0.84783483,-0.373961621,0.284807103,,,,,,,,,,,,,0.419305287,,,,-0.586121703,-0.089834703,,0.074406317,-0.734190026,0.452257438,1.340001916,0.531539933,1.074257419,0.751382529,-0.573503714,,0.29777593,-0.291761075,-0.382583733,0.788311459,0.040168565,-0.020358287,-0.164120017,-0.405181229,-0.07759896,-0.105563061,-0.200808283,0.951196223,,-1.377808639,,,-0.00524436,-0.047349021
1/07/2017,0.190475472,-0.637538907,0.719914856,0.094940852,0.499737835,-0.577010778,-0.056752156,,,,,,,,,,,,,0.437979201,,,,-0.554154896,-0.23448169,,0.013211425,0.026805532,-0.116868889,0.355236531,0.359948447,0.207089067,-0.956625416,0.411878342,,-0.307185116,-0.425816878,-0.183859622,-0.150695449,0.040168565,0.709931865,0.659311034,0.766645188,0.258967666,0.272856513,0.192513787,0.981517507,,-0.494953697,,,-0.049082996,-0.454704906
1/08/2017,0.71147403,0.919677045,0.078317498,-0.34900089,0.33053951,0.12704495,-0.084863549,,,,,,,,,,,,,0.196887063,,,,-0.654918583,-0.542323236,,-0.038004004,-0.474768597,-0.225453837,0.172197905,-0.010270281,0.15016919,-0.176646126,-0.656792265,,-0.323745921,-0.41978436,-0.417178656,-0.242701898,0.040168565,-0.020358287,-0.057641864,-0.120142371,0.236529891,0.226605232,0.117196795,-0.587621971,,0.591454066,,,-0.241449736,0.174350846
1/09/2017,0.340323629,-0.140784182,0.493900485,-0.31364415,-0.199238719,0.285143886,-0.011043587,,,,,,,,,,,,,0.161888319,,,,-0.441954326,-0.102348304,,0.054092627,0.226329776,-0.038102899,0.202199416,-0.256479954,0.238138097,0.016361159,1.418773703,,-0.486759436,-0.489993568,-0.207888422,-0.4673651,0.040168565,0.472587565,0.346975118,0.347004647,0.456420086,0.420019681,0.288752166,-0.085677575,,0.277051535,,,0.117344541,-0.16203342
1/10/2017,-0.208628163,0.410856346,-0.561920137,-0.428486882,-0.196153658,0.090933193,0.092464813,,,,,,,,,,,,,0.203817528,,,,-0.134559782,-0.104029741,,-0.034122376,-0.607501249,-0.198031973,-0.129764488,0.115355586,-0.142256457,1.756826716,-0.583770528,,-0.37018382,-0.483488899,-0.338247849,-0.212084345,0.040168565,0.061799355,0.134018812,0.275744932,0.474370307,0.487294272,0.422649041,-0.768939979,,-0.685317275,,,0.003461253,0.202692913
1/11/2017,0.597030425,0.97103468,-0.093306579,0.397635901,0.106983973,0.563607134,0.08157017,,,,,,,,,,,,,0.188757752,,,,-0.282336638,0.450524181,,0.013464217,-0.034976125,-0.020092717,2.101839599,-0.242310438,1.699964249,-0.452506807,-0.358691007,,-0.105964328,-0.545521877,-0.581471043,0.311855782,0.040168565,-0.522432766,-0.49065302,-0.642713611,0.205117006,0.184558613,0.071169744,-0.783904602,,0.818313357,,,-0.001772479,0.002676447
1/12/2017,0.293279978,-0.163611765,0.461016521,0.979046555,0.010492529,-0.551763939,-0.377644526,,,,,,,,,,,,,0.336197245,,,,0.035167636,-0.170707321,,0.049670946,0.310388596,1.962938919,-3.39261647,0.208548933,-2.850918068,-0.64363797,-0.225230311,,-0.580494141,-0.574110791,-0.328972435,-0.597668887,0.040168565,0.426944431,0.275989683,0.054048043,0.402569426,0.335926442,0.087906853,0.725120198,,0.644846718,,,0.095932301,-0.205117948
1/01/2018,0.217709632,-0.812684002,0.881043537,-0.403565091,0.994418435,-1.185272141,0.288291776,,,,,,,,,,,,,0.263552496,,,,0.198949568,-0.284455575,,-0.074606164,0.91877543,-0.794693541,1.168317591,-0.784662988,1.254882439,0.12182115,-0.699603496,,-0.619990733,-0.552916477,-0.044895788,-0.773494958,0.040168565,0.499973446,0.417960553,0.560783791,0.635922287,0.571387511,0.372437713,0.370647443,,0.620664668,,,-0.032244213,0.486139031
1/02/2018,-0.512211688,0.153403718,-0.698953648,0.296851805,-1.014916894,1.048504687,0.263681317,,,,,,,,,,,,,0.125770957,,,,-0.011569126,-0.0046706,,0.190723252,0.234648924,0.337539871,-0.526304383,0.983072086,-0.726793531,0.43452901,0.700928614,,-0.521256092,-0.45628399,-0.477877433,-0.540482724,0.040168565,-0.120773183,0.048836289,0.370757885,0.564121407,0.588206159,0.556545916,-1.183944247,,1.087093434,,,-0.077967187,-0.253876223
1/03/2018,-0.073865674,-0.983984431,0.682900278,-0.231038736,0.40886686,0.035075018,0.704060592,,,,,,,,,,,,,-0.019595164,,,,0.007097768,-0.253977792,,-0.036944036,-0.39049915,-0.034311895,0.610457697,0.427886767,0.415101615,-1.067324798,-0.831570856,,-0.358686549,-0.578213956,-0.418000771,-0.151609769,0.040168565,-0.047744168,-0.121528756,-0.421016721,0.528220967,0.50411292,0.322226384,-0.799487368,,-0.368988847,,,0.029488123,-0.329662404
1/04/2018,-0.04983902,0.667436385,-0.578377284,0.177740858,-0.352584477,0.711263684,-0.280417808,,,,,,,,,,,,,0.312149149,,,,-0.043646998,0.048346929,,0.002422518,0.095370925,-0.730921982,-1.028840587,0.369243084,-1.070643166,0.00012459,0.19445654,,-0.426858561,-0.73823766,-0.4423828,-0.049821441,0.040168565,0.317400908,0.219201334,0.085719027,0.671822727,0.621843454,0.355700603,-0.149292795,,-0.698453367,,,-0.171316974,0.306914552
1/05/2018,-0.517407494,-1.031234128,0.220708722,-0.633684686,-0.183863037,-0.695311229,0.004536804,,,,,,,,,,,,,0.043545955,,,,-0.09688735,-0.015803544,,-0.079812564,0.611570051,1.014064908,-0.120068089,-1.404139069,0.345835513,1.033461829,-0.239115894,,-0.633133157,-0.7104549,-0.212718224,-0.600685782,0.040168565,-0.01122966,-0.007952059,0.18073198,0.653872507,0.605024807,0.43938615,0.388583936,,0.72363182,,,-0.391935515,-0.416967667
1/06/2018,1.127456364,0.892980227,0.567543607,-0.264438677,0.567834129,0.457587471,-0.376939142,,,,,,,,,,,,,-0.113015371,,,,-0.065798134,-0.079919997,,0.087686196,0.380324344,0.31076388,1.039876428,0.44792352,0.78732368,-1.507243606,-0.264377154,,-0.330083315,-0.757656386,-0.205638409,0.006938846,0.040168565,-0.120773183,-0.121528756,-0.2626618,0.582071627,0.520931568,0.288752166,-0.148336648,,-0.021876286,,,0.240736027,-0.012598263
1/07/2018,-0.553139126,0.480200869,-0.998469984,-0.016536994,-0.336662292,-0.038758338,0.113835685,,,,,,,,,,,,,-0.116850729,,,,0.281222193,-0.149790768,,0.030120442,0.364391825,-0.509179896,-0.791986772,-0.192920202,-0.643328011,0.513870969,1.715167018,,-0.271774966,-0.65725976,-0.22450669,0.107203312,0.040168565,-0.120773183,-0.178317104,-0.167648847,0.510270747,0.403201033,0.188329509,0.502895138,,0.331587727,,,0.08953196,0.246820296
1/08/2018,0.531051144,0.778297866,-0.013901022,-0.070545566,-0.886820978,-0.197040417,0.047697621,,,,,,,,,,,,,-0.233261179,,,,0.066735412,0.086372405,,-0.033562023,0.011904912,0.200029553,-1.596870833,-0.422821122,-1.401759326,-0.666002508,-1.830625791,,-0.176400292,-0.744139327,-0.430530935,0.312557634,0.040168565,-0.084258675,-0.121528756,-0.135977863,0.456420086,0.319107795,0.104643963,-0.800712746,,0.319133685,,,-0.114747301,0.009364962
1/09/2018,0.02361383,0.404186231,-0.294357411,-1.254228873,0.291711603,0.111606958,-0.448901693,,,,,,,,,,,,,-0.281470636,,,,-0.208324223,-0.156601964,,-0.005072131,0.025361072,-0.261560859,0.388821788,-0.492559678,0.56380812,0.803770367,0.398984863,,-0.289438318,-0.827200721,-0.247582583,0.238567463,0.040168565,0.025284848,0.048836289,0.149060995,0.456420086,0.335926442,0.1715924,-0.029392202,,1.079758156,,,-0.002170754,-0.408935594
1/10/2018,0.215167564,0.91209649,-0.482065883,-0.127679487,-0.081531647,0.290411375,-0.281035447,,,,,,,,,,,,,-0.422326037,,,,-0.122178322,-0.011250397,,0.002955767,0.245653998,0.213318195,0.149944642,0.471890102,-0.017086587,-0.332895779,-0.001614898,,-0.366715442,-0.953223595,-0.581664794,0.243014711,0.040168565,0.025284848,0.105624638,0.18073198,0.456420086,0.386382386,0.255277947,-0.209678059,,0.70890436,,,-0.132196758,0.244015504
1/11/2018,0.195416129,-0.497168721,0.615922958,0.664845798,0.797098785,-0.272582393,-0.036229326,,,,,,,,,,,,,-0.758895606,,,,0.129302369,-0.29607909,,-0.041521694,-0.128454012,-0.037215509,-1.902770455,-1.31932209,-1.468414856,0.155636598,0.833403339,,-0.51844082,-1.015639289,-0.810138155,-0.000954856,0.040168565,0.207857385,0.134018812,0.022377059,0.546171187,0.453656977,0.255277947,0.804583022,,-0.728477013,,,-0.165609833,-0.388938114
1/12/2018,-0.110332824,-0.736007528,0.452892465,-0.417765474,-0.620143029,-0.316847876,0.073498106,,,,,,,,,,,,,-0.495782968,,,,0.13740582,-0.111413777,,-0.057250629,-0.410434183,-1.981210611,-0.704560751,-0.814153502,-0.43678999,0.168140695,-0.860535929,,-0.692089579,-1.055064055,-0.923667215,-0.279058287,0.040168565,-0.631976289,-0.604229716,-0.769397548,0.223067226,0.083646726,-0.163149787,-1.593355871,,-0.500185382,,,-0.195371545,-0.291189178
1/01/2019,0.151490754,1.040629817,-0.651291653,0.289893854,-0.553601625,0.559157264,0.545022981,,,,,,,,,,,,,-0.593161712,,,,-0.292498442,-0.142764636,,0.019803893,0.671410018,1.300258646,0.416161567,0.618386961,0.198820275,-0.543039666,0.383428364,,-0.789663007,-1.142155803,-0.999916335,-0.433161536,0.040168565,-0.522432766,-0.519047194,-0.484358689,-0.046186075,-0.235907581,-0.430943537,0.519434499,,0.939114168,,,0.057757227,0.037306827
1/02/2019,-0.437857761,-0.776805191,0.115841297,-0.408578095,-0.608004056,-0.009794693,-0.299711359,,,,,,,,,,,,,-0.623929789,,,,0.081194737,0.111963428,,0.236457884,0.046713158,-0.250795278,1.308254569,-1.101554214,1.717710881,0.775943554,-0.104583643,,-0.787455747,-1.056308845,-0.272043641,-0.507201717,0.040168565,-0.376374736,-0.462258845,-0.421016721,-0.243638496,-0.521824593,-0.665263069,-0.578218903,,0.710736973,,,-0.006611762,0.326717298
1/03/2019,0.254797862,1.136574346,-0.614538731,0.641998354,0.948956521,0.529189824,-0.778324956,,,,,,,,,,,,,-0.477709439,,,,-0.357643547,-0.13404768,,-0.314225833,-0.843958713,-0.414036313,-0.953092968,-0.89319203,-0.602471689,0.198262405,0.444716244,,-0.837303496,-1.208550374,-0.634368866,-0.505582829,0.040168565,-0.485918259,-0.405470497,-0.516029674,-0.494941576,-0.77410431,-0.949793928,-0.152458493,,0.340350074,,,-0.081024956,-0.420251192
1/04/2019,0.32369406,-0.538485852,0.794010411,0.708745389,1.131174289,-0.518999128,0.221336593,,,,,,,,,,,,,-0.516465518,,,,-0.196194264,-0.378569509,,0.174289777,0.582126324,0.203848646,-0.708032473,-0.055365709,-0.673231119,-1.044487231,0.001884717,,-0.858643045,-1.042323615,-0.463970663,-0.583688058,0.040168565,-0.449403751,-0.2918938,-0.294332784,-0.728294437,-0.959109435,-1.117165022,-0.029392202,,-0.892818377,,,0.073463441,0.277238608
1/05/2019,0.11130307,-0.487096106,0.506587173,-0.003790629,0.34024339,-0.279130584,0.140008025,,,,,,,,,,,,,-0.659099228,,,,-0.141722632,-0.112302468,,0.071567836,1.187052659,0.087542495,0.169220741,0.721535937,-0.098303844,-0.010512004,0.052350829,,-0.80798706,-1.111646588,-0.782016924,-0.476160074,0.040168565,-0.668490797,-0.519047194,-0.642713611,-1.069348618,-1.278663743,-1.468644319,-0.338846693,,1.009668281,,,-0.442060798,-0.304894548
1/06/2019,-0.088045366,0.328214622,-0.35904446,0.356282324,-1.524265335,0.018354642,-0.432795862,,,,,,,,,,,,,-0.400423967,,,,-0.19574581,-0.088752149,,-0.042611281,-0.117730095,-0.470995823,0.488115685,0.415650856,0.343709849,0.542728405,-0.341871877,,-0.886164419,-1.265037799,-0.555252232,-0.511494522,-1.792708195,-0.778034319,-0.604229716,-0.832739516,-1.069348618,-1.278663743,-1.552329866,0.032704485,,0.187175928,,,0.242706914,0.063140554
1/07/2019,0.017173119,0.7342321,-0.562935411,0.207024209,1.02976461,0.156782096,0.069759237,,,,,,,,,,,,,-0.475719551,,,,-0.561711722,-0.12660185,,-0.078565675,0.945271501,-0.05466595,-1.545137422,-0.690439714,-1.389509154,-0.324382579,0.051877861,,-0.651449965,-1.177362151,-0.103413046,-0.1429815,-2.125958515,-0.230316706,-0.178317104,-0.199319831,-0.728294437,-0.959109435,-1.234324787,-0.403532988,,0.361716402,,,-0.15521006,0.244698505
1/08/2019,0.515533716,-0.716537449,1.145683209,-0.017607752,0.539734185,-0.036766306,-0.438093088,,,,,,,,,,,,,-0.446912161,,,,-0.257587416,-0.001821017,,0.073943561,-1.453943682,0.017236136,0.438478735,-0.42393184,0.666733544,-0.455537253,1.89550651,,-0.629830116,-1.196970242,-0.738313733,-0.085979918,-0.126456595,-0.814548827,-0.802988935,-1.117778374,-1.105249058,-1.413212925,-1.803386506,-0.40732502,,-0.664814842,,,0.065173748,0.005005595
1/09/2019,0.13901707,0.580338677,-0.299980682,-0.318029911,-0.799989262,0.052052357,0.046169661,,,,,,,,,,,,,-0.371911702,,,,-0.409501065,-0.055540039,,-0.052698357,0.080545902,0.39660687,0.618599182,0.156569678,0.576942202,0.565951753,-2.06327847,,-0.554497412,-0.979742447,-1.088805883,0.008726466,0.040168565,0.353915416,0.304383857,0.275744932,-0.943697078,-1.245026447,-1.669489631,0.160053009,,-1.284171642,,,0.212909363,0.420967547
1/10/2019,-1.046346195,-0.558733431,-0.745919154,0.417787683,0.542364703,-0.365752967,-0.652762111,,,,,,,,,,,,,-0.500933836,,,,-0.889664533,-0.15242463,,-0.074998197,-1.269712281,-0.072197483,-0.171094107,-1.030827003,0.187980332,-0.333221947,0.229156341,,-0.783002855,-0.96687055,-1.067772771,-0.464240433,-1.959333355,-0.303345721,-0.121528756,0.022377059,-0.674443777,-0.92547214,-1.267799006,0.471139503,,-1.261779292,,,-0.189831643,-0.578155717
1/11/2019,0.295368244,-0.251133303,0.529749711,-0.544208247,-0.949013901,-0.074008397,-0.73059872,,,,,,,,,,,,,-0.589458381,,,,-0.518455599,0.262207278,,0.133361917,0.144419069,-1.017593931,0.139195866,0.734293072,-0.11678732,-0.749006913,-0.471974049,,-0.615369384,-0.947256848,-1.288754621,-0.158698104,-0.043144015,0.317400908,0.304383857,0.402428869,-0.512891796,-0.740467014,-1.050216584,-0.656113713,,-0.394553864,,,0.059600095,-0.652088236
1/12/2019,-0.086373874,-0.578697078,0.352893544,-0.445986957,-0.104437449,0.282044681,0.748420142,,,,,,,,,,,,,-0.637460927,,,,-0.683452222,-0.502995868,,-0.156934627,-0.129006886,0.280408942,1.056935901,0.324302624,0.888254201,-0.169701973,0.795951043,,-0.768010895,-1.07146922,-0.950631209,-0.400590021,0.040168565,0.025284848,0.077230464,0.18073198,-0.512891796,-0.706829719,-0.966531037,0.783310005,,-0.453424296,,,-0.137811446,0.59802041
1/01/2020,-0.260674874,0.702719023,-0.846766982,1.197158154,1.406451687,-0.540280522,0.290762325,,,,,,,,,,,,,-0.661063209,,,,-0.837646928,-0.474126856,,-0.024509159,-1.374420015,-0.979065852,-2.240558205,-0.036681162,-2.260163055,1.451348188,0.533286945,,-0.50556623,-0.918290747,-1.136477047,-0.039668223,0.040168565,-0.047744168,-0.064740407,-0.135977863,-0.548792237,-0.757285662,-1.050216584,-1.415293517,,0.145254663,,,-0.116642747,-0.244530754
1/02/2020,-0.143296731,-0.719305441,0.401097368,-0.924381617,-0.396100383,-0.296821122,-0.684242593,,,,,,,,,,,,,-0.457559276,,,,-0.648707133,0.05176794,,-0.311647551,-1.788195305,-0.763743977,2.332701491,-0.008084223,2.352435809,-0.658437057,-0.806214547,,-0.316410446,-1.021487802,-0.957067342,0.44515718,0.040168565,-0.266831213,-0.2918938,-0.516029674,-0.692393997,-0.942290787,-1.334747444,-0.742149912,,0.531938936,,,-0.122811216,-0.424914569
1/03/2020,-0.371288937,-0.336702243,-0.156883815,0.676847374,0.956847061,-0.394167387,-4.70150321,,,,,,,,,,,,,-0.919893214,,,,-0.964843281,4.396284955,,-2.364940932,2.96071741,-2.05135019,-0.588854799,-0.138528032,-0.496862303,-0.007998899,-0.562848617,,1.014389977,-0.999403817,-2.462556915,2.98478419,-2.792459155,-1.033635872,-0.661018064,-0.2626618,-0.602642897,-0.77410431,-0.916319709,-1.565237215,,1.527275917,,,-1.860112655,0.392000674
1/04/2020,-11.52194301,-6.740115435,-7.818771034,5.585921021,16.73654461,-9.791058092,-8.388106642,,,,,,,,,,,,,-1.46609981,,,,-2.402903766,-11.68850281,,-16.73381775,-2.647400398,-2.152310314,-0.20873202,0.750878361,-0.457534649,-1.90308638,-0.180035881,,-1.089745986,-1.075017757,-4.848581322,-0.323549159,-2.125958515,-0.412889244,-0.206711278,-0.072635894,-0.351339816,-0.47136865,-0.531366194,2.026169268,,-1.478673386,,,-4.439920411,-6.560849779
1/05/2020,-5.899674698,-3.317048036,-4.211667977,3.471754564,-2.920267123,0.845980697,4.336016686,,,,,,,,,,,,,-0.949456242,,,,-1.306974739,8.785322509,,0.697558233,-1.721356675,-1.251803484,-1.638970422,0.108000073,-1.860344888,1.136778067,0.080066727,,-1.447750394,-1.18114048,-1.931190796,-1.404256029,-0.126456595,-0.01122966,-0.036346233,0.18073198,-0.333389596,-0.47136865,-0.414206428,0.610229864,,-0.94816412,,,1.360751387,5.245702769
1/06/2020,4.317730001,-0.859556534,5.787304725,2.161246211,-4.452690156,3.349365543,4.240656902,,,,,,,,,,,,,-0.560084468,,,,-0.813953408,1.449889416,,1.352617878,-0.065869166,0.224158673,-0.504087354,-1.016963519,-0.111988412,0.696433317,0.093665522,,-1.786056923,-1.262070775,-1.182119659,-2.063400465,0.040168565,0.061799355,0.020442115,0.054048043,-0.315439376,-0.47136865,-0.397469319,0.723947604,,-1.768073026,,,1.713692625,3.099189409
1/07/2020,1.62380795,0.735677409,1.264822952,0.573433302,-0.943725316,0.980885318,1.757800779,,,,,,,,,,,,,-0.071763963,,,,-1.319552131,1.926166185,,-2.10341896,-0.37135617,1.202877546,2.228265114,2.129995454,1.592933787,0.167616813,0.139392995,,-1.435547912,-1.131634716,-2.052897448,-1.428269736,0.040168565,0.098313863,0.077230464,-0.104306878,-0.279538936,-0.437731355,-0.464417756,1.133117023,,-0.84036841,,,-0.248618312,-0.097615676
1/08/2020,2.641145564,0.51257863,2.570539515,-3.451913457,0.357994477,-0.075218205,0.276189886,,,,,,,,,,,,,-0.054468734,,,,-2.059844281,-2.787074102,,-0.553634552,-1.402921187,0.145794191,-0.737703026,0.701413387,-1.172959908,0.427603856,0.243543803,,-1.134915224,-1.086274924,-1.471107463,-1.082417023,0.040168565,-0.01122966,0.048836289,0.054048043,-0.297489156,-0.420912707,-0.447680647,0.389926859,,-0.153625798,,,0.042644309,-0.767250309
1/09/2020,-0.870168688,-1.312393392,0.037921555,0.422151218,0.198529742,-0.047134586,1.475693276,,,,,,,,,,,,,-0.152571557,,,,-0.796742284,-0.726164507,,0.077785898,0.667301897,-1.76294147,1.622952088,2.23881047,0.878650197,1.176383181,-1.77617755,,-1.045644077,-0.784221355,-1.509485273,-1.066089061,0.040168565,-0.120773183,-0.093134581,0.054048043,-0.369290036,-0.488187298,-0.430943537,-1.178699708,,-0.020828775,,,0.26468512,0.211507858
1/10/2020,2.556158438,2.349543765,1.035371998,0.196793236,-3.266970017,1.920354183,0.914706625,,,,,,,,,,,,,-0.064031849,,,,0.189260682,0.553302716,,1.198669764,1.07207412,0.774691391,0.998743413,1.230603099,0.602068166,-0.048397388,2.737100048,,-1.022028087,-0.90691166,-1.065382363,-0.991886982,0.040168565,-0.303345721,-0.263499626,-0.230990815,-0.530842017,-0.656373775,-0.564840412,-0.773957082,,0.755640856,,,0.233898156,-0.803990792
1/11/2020,1.327545297,1.882415908,0.02883234,-0.521755917,-3.799577313,1.174179378,1.297315416,,,,,,,,,,,,,0.063212949,,,,0.422538232,3.552744405,,1.115024136,0.46574481,1.926264767,-0.081808245,0.727702944,-0.449827389,0.440467639,-1.591749571,,-0.906450066,-0.806895907,-0.779014576,-0.917263528,-0.626332075,-0.084258675,0.020442115,0.18073198,-0.441090916,-0.521824593,-0.347257991,1.203416015,,0.554266531,,,1.200361065,1.900651327
1/12/2020,0.131869452,0.229025479,-0.031872603,-1.142703614,-2.838710324,-0.250864436,0.715702456,,,,,,,,,,,,,0.122131253,,,,0.808446193,-2.239055839,,0.37172938,1.098279315,-0.975791577,1.476329521,3.209717534,0.183548929,1.055558722,0.415792682,,-0.59641084,-0.697814858,-0.867802373,-0.447725683,-0.043144015,0.025284848,0.162412986,0.370757885,-0.423140696,-0.420912707,-0.146412678,1.105190102,,1.967456534,,,-0.149674227,-0.615081876
1/01/2021,-0.09161231,0.958773566,-0.848744,-1.043074237,-1.303062327,-4.366375873,0.325203946,,,,,,,,,,,,,0.35970439,,,,0.362620728,-0.13286232,,-1.446984585,0.629857196,-0.457537299,-1.868072153,-2.185452698,-1.303534171,-0.180165256,-0.209401046,,-0.567729971,-0.65217229,-0.947379854,-0.471640184,-0.043144015,-0.01122966,0.105624638,0.244073948,-0.423140696,-0.353638116,-0.012515803,-0.265399649,,1.05273237,,,-0.356941117,-0.463026637
1/02/2021,1.143164192,1.573913799,0.053557776,-2.696836545,0.474262404,4.880602978,1.003525513,,,,,,,,,,,,,0.377507926,,,,0.545653628,-0.703156538,,0.367014757,-0.127969014,0.860766883,2.080861754,3.019824549,1.108962354,1.169015269,0.365032317,,-0.540796251,-0.535621015,-0.951843175,-0.429498421,0.040168565,0.061799355,0.332778031,0.877493633,-0.405190476,-0.16863299,0.43938615,0.848037743,,0.28217454,,,-0.307111475,0.120796431
1/03/2021,1.000901473,-0.810084618,1.747695356,-0.864190011,-1.419334205,1.859888153,1.840021216,,,,,,,,,,,,,0.543590305,,,,0.791182833,0.533488487,,0.9356888,-0.441266937,0.812711496,2.270730385,0.573047623,2.48392441,0.827103977,1.6377418,,-0.050093083,-0.318557879,-0.029819739,0.050957763,0.040168565,-0.01122966,0.673508121,1.194203475,-0.423140696,0.218195908,1.058659197,-0.377890553,,0.687357117,,,0.797437543,0.75856855
1/04/2021,-0.801287239,0.200468791,-1.051216057,-0.86554772,-0.253393591,-1.292594355,0.335028806,,,,,,,,,,,,,0.655232086,,,,1.403051222,0.216822086,,2.449890026,0.544364237,-0.928838857,-1.862804945,-1.091744812,-1.650441522,-0.08586721,-1.665296071,,-0.57176482,-0.329568828,-0.435693493,-0.690680403,0.040168565,0.025284848,-0.036346233,-0.104306878,-0.423140696,0.184558613,0.991710759,0.261248803,,0.852864088,,,-0.107435065,-0.521603347
1/05/2021,1.368330656,1.875122021,0.073469211,-1.732816152,-0.916174465,1.334251245,0.197018578,,,,,,,,,,,,,0.789777983,,,,0.904354993,-0.144956998,,3.618212259,0.771008332,0.521953128,0.268296696,0.255144128,0.20424674,-1.129389065,0.656942178,,-0.187194181,-0.220130147,0.018835524,-0.215815053,0.040168565,0.025284848,0.048836289,-0.072635894,-0.423140696,0.20137726,0.941499431,-0.55418815,,1.403102053,,,0.239970056,-0.015716838
1/06/2021,0.182388011,0.930455557,-0.527203944,-0.362497971,1.186508975,-1.437614227,-0.318877015,,,,,,,,,,,,,0.399741813,,,,0.382621045,-1.099169699,,-0.356276454,0.739142458,0.348892863,-0.524270823,-1.916700064,0.275851627,0.115266303,0.248002959,,0.531432472,0.278799838,-1.373057217,0.873138769,0.040168565,0.171342878,0.105624638,-0.294332784,-0.351339816,0.251833204,0.774128338,-0.502159893,,2.098201045,,,-0.604304667,-0.780646489
1/07/2021,-0.358782422,-0.131662556,-0.304870158,-1.318283209,1.373426168,-0.073342133,-0.137347727,,,,,,,,,,,,,0.567403448,,,,0.526839193,-1.827727256,,-2.536999348,1.635721706,0.03799374,-1.196675723,-1.041215283,-0.915289612,0.123418923,-1.285052394,,0.692173019,0.860976109,-2.082452928,0.724295554,0.040168565,0.098313863,-0.235105452,-0.832739516,-0.315439376,0.100465374,0.322226384,-0.689392656,,1.528849231,,,-1.608584986,-2.890694786
1/08/2021,-2.846542509,-2.097840016,-1.575699624,-0.570161284,3.246860141,-4.140087951,-1.183237745,,,,,,,,,,,,,0.328089562,,,,0.107333574,-1.24904912,,-4.572831568,-0.406361995,0.426779742,0.695938588,0.26792013,0.688653661,1.570989254,1.033873307,,0.095557486,-0.014804268,-1.345606417,0.298823305,0.040168565,-0.01122966,-0.178317104,-0.389345737,-0.333389596,-0.017265161,0.104643963,-0.272318482,,-1.873244793,,,-0.146887908,0.608887646
1/09/2021,-2.606001031,0.518256614,-3.445898429,0.552846402,-0.672824321,0.972635734,1.535479076,,,,,,,,,,,,,0.506721287,,,,0.295480691,0.765589667,,-2.074159924,-1.78459821,-0.779814421,-0.175115264,-3.39727607,1.066605027,-2.468807813,-0.492030741,,0.008600098,-0.124068205,-1.033113768,0.192433014,0.040168565,0.171342878,0.275989683,0.529112806,-0.261588716,0.134102669,0.372437713,-0.273911453,,-1.997642156,,,0.213925121,0.967397177
1/10/2021,-1.285649657,-1.176891927,-0.532630409,2.799956734,0.853747502,0.048142525,1.233602371,,,,,,,,,,,,,0.801149232,,,,0.155800752,2.465869916,,-0.907970501,-0.18793683,-0.1580835,-2.331465171,0.070387697,-2.454519688,0.490844995,-0.325631222,,-0.138993461,-0.3316481,0.528022299,-0.088893221,0.040168565,1.449350643,1.298179952,1.415900365,0.438469866,0.890941819,1.108870525,1.355186869,,0.974197263,,,1.164315789,0.951235634
1/11/2021,6.769931992,3.403837477,5.068571077,-3.031820772,-6.695721561,3.627783272,0.122744638,,,,,,,,,,,,,0.44532389,,,,0.213859526,3.867685581,,8.129354463,0.845801645,2.111490737,-0.162064579,-0.364447709,-0.019039453,0.180693952,0.484182905,,0.729925535,-0.136471867,0.773647031,1.348391662,0.040168565,1.376321628,0.787084817,0.307415917,1.102628008,1.345045308,1.259504509,-1.783783086,,1.472131875,,,1.561510224,2.92781485
1/12/2021,0.874834493,0.93825581,0.248269276,-2.079361896,-2.964486292,0.80903406,-0.252398635,,,,,,,,,,,,,0.206261105,,,,0.123605481,-2.758784816,,3.706137957,0.058418368,1.322328371,1.16128014,-0.611848894,1.502670571,0.531634507,-0.352055888,,0.398083396,0.005924204,-0.430320396,0.732374575,0.123481145,-0.047744168,-0.14992293,-0.611042626,1.048777348,1.227314774,0.908025213,0.523959204,,0.416698389,,,-1.042551658,-2.276721852
1/01/2022,-0.037663251,-0.240420304,0.146818211,0.082751597,0.00683678,-7.871360721,0.646911286,,,,,,,,,,,,,0.203182481,,,,-0.059528097,0.735313363,,0.601300987,1.900215019,-0.347644808,-3.812944864,-3.408009893,-2.750984542,-1.489745615,-2.001737708,,0.160694091,0.058700089,-0.806204772,0.279824602,0.040168565,0.828604014,0.645113947,0.877493633,1.443682189,1.597325024,1.359927166,-1.144430328,,1.830384798,,,0.167160542,0.506640909
1/02/2022,1.499300447,2.741711675,-0.483396103,-0.795800291,-0.34205829,7.637526138,0.452902599,,,,,,,,,,,,,0.198481358,,,,-0.181090441,0.845125721,,1.51921871,0.076940118,3.410551588,4.451904857,3.232230484,3.412461425,-0.019450916,3.309025087,,0.132607756,-0.353892519,0.040131837,0.50111963,0.123481145,1.230263598,0.787084817,0.750809696,2.018089231,2.034609866,1.728143572,0.779242785,,1.604059201,,,0.229152973,0.549806905
1/03/2022,0.25029222,0.559007989,-0.165814297,-0.38573312,-0.709660079,-0.477323358,0.456144155,,,,,,,,,,,,,0.061605379,,,,-0.551874186,0.732253359,,1.276631555,-0.039872225,-1.182309459,-2.271027828,-0.236145771,-2.239399227,-0.025096727,-0.51733759,,0.114197345,-0.153153916,-0.177275457,0.308600263,0.040168565,1.485865151,1.156209081,1.257545444,2.736098033,2.707355777,2.380890838,1.772361745,,1.554093057,,,0.016460362,-0.062132342
1/04/2022,-0.204995382,1.5496684,-1.514263368,-0.202097159,-0.602791034,0.974032665,0.549838986,,,,,,,,,,,,,-0.249463145,,,,-0.627153461,0.288784924,,1.80691623,1.201413741,-0.187254543,-0.178300006,-0.24301015,-0.095705178,0.164241272,-0.702872341,,0.581954077,-0.268752079,0.284591611,1.232616299,0.123481145,2.435242348,1.610515868,1.637597255,3.902862337,3.632381403,3.217746306,-0.323703534,,2.157579879,,,1.07418984,0.185675402
1/05/2022,0.31027426,0.999364548,-0.470569783,0.116866693,-1.233265652,0.317667215,0.151539858,,,,,,,,,,,,,-0.23411113,,,,-1.100201917,0.200097888,,0.857574338,1.946533241,1.405584578,1.170999745,-0.243181836,1.352680162,0.562092907,0.643695549,,0.657634405,-0.182076346,-0.147292551,1.337630033,1.956357905,1.303292613,0.929055688,1.194203475,4.118264978,3.783749233,3.452065838,0.02965619,,-0.222636601,,,-0.034190341,0.964611229
1/06/2022,0.819598793,0.647866848,0.424355817,-1.573822438,1.007261279,0.05310583,0.355193311,,,,,,,,,,,,,-0.259165086,,,,-1.457872126,-0.119365874,,0.727580764,1.169025878,-0.098835767,0.022620208,0.421453314,-0.131181383,-0.483712302,-0.313299096,,0.622611638,-0.021071641,-0.590579513,1.171925181,3.372671765,1.485865151,1.184603256,1.257545444,4.118264978,3.800567881,3.435328728,-0.864701898,,1.822703841,,,0.205844301,-0.053914749
1/07/2022,-1.031846648,-2.074556015,0.512087747,-0.557811515,-0.347916564,-0.454270289,-0.503169044,,,,,,,,,,,,,-0.435737656,,,,-1.684430451,0.509228319,,0.527220751,-2.765051292,1.093569585,-2.760852833,0.229296611,-3.555799304,-0.102852838,-1.089615621,,0.417822949,-0.257804853,-0.403350051,0.97707405,4.622360465,-0.997121365,-0.944959806,-1.08610739,2.628396713,2.30370823,1.928988885,0.746869102,,-3.270535406,,,-0.065954929,-1.195952982
1/08/2022,0.253173169,1.013481012,-0.544862124,0.379700213,-0.203320087,0.222120975,0.212150125,,,,,,,,,,,,,-0.39702807,,,,-1.908793129,0.12801839,,,0.463428867,1.005190466,3.373609349,0.812253198,3.791206489,0.675677576,0.596189938,,0.345538657,-0.420523727,-0.079233742,0.946536441,4.455735305,0.280886401,0.020442115,-0.135977863,1.802686591,1.412319899,0.958236541,0.088611226,,-2.788092795,,,0.092682035,1.528580834
1/09/2022,-0.369617196,-0.0249455,-0.415692437,0.354888066,0.225411737,-0.154581671,-0.944181575,,,,,,,,,,,,,-0.543083231,,,,-1.625903245,,,,,,,,,,,,,,,,3.705922085,1.230263598,0.985844036,1.194203475,1.60523417,1.244133421,0.841076775,-1.105112534,,0.467384241,,,,
