date,emp,ft_emp,pt_emp,ue,ud,hours,doe_ads,anz_ads,nab_cond,nab_profit,nab_trade,nab_emp,nab_forward,nab_stocks,nab_conf,nab_cu,aig_pmi,aig_psi,aig_pci,new_reg,anz_finance,anz_sent,wmi_finance,wmi_sent,rt,mv,arrivals,export,import,res_ba,hs_ba,nh_ba,alt_add,non_res_ba,acr,credit,credit_housing,credit_personal,credit_business,firmmbab90,fcmygbag3,fcmygbag5,fcmygbag10,scrigbag3,scrigbag5,scrigbag10,twi,asx200,icp,house_prices,mt103s,credit_card,debit_card
1/02/1978,5997.694602,5079.602764,918.0918384,6.6450138,163.9008734,,,,,,,,,,,,,,,0.701423003,,,,119.12,,,,1171,1248,9863.378226,8363.479258,1499.898968,23881,202329,,45.39053599,16.14168827,8.719590727,23.09244037,9.55,,9.09,9.2,,-0.46,-0.35,88.5,,16.41123058,,,,
1/03/1978,6003.263006,5095.458324,907.804682,6.3030952,155.7457837,,,,,,,,,,,,,,,0.613644265,,,,114.9,,,,1170,1309,10065.18648,8397.80524,1667.381236,26068,196148,,45.96093008,16.32194987,8.859960475,23.34858786,10.04,,9.08,9.2,,-0.96,-0.84,87.5,,16.30105098,,,,
1/04/1978,6031.020306,5119.794268,911.2260378,6.267907,166.5885101,,,,,,,,,,,,,,,0.714236182,,,,110.9,,,,1228,1352,10179.20814,8198.34345,1980.864687,25441,241830,,46.32508138,16.52385658,8.996535611,23.48215821,10.86,,9.09,9.17,,-1.77,-1.69,87.5,,16.89690762,,,,
1/05/1978,6033.319564,5118.98996,914.3296046,6.2102219,168.4155012,,,,,,,,,,,,,,,0.760061247,,,,109.54,,,,1160,1321,9884.568092,8181.644323,1702.923769,25156,205669,,46.99019073,16.71476399,9.125945102,23.86679326,10.6,,9.09,9.1,,-1.51,-1.5,87.3,,17.06022256,,,,
1/06/1978,6034.029006,5104.354624,929.6743817,6.303332,171.5701107,,,,,,,,,,,,,,,0.827847499,,,,105.69,,,,1281,1372,10234.70541,8257.718122,1976.987284,25262,209318,,47.39816901,16.91007977,9.266531418,23.94332822,10.63,,9.09,9.1,,-1.54,-1.53,86.2,,17.10307326,,,,
1/07/1978,6030.687205,5096.79654,933.8906651,6.2238827,176.0732353,907769.9083,,,,,,,,,,,,,,0.786576097,,,,101.84,,,,1290,1433,9662.579017,8206.693013,1455.886004,23172,189991,,47.68369692,17.1073956,9.374702232,23.98999766,9.84,,9.09,9.1,,-0.75,-0.74,84.7,,17.86658534,,,,
1/08/1978,6036.436022,5098.295486,938.1405361,6.4908479,175.751906,911208.9559,,,,,,,,,,,,,,0.851006492,,,,91.46,,,,1206,1427,9776.600678,8202.982096,1573.618582,25653,244165,,48.13381802,17.27427805,9.512852419,24.18294211,9.7,,8.99,9,,-0.71,-0.7,83.7,,18.57091024,,,,
1/09/1978,6030.280154,5106.456952,923.8232012,6.2523625,170.8332736,909610.5938,,,,,,,,,,,,,,0.820928099,,,,97.98,,,,1200,1426,10114.6295,8792.090175,1322.539322,27129,225441,,48.75996542,17.48474135,9.656764501,24.4909232,9.72,,9,9,,-0.72,-0.72,83.6,,18.37541801,,,,
1/10/1978,6035.916763,5107.895194,928.0215689,6.1639958,167.9385217,911009.6555,,,,,,,,,,,,,,0.854234395,,,,104.5,,,,1279,1485,10572.73422,8989.696507,1583.037718,27205,235224,,49.49052392,17.75431684,9.794445549,24.86686353,9.74,,8.86,8.89,,-0.88,-0.85,82.2,,19.36633096,,,,
1/11/1978,6028.280436,5103.847764,924.4326717,6.332171,162.2517591,909437.237,,,,,,,,,,,,,,0.886760253,,,,103.8,,,,1391,1540,10604.0145,9039.793886,1564.220617,26378,257971,,50.09304908,18.00729199,9.928568303,25.13317685,9.19,,8.8,8.8,,-0.39,-0.39,83.2,,18.56018229,,,,
1/12/1978,6053.339535,5112.875928,940.4636065,6.4063579,161.1182827,914517.9516,,,,,,,,,,,,,,0.883485145,,,,105.8333333,,,,1379,1547,11189.25843,9552.828166,1636.430263,26374,163812,,50.78578349,18.25043816,10.05526764,25.48349646,8.76,,8.8,8.8,,0.04,0.04,82.7,,18.75472463,,,,
1/01/1979,6052.573396,5122.061448,930.5119479,6.371309,165.2747256,912510.6694,,,,,,,,,,,,,,0.904362591,,,,106.1385854,,,,1478,1503,10188.28951,8653.858515,1534.430993,27045,218498,,51.28243511,18.4969004,10.1836632,25.63862282,8.51,,8.85,8.85,,0.34,0.34,82.8,,19.35153612,,,,
1/02/1979,6063.644398,5129.599141,934.0452573,6.2573011,170.8084456,916515.0003,,,,,,,,,,,,,,0.985296071,,,,109.9,,,,1446,1484,10985.4321,9569.527293,1415.904804,27140,299689,,52.06645858,18.76399788,10.30704662,26.07593155,8.6,,8.99,9,,0.39,0.4,82.4,,20.39655646,,,,
1/03/1979,6055.951316,5124.522714,931.4286018,6.3033141,162.7759505,918285.3908,,,,,,,,,,,,,,0.960957265,,,,105.96,,,,1464,1523,11121.65267,9332.028603,1789.624063,29017,220523,,52.73887315,18.95279987,10.41665262,26.43555065,9.16,,9.28,9.35,,0.12,0.19,82.3,,20.66478103,,,,
1/04/1979,6064.922071,5121.458614,943.4634572,6.4987918,184.8503225,926547.8162,,,,,,,,,,,,,,0.951632088,,,,109.58,,,,1515,1561,11080.28197,9301.413537,1778.868437,29964,204885,,53.51300871,19.1531967,10.54135885,26.97368165,10.42,,9.65,9.65,,-0.77,-0.77,82.8,,20.86335005,,,,
1/05/1979,6070.443385,5118.741975,951.7014102,6.204355,178.1981423,927118.8669,,,,,,,,,,,,,,0.828920117,,,,101.06,,,,1648,1618,11884.48785,9955.462664,1929.025187,30793,192228,,54.04555779,19.40117313,10.64867928,27.21133358,10.54,,9.7,9.7,,-0.84,-0.84,83.1,,20.92319081,,,,
1/06/1979,6099.566334,5153.313116,946.2532178,6.2512253,178.4680355,947747.9516,,,,,,,,,,,,,,0.936707916,,,,92.54,,,,1593,1678,11582.78452,9900.726638,1682.057879,31446,236753,,55.20272547,19.63714694,10.75612951,27.95451407,10.26,,10,10,,-0.26,-0.26,83.1,,20.9666733,,,,
1/07/1979,6097.720554,5148.723069,948.9974845,6.2749707,177.510269,922835.3321,,,,,,,,,,,,,,0.790045041,,,,90.36,,,,1636,1582,12257.83311,9936.908079,2320.925035,31182,202395,,55.78191372,19.8691257,10.87417017,28.24868299,9.86,,10,10.07,,0.14,0.21,83.3,,21.57838113,,,,
1/08/1979,6114.90308,5166.98304,947.9200394,6.1186839,173.9621462,929625.8923,,,,,,,,,,,,,,0.746544933,,,,94.81,,,,1599,1675,11654.42645,9790.326856,1864.09959,31347,211088,,56.61265455,20.10880406,10.96769446,28.75505572,9.78,,10,10.07,,0.22,0.29,83.5,,21.9531001,,,,
1/09/1979,6117.411366,5162.285604,955.1257613,6.2338794,174.7267941,930157.6344,,,,,,,,,,,,,,0.738935585,,,,99.26,,,,1729,1588,11985.39198,10140.08079,1845.31119,35717,255356,,57.53179467,20.36078087,11.05945947,29.33811632,9.87,,10.01,10.07,,0.14,0.2,83.5,,28.23583721,,,,
1/10/1979,6152.168305,5186.227917,965.9403873,6.3846505,176.1281414,933256.3897,,,,,,,,,,,,,,0.71328821,,,,97.66,,,,1926,1707,11853.20757,10233.78144,1619.426131,32884,187320,,58.19110908,20.5990709,11.18691095,29.67892106,10.04,,10,10.07,,-0.04,0.03,83.8,,26.75849618,,,,
1/11/1979,6180.544149,5207.802503,972.7416462,6.0458276,183.9253389,936527.7217,,,,,,,,,,,,,,0.801710568,,,,98.78,,,,1940,1792,12396.07176,10363.66354,2032.408228,34198,392756,,59.15646795,20.85357679,11.2407293,30.34008496,10.12,,10,10.08,,-0.12,-0.04,83.6,,27.00470895,,,,
1/12/1979,6184.111001,5211.563493,972.5475078,6.1210992,190.1372912,938999.7026,,,,,,,,,,,,,,0.787809885,,,,98.95,,,,1863,1789,11075.23677,9472.115721,1603.121047,38353,234153,,59.85148933,21.10033501,11.28567939,30.74400839,10.12,,10.02,10.08,,-0.1,-0.04,83.3,,28.27461603,,,,
1/01/1980,6204.834743,5217.523174,987.3115694,6.1469473,190.0837852,942109.3506,,,,,,,,,,,,,,0.919143889,,,,97.34966376,,,,1902,1988,12317.36655,10161.41856,2155.947988,36906,263291,,60.53852893,21.34268434,11.46258878,31.05828825,10.03,,10.42,10.45,,0.39,0.42,83.2,,32.44445467,,,,
1/02/1980,6221.947252,5242.622511,979.3247407,5.9987377,188.3514489,940928.9132,,,,,,,,,,,,,,1.00518766,,,,100,,,,1963,1807,12393.04464,10746.81572,1646.228921,36790,292972,,61.51793175,21.56287113,11.65459569,31.65740819,10.06,,10.9,10.55,,0.84,0.49,83.5,,32.8076285,,,,
1/03/1980,6233.23275,5253.269161,979.9635887,5.9368042,193.433535,942317.8462,,,,,,,,,,,,,,1.049248058,,,,100.88,,,,1912,1840,12947.00829,11068.73777,1878.270515,37167,249366,,62.3346764,21.75204162,11.76943147,32.13865288,11.47,,11.2,11.2,,-0.27,-0.27,84.4,,30.45900365,,,,
1/04/1980,6246.604122,5261.062057,985.5420651,6.1153521,190.1765965,942877.2186,,,,,,,,,,,,,,1.083139753,,,,97.24,,,,1867,1714,12832.98663,11232.01812,1600.968504,38590,217657,,63.11553373,22.41149139,11.86638244,32.3296023,13.28,,11.45,11.73,,-1.83,-1.55,84.5,,28.77062227,,,,
1/05/1980,6268.095824,5303.688577,964.4072472,6.2464868,189.0629954,948009.601,,,,,,,,,,,,,,1.183557764,,,,99.48,,,,1748,1922,12431.38821,10827.52817,1603.860043,40627,224650,,64.02845319,22.69629953,12.00023516,32.88007375,13.83,,11.8,11.78,,-2.03,-2.05,84.8,,29.74918009,,,,
1/06/1980,6275.582633,5283.120679,992.4619537,6.3226893,195.8041391,981264.0853,,,,,,,,,,,,,,1.125243843,,,,101.72,,,,2040,1918,12779.50744,11033.48406,1746.023379,40971,264795,,64.6522028,22.92898409,12.13227828,33.10617548,13.83,,11.78,11.76,,-2.05,-2.07,85,,31.8590418,,,,
1/07/1980,6306.966075,5294.979048,1011.987027,6.0787466,193.1271312,956617.6494,,,,,,,,,,,,,,1.125765814,,,,97.96,,,,1921,2070,12365.80053,10693.00742,1672.793104,41379,284620,,65.69081174,23.22088746,12.26650219,33.77868556,12.87,,11.78,11.78,,-1.09,-1.09,85.5,,32.16415563,,,,
1/08/1980,6315.723435,5307.104124,1008.619311,6.1775226,200.815602,954651.6709,,,,,,,,,,,,,,1.185247762,,,,101.24,,,,1738,2018,13318.33547,11415.70852,1902.626953,43984,294124,,66.46567121,23.50341602,12.41995499,34.14662548,12.33,,11.78,11.82,,-0.55,-0.51,85.8,,31.46960096,,,,
1/09/1980,6318.230633,5296.267763,1021.96287,6.1419731,202.5241201,958616.8023,,,,,,,,,,,,,,1.208359658,,,,104.52,,,,1829,2089,12629.16029,10950.91616,1678.244137,43633,279378,,67.16305352,23.76006704,12.57734419,34.47649237,11.69,,11.79,11.78,,0.1,0.09,85.8,,32.7025419,,,,
1/10/1980,6307.030305,5296.524525,1010.50578,6.0558719,197.4960306,961809.7222,,,,,,,,,,,,,,1.245094485,,,,109.58,,,,1863,2150,13208.34997,11322.93559,1885.414382,45649,288485,,68.28450309,24.068607,12.77036011,35.14525045,11.22,,11.88,11.9,,0.66,0.68,86.2,,32.94586808,,,,
1/11/1980,6328.696628,5298.163835,1030.532793,5.8510427,195.2973574,957994.7758,,,,,,,,,,,,,,1.074520461,,,,106.52,,,,1919,1991,13102.40064,11462.09498,1640.305662,44127,267319,,69.19531079,24.39458644,12.9942867,35.59001858,11.27,,12.42,12.42,,1.15,1.15,86.8,,32.58396169,,,,
1/12/1980,6351.61264,5327.157043,1024.455597,6.0519354,188.5709005,959201.3967,,,,,,,,,,,,,,1.234975018,,,,109.98,,,,1867,2115,13077.17461,11449.10677,1628.067841,45615,264636,,70.16682399,24.6853785,13.21410819,36.10787179,12.45,,12.72,12.6,,0.27,0.15,87.1,,30.3328388,,,,
1/01/1981,6356.978955,5340.375622,1016.603332,5.9169602,193.1907002,956878.9371,,,,,,,,,,,,,,1.224491302,,,,111.5727668,,,,1996,1901,13525.18892,11725.57009,1799.618837,45624,262879,,71.28387145,24.98380699,13.37735563,36.78150857,12.61,,13.1,13.1,,0.49,0.49,87.5,,30.59424928,,,,
1/02/1981,6372.939018,5349.216984,1023.722035,5.6165642,189.8587513,961664.2092,,,,,,,,,,,,,,1.265229764,,,,112.51,,,,1873,2151,12962.14391,11426.84127,1535.30264,51402,295692,,72.1082117,25.27982227,13.53555799,37.18200105,13.36,,13.1,13.1,,-0.26,-0.26,88.2,,29.36455211,,,,
1/03/1981,6376.928991,5340.489617,1036.439373,5.7462755,193.6868029,960825.9005,,,,,,,,,,,,,,1.495960273,,,,111.58,,,,1829,2278,13332.46205,11616.09803,1716.364011,52339,293831,,73.18343383,25.55107515,13.71176158,37.78083898,14.63,,13.1,13.1,,-1.53,-1.53,88.8,,29.84668087,,,,
1/04/1981,6404.320797,5379.602211,1024.718586,5.555204,188.1359273,977125.5249,,,,,,,,,,,,,,1.249746829,,,,106.69,,,,1991,2259,13540.32454,11831.33122,1708.993321,53747,311146,,74.34982892,25.71863748,13.98574171,38.63215969,16.69,,13.1,13.1,,-3.59,-3.59,89.5,,28.9829989,,,,
1/05/1981,6405.271892,5363.632185,1041.639707,5.5892368,189.2569675,964269.3134,,,,,,,,,,,,,,1.616593131,,,,101.8,,,,1957,2088,12991.4061,11161.5107,1829.895404,47272,356133,,75.69322234,25.91942328,14.2604633,39.54340953,16.28,,13.1,13.1,,-3.18,-3.18,90.8,,28.49421948,,,,
1/06/1981,6421.034043,5380.882617,1040.151425,5.3737254,180.3111869,966858.8816,,,,,,,,,,,,,,1.400067579,,,,100.68,,,,1956,2333,13845.055,11585.48297,2259.572032,53104,313885,,76.76062713,26.30263608,14.54650006,39.96970882,15.58,,13.1,13.1,,-2.48,-2.48,92.9,,28.77722768,,,,
1/07/1981,6418.892424,5383.777353,1035.115071,5.829769,197.8349287,968953.0179,,,,,,,,,,,,,,1.24081978,,,,95,,,,1772,2351,12888.4839,11151.30568,1737.178218,52100,374967,,78.06656736,26.655628,14.83266609,40.74577196,15.39,,13.75,13.9,,-1.64,-1.49,94.2,,27.68253934,,,,
1/08/1981,6434.569251,5393.485515,1041.083736,5.8465058,184.7682751,965092.3797,,,,,,,,,,,,,,1.185143587,,,,92.44,,,,1939,2253,13164.9612,11540.02424,1624.936962,56119,305458,,79.12738131,26.83428671,15.12373729,41.35896073,15.72,,15,15,,-0.72,-0.72,94.4,,27.05688459,,,,
1/09/1981,6459.749488,5411.553984,1048.195504,5.8126895,186.064163,977415.7232,,,,,,,,,,,,,,1.146690249,,,,95.26,,,,1932,2210,12967.18911,11115.12424,1852.064877,55545,621192,,80.15487184,27.03143972,15.38439333,41.97444766,15.35,,15,15,,-0.35,-0.35,93.8,,28.6878902,,,,
1/10/1981,6429.889044,5390.48223,1039.406813,5.8730067,190.1812772,965795.4444,,,,,,,,,,,,,,1.100272048,,,,98.08,,,,1797,2530,12814.82388,10962.04891,1852.774976,50283,308993,,81.26082751,27.19861487,15.64935001,42.69649834,14.69,,15,15,,0.31,0.31,93,,28.35781321,,,,
1/11/1981,6417.030904,5386.749717,1030.281187,5.9957804,192.1983656,957811.8771,,,,,,,,,,,,,,1.310840849,,,,98.3,,,,1847,2371,12289.11339,10757.94847,1531.164921,62045,213432,,82.22576932,27.34436181,15.87721699,43.33455861,14.62,,15,15,,0.38,0.38,91.2,,28.36049853,,,,
1/12/1981,6430.257525,5414.116593,1016.140933,6.0277405,199.3643445,969760.7036,,,,,,,,,,,,,,1.304838014,,,,95.42,,,,1820,2257,11479.86231,10125.23712,1354.625191,55763,431603,,83.51464931,27.51697096,16.12892684,44.24399698,15.54,,14.9,15,,-0.64,-0.54,90.5,,28.17863862,,,,
1/01/1982,6467.962018,5433.945427,1034.01659,5.9830331,204.4685752,966871.2028,,,,,,,,,,,,,,1.295145031,,,,90.58856804,,,,1919,2495,12006.58184,10305.21659,1701.365248,52716,354776,,85.06582372,27.68141228,16.39368377,45.35177864,16.21,,15,15,,-1.21,-1.21,90.1,,28.33720684,,,,
1/02/1982,6450.52551,5417.845882,1032.679628,6.3085045,197.2903714,968625.8314,,,,,,,,,,,,,,1.180354647,,,,92.19,,,,2061,2622,11141.83349,9788.471397,1353.362093,55384,369879,,86.18225853,27.86273473,16.63679197,46.0513507,17.12,,15.1,15.1,,-2.02,-2.02,89.2,,28.69392081,,,,
1/03/1982,6443.507844,5403.624084,1039.88376,6.3231825,202.5087964,967757.664,,,,,,,,,,,,,,1.189608453,,,,91.84,,,,2109,2723,11040.92937,9588.081878,1452.847487,56374,392074,,87.35926363,28.01463653,16.80589172,46.84152277,18.89,,15.2,15.15,,-3.69,-3.74,88.8,,27.27424358,,,,
1/04/1982,6455.726365,5403.134339,1052.592026,6.3338883,208.8976093,962712.2524,,,,,,,,,,,,,,1.258801426,,,,93.58,3518.7,,,2069,2692,10772.52439,9314.401747,1458.122646,55036,298249,,89.00389068,28.22690383,16.98488371,48.15555433,21.39,,15.3,15.2,,-6.09,-6.19,88.2,,27.2698275,,,,
1/05/1982,6432.949459,5386.059159,1046.8903,6.5931582,218.0158659,959590.9022,,,,,,,,,,,,,,1.199673535,,,,93.01,3527.7,,,2277,2562,10031.88811,8705.811354,1326.076761,52294,340197,,89.56404793,28.40854505,17.18929041,48.38629945,18.45,,16.4,16.4,,-2.05,-2.05,88,,27.2599148,,,,
1/06/1982,6421.018128,5374.371199,1046.646929,6.7664097,214.0661747,955438.3634,,,,,,,,,,,,,,1.452488564,,,,92.44,3561.5,,,2078,2551,9430.499529,8137.113319,1293.38621,53714,401171,,90.32852953,28.61782604,17.4131084,48.75173591,18.57,,16.4,16.4,,-2.17,-2.17,88.2,,26.62508128,,,,
1/07/1982,6420.389912,5359.559535,1060.830377,6.8861065,223.4337692,954994.9237,,,,,,,,,,,,,,0.185202112,,,,80.24,3553.9,,,2232,2630,10202.41609,8583.351092,1619.064994,52905,324913,,91.47091396,28.83584703,17.61258028,49.54940422,17.29,,16.4,16.4,,-0.89,-0.89,86.1,,26.92686926,,,,
1/08/1982,6416.536069,5340.675,1075.861069,7.0119496,236.845675,950415.4959,,,,,,,,,,,,,,0.59337837,,,,84.58,3581.8,,,2013,2522,9269.052929,7599.030349,1670.02258,54070,302256,,92.44875576,28.93986528,17.81221741,50.1884885,17.17,,16.6,16.5,,-0.57,-0.67,84.1,,27.17799034,,,,
1/09/1982,6401.153266,5333.562375,1067.590892,7.4297607,236.4825913,946573.822,,,,,,,,,,,,,,0.452029712,,,,82.73,3581.2,,,2181,2394,9068.25372,7417.195415,1651.058305,51543,280955,,93.35705948,29.06515941,18.02391355,50.79081149,15.46,,15.2,15.2,,-0.26,-0.26,83.8,,28.1997687,,,,
1/10/1982,6402.93652,5301.875733,1101.060787,8.2954543,271.1957835,952950.2348,,,,,,,,,,,,,,0.551294074,,,,80.88,3595.6,,,2211,2630,8687.845169,7379.158515,1308.686653,50636,297857,,93.99532165,29.22286801,18.15790576,51.16945238,14.57,,14.55,14.55,,-0.02,-0.02,83.9,,28.49362415,,,,
1/11/1982,6345.797108,5268.376221,1077.420886,8.6798198,284.3435911,938118.596,,,,,,,,,,,,,,0.464832565,,,,75.5,3651.7,,,2158,2444,8912.861367,7500.691048,1412.170319,51132,268468,,94.68264355,29.37662953,18.35363061,51.56266584,14.76,,14.6,14.6,,-0.16,-0.16,83.5,,28.54953401,,,,
1/12/1982,6295.756636,5198.330468,1097.426168,9.4026091,274.3938763,928746.6288,,,,,,,,,,,,,,0.540325961,,,,81.69,3650.4,,,2219,2463,9024.864946,7466.365066,1558.499881,53311,314279,,94.92487263,29.50426264,18.54430851,51.60965825,12.13,,14,14,,1.87,1.87,83.4,,28.0565476,,,,
1/01/1983,6294.853985,5199.007585,1095.8464,9.3004201,262.61296,921448.0379,,,,,,,,,,,,,,0.546189238,,,,85.75998196,3695.6,,,1961,2306,9367.938972,7458.015502,1909.923469,51129,322162,,95.74999951,29.64690218,18.70475569,52.10468628,10.65,,12.6,13,,1.95,2.35,83.6,,28.25934096,,,,
1/02/1983,6289.55595,5184.61786,1104.93809,9.6588013,270.3222016,922021.997,,,,,,,,,,,,,,0.596240458,,,,92.68,3821,,,2042,2370,10703.90959,7908.891921,2795.017666,50329,470202,,97.59365009,29.83482366,19.02370154,53.42360287,13.77,,13.4,13.6,,-0.37,-0.17,82.4,,28.96174819,,,,
1/03/1983,6256.077338,5160.817003,1095.260334,9.9513714,281.2257905,924182.9498,,,,,,,,,,,,,,0.572990741,,,,97.48,3822.8,,,2121,2491,10097.4758,7976.616157,2120.859639,51850,290540,,98.9440879,30.1366331,19.34603209,54.15367363,15.26,,14.4,14.4,,-0.86,-0.86,76.1,,30.55189228,,,,
1/04/1983,6233.130707,5167.431475,1065.699232,10.1526617,263.4788313,915603.8823,,,,,,,,,,,,,,0.539278486,,,,99.3,3885.2,,,2222,2434,10614.10492,8087.015939,2527.088977,51893,294082,,99.22739543,30.41526672,19.62524352,54.08298668,13.92,,13.5,14.1,,-0.42,0.18,76.2,,31.16177011,,,,
1/05/1983,6263.971838,5188.060576,1075.911262,10.3232775,290.0967512,918038.6379,,,,,,,,,,,,,,0.61258486,,,,97.27,3793.2,,,2198,2350,10821.96741,8767.969214,2053.9982,53750,342149,,99.80568852,30.58817838,19.86806386,54.27634875,12.15,,12.8,13.1,,0.65,0.95,77.6,,31.12249256,,,,
1/06/1983,6271.420697,5191.280507,1080.140189,10.2023837,286.5184393,921015.467,,,,,,,,,,,,,,0.528630286,,,,95.24,3839.4,,,2154,2491,10434.49557,8781.885153,1652.610421,54132,324147,,100.368899,30.79605624,20.05634112,54.53822023,14.24,,14.3,14.7,,0.06,0.46,77.7,,30.92624382,,,,
1/07/1983,6276.233301,5202.100433,1074.132867,10.5005928,276.6721415,923222.1433,,,,,,,,,,,,,,0.428218905,,,,98.3,3871.1,,,2182,2505,10714,8498,2216,57560,335138,,100.6338221,31.04024575,20.32672886,54.45767502,12.8,,14.3,14.8,,1.5,2,78.8,,30.67216918,,,,
1/08/1983,6283.122141,5202.198154,1080.923986,10.2196102,273.9422967,931097.9788,,,,,,,,,,,,,,0.557388488,,,,100.72,3945.5,,,2186,2485,11585,8795,2790,55953,398594,,101.1830204,31.30038928,20.53224625,54.57887525,12.16,,14.4,14.7,,2.24,2.54,79.6,,30.91375065,,,,
1/09/1983,6317.056286,5262.382472,1054.673814,10.3377919,271.0672774,932890.1366,,,,,,,,,,,,,,0.627774482,,,,103.58,3951.4,,,2317,2457,11975,9510,2465,58551,389221,,101.7417937,31.6275848,20.8316941,54.62366001,11.06,,13.5,14.15,,2.44,3.09,80.4,,30.25475303,,,,
1/10/1983,6317.302938,5242.415506,1074.887432,10.0081759,256.5442362,937989.1384,,,,,,,,,,,,,,0.645111788,,,,106.44,3972.3,,,2342,2554,12613,9751,2862,58692,413277,,102.0112212,31.87725515,21.07844235,54.52392013,10.94,,12.35,13.4,,1.41,2.46,81.7,,29.51673574,,,,
1/11/1983,6354.334378,5263.058261,1091.276117,9.6543877,255.550336,948158.8199,,,,,,,,,,,,,,0.580193431,,,,113.16,3983.3,,,2384,2470,12006,9615,2391,61731,353502,,103.5482465,32.13401775,21.46735333,55.47224046,10.55,,11.9,13.2,,1.35,2.65,82,,28.7211319,,,,
1/12/1983,6379.11869,5274.516408,1104.602283,9.4577717,239.2591195,947993.8295,,,,,,,,,,,,,,0.600862705,,,,118.83,4017.6,,,2523,2595,13028,10567,2461,62331,336589,,105.1846451,32.44225694,21.7886838,56.5899288,8.89,,12.8,13.5,,3.91,4.61,81.1,,28.89387843,,,,
1/01/1984,6377.688712,5273.082117,1104.606595,9.4984683,253.1203131,958483.0108,,,,,,,,,,,,,,0.620528863,,,,122.1751706,4039.3,,,2389,2677,12213,9694,2519,57468,363138,,106.2146662,32.76278151,22.1517379,56.97696592,9.76,,12.9,13.5,,3.14,3.74,83.5,,28.76363373,,,,
1/02/1984,6392.230076,5282.520571,1109.709505,9.3856633,250.659562,946616.58,,,,,,,,,,,,,,0.649588203,,,,120.98,4061.2,,,2362,2709,13316,10219,3097,64265,378750,,107.0577099,33.09223484,22.49924662,57.22642886,12.04,,13.15,14,,1.11,1.96,84.2,,28.00537335,,,,
1/03/1984,6447.995758,5328.26082,1119.734938,9.2083534,253.8874205,957577.4545,,,,,,,,,,,,,,0.633330301,,,,120.8,4098.9,,,2456,2896,13683,10339,3344,69876,439917,,108.893812,33.44442242,22.79968828,58.39429829,13.77,,13.25,14.1,,-0.52,0.33,82.9,,28.12435833,,,,
1/04/1984,6454.266154,5319.466452,1134.799702,9.3712419,261.5601683,971031.008,,,,,,,,,,,,,,0.674806247,,,,120.62,4097.7,,,2390,2574,13702,10755,2947,65499,459611,,110.6320247,33.82887684,23.3731351,59.37741139,13.88,,13,13.9,,-0.88,0.02,82.6,,28.06765935,,,,
1/05/1984,6479.670357,5339.620291,1140.050065,8.9365553,255.5378514,971080.9257,,,,,,,,,,,,,,0.61248663,,,,118.05,4122.3,,,2541,3016,14234,10604,3630,70596,473634,,111.3813989,34.32088577,23.80496076,59.3421297,13.78,,13.2,14.15,,-0.58,0.37,81.6,,28.31995698,,,,
1/06/1984,6501.91323,5364.029715,1137.883515,9.0951678,250.7779324,969533.8299,,,,,,,,,,,,,,0.632631421,,,,115.48,4093.2,,,2679,3051,13087,10239,2848,69949,412506,,114.0871068,34.58906429,23.85582059,61.64335172,12.81,,12.95,13.75,,0.14,0.94,79.2,,28.69232112,,,,
1/07/1984,6510.122549,5358.027492,1152.095057,8.9018247,255.6396686,970242.7834,,,,,,,,,,,,,,0.638292313,,,,116.74,4223.6,,,2846,3363,13596,10431,3165,63819,501708,,115.396948,34.45742877,24.14284663,62.80410827,12.3,,12.75,13.15,,0.45,0.85,78.7,,28.94488331,,,,
1/08/1984,6508.144689,5373.141221,1135.003469,8.8291136,246.3791406,974099.3936,,,,,,,,,,,,,,0.729996395,,,,118.16,4165.1,,,2831,3170,13948,10684,3264,66338,407464,,118.4178073,35.21628746,24.5160254,64.72102934,11.56,,12.15,12.8,,0.59,1.24,80.1,,28.81054864,,,,
1/09/1984,6538.205066,5366.173815,1172.031251,8.7346331,253.2785168,972121.8194,,,,,,,,,,,,,,0.803505668,,,,117.92,4192.8,,,2857,3393,12787,9974,2813,70203,382407,,120.7478232,35.73294454,24.88077893,66.1747844,10.53,,12.6,13.1,,2.07,2.57,80.3,,28.78562416,,,,
1/10/1984,6534.732512,5372.628119,1162.104393,8.6954523,254.6362658,973668.7853,,,,,,,,,,,,,,0.71004486,,,,117.68,4244.7,,,2723,3145,13266,10044,3222,72544,485787,,123.1261428,36.22738422,25.36317478,67.67206959,11.17,,12.85,13.2,,1.68,2.03,82,,28.68014027,,,,
1/11/1984,6550.064743,5399.056298,1151.008445,8.6789211,248.2198946,971833.687,,,,,,,,,,,,,,0.602454808,,,,116.04,4287,,,2851,3289,13627,10017,3610,77446,660980,,125.1702161,36.74106735,25.62957452,68.94813494,11.26,,13,13.25,,1.74,1.99,83.5,,28.48406633,,,,
1/12/1984,6553.84525,5408.859011,1144.986239,8.5198229,231.9876426,977412.0319,,,,,,,,,,,,,,0.589072495,,,,114.4,4301.7,,,2703,3204,13360,9959,3401,77073,604509,,127.0502702,37.28690615,26.11203004,70.01209496,12.34,,13.1,13.4,,0.76,1.06,81.3,,28.30969145,,,,
1/01/1985,6563.312564,5409.00335,1154.309214,8.5504175,247.8148324,978103.5471,,,,,,,,,,,,,,0.651974557,,,,112.2944862,4341.1,,213769.7126,2764,3323,13334,10122,3212,73538,512924,,129.1083313,37.8568601,26.4781309,71.12027313,13.35,,12.9,13.1,,-0.45,-0.25,80.8,,28.72134024,,,531.4175089,
1/02/1985,6626.264788,5439.91061,1186.354179,8.3893579,256.0775191,979812.3136,,,,,,,,,,,,,,0.596140967,,,,112.39,4379.3,,215443.6392,2953,3334,13253,9976,3277,79490,585484,,130.9783317,38.36890558,26.82898039,72.17189165,13.81,,13.4,13.7,,-0.41,-0.11,72.3,,31.00190601,,,566.9986041,
1/03/1985,6601.391868,5444.448602,1156.943267,8.6656834,237.7641294,979919.5872,,,,,,,,,,,,,,0.601564708,,,,110.02,4406.6,,224342.5238,3299,3282,13676,10323,3353,78840,650261,,133.0982604,38.87168108,27.23498718,73.41840949,15.29,,13.6,13.8,,-1.69,-1.49,69.2,,32.93781198,,,630.9713636,
1/04/1985,6610.934109,5434.736959,1176.19715,8.4034303,238.4632392,979761.2896,,,,,,,,,,,,,,0.59299264,,,,99.36,4476.7,,209002.0428,3240,3637,14780,11242,3538,78404,610906,,134.9612254,39.39089847,27.69830627,74.48647158,15.79,,13.8,13.95,,-1.99,-1.84,64.2,,34.48188128,,,547.2366156,
1/05/1985,6646.346927,5457.024655,1189.322271,8.375568,227.7259609,992059.9195,,,,,,,,,,,,,,0.635402566,,,,98.67,4576.7,,235159.3367,3417,3799,13234,10199,3035,79821,577089,,137.545776,40.00909614,28.25120195,75.92428253,15.53,,13.6,13.8,,-1.93,-1.73,64.8,,33.63986118,,,710.5674073,
1/06/1985,6660.49181,5467.408719,1193.083091,8.5707172,227.8658967,990034.3455,,,,,,,,,,,,,,0.628358221,,,,97.98,4575.1,,232331.6087,3364,3887,13592,10171,3421,80439,678373,,140.0844388,40.49429956,28.87152073,77.59625497,15.75,,13.35,13.5,,-2.4,-2.25,65,,33.42341247,,,694.8020032,
1/07/1985,6684.977478,5482.146056,1202.831422,8.2929983,235.7969269,993125.0878,,,,,,,,,,,,,,0.6104793,,,,100.58,4649.3,,191836.6299,3396,3927,13058,10175,2883,82896,605270,,142.682634,41.0880728,29.58416324,79.07131067,15.14,,13.3,13.4,,-1.84,-1.74,68.5,,32.13969094,,,673.6231433,
1/08/1985,6727.540241,5521.085817,1206.454424,8.1559066,239.5892566,1000586.708,,,,,,,,,,,,,,0.685192785,,,,106.9,4655.3,,214728.8938,3285,3906,13684,10160,3524,81277,780010,,145.0689745,41.70971909,29.79067545,80.67158146,16.25,,14,13.95,,-2.25,-2.3,66.4,,31.62797858,,,671.2896956,
1/09/1985,6771.908378,5551.955865,1219.952513,8.0571415,234.0138836,1003939.49,,,,,,,,,,,,,,0.657014756,,,,107.32,4721.8,,238415.2195,3129,3900,12816,9866,2950,83326,727884,,148.0346236,42.18282039,30.22000589,82.67787316,16.78,,13.9,13.8,,-2.88,-2.98,64.8,,32.44244713,,,714.5479845,
1/10/1985,6756.210597,5524.195508,1232.015089,7.8484439,242.7630628,1004952.247,,,,,,,,,,,,,,0.598963087,,,,107.74,4788.1,,218417.5414,3277,3883,13927,10190,3737,87255,658360,,150.7038155,42.74106197,30.71475249,84.3835074,16.36,,14.75,14.55,,-1.61,-1.81,63.4,,31.96393756,,,725.7980021,
1/11/1985,6855.264592,5597.368646,1257.895946,7.9499519,243.1318667,1017030.877,,,,,,,,,,,,,,0.703368813,,,,94.72,4831.2,,227389.9106,3265,3939,12196,9045,3151,85123,752783,,153.6000347,43.35457545,31.00213838,86.34170936,18.18,,15.2,15.05,,-2.98,-3.13,60.9,,33.25218818,,,708.0254707,
1/12/1985,6822.5978,5591.491951,1231.105849,7.784597,230.4029779,1017373.563,,,,,,,,,,,,,,0.633858979,,,,102.76,4877.1,,231329.7612,3447,4192,11674,8899,2775,86645,600111,,155.5097943,43.78834907,31.26115652,87.67606384,19.56,,15.2,14.85,,-4.36,-4.71,60.7,,33.247483,,,689.1819211,
1/01/1986,6870.733951,5630.621479,1240.112471,7.8050841,242.3361095,1031621.899,,,,,,,,,,,,,,0.665559806,,,,102.8273678,4860.9,,237744.7836,3211,4056,11829,9155,2674,87888,702996,,157.2330842,44.14856256,31.38681674,88.81750767,18.97,,14.3,14.1,,-4.67,-4.87,62.7,,32.61941453,,,872.4666551,
1/02/1986,6892.25652,5654.817537,1237.438984,8.0027832,255.8825863,1025107.109,,,,,,,,,,,,,,0.625539937,,,,104.51,4879.8,,234651.089,3311,3781,10861,8681,2180,84296,573457,,160.3188396,44.58662783,31.7675303,91.04970935,18.29,,13.9,13.7,,-4.39,-4.59,59.8,,31.49045865,,,780.4191887,
1/03/1986,6903.128852,5639.341649,1263.787203,7.9276434,257.2319674,1033399.969,,,,,,,,,,,,,,0.592591522,,,,103.56,4826.5,,241419.2085,3180,4046,10459,8169,2290,82348,489095,,162.3489073,44.91277339,31.97548951,92.50282723,16.44,,12.9,12.6,,-3.54,-3.84,61.1,,31.432181,,,756.9616088,
1/04/1986,6971.370417,5652.891988,1318.478429,7.9020447,280.174633,1040495.948,,,,,,,,,,,,,,0.660497803,,,,94.64,4960.5,,237715.81,3186,4020,10299,7979,2320,87349,943132,,165.1671506,45.07748196,32.33370035,94.77732073,15.76,,12.4,12.25,,-3.36,-3.51,61.4,,30.75562605,,,834.3720245,
1/05/1986,6965.155503,5654.616991,1310.538512,7.8459264,269.029049,1024058.416,,,,,,,,,,,,,,0.682500176,,,,95.12,5118,,255219.2217,3186,3753,9847,7799,2048,84169,577010,,167.2438365,45.39916317,32.30617209,96.385038,14.73,,12.65,12.65,,-2.08,-2.08,60.7,,30.48279025,,,788.4678404,
1/06/1986,7005.759373,5687.527954,1318.231419,7.6539258,283.614799,1043476.583,,,,,,,,,,,,,,0.718310756,,,,91.8,5060.9,,250314.499,3131,3753,11081,8245,2836,84721,1007636,,169.1078664,45.72721752,32.41968126,97.9041659,14.68,,12.8,12.95,,-1.88,-1.73,56.3,,30.70312597,,,792.8735443,
1/07/1986,6988.201156,5652.3424,1335.858756,8.1160089,279.7306121,1039878.335,,,,,,,,,,,,,,0.712492566,,,,79.78,5095.5,,222268.1968,3344,3798,11161,7942,3219,87033,632524,,173.9992084,46.09160477,32.52835442,102.0537488,14.85,,14.35,14.2,,-0.5,-0.65,49.3,,31.90160763,,,842.0734688,
1/08/1986,6969.313282,5669.252235,1300.061047,8.2393844,277.5735895,1039804.263,,,,,,,,,,,,,,0.658751293,,,,79.64,5195,,253991.4579,3609,3971,10092,7881,2211,87177,749031,,177.46119,46.477067,32.69562041,104.8393523,17.37,,14.55,14.1,,-2.82,-3.27,50.3,,33.68254266,,,840.689193,
1/09/1986,6994.41549,5673.877235,1320.538256,8.3378698,282.5260191,1041331.848,,,,,,,,,,,,,,0.669791453,,,,78.72,5188.3,,261318.6945,3610,4295,10044,7857,2187,87279,610162,,179.2971364,46.87319268,32.88538798,105.9957622,18.08,,14.4,13.85,,-3.68,-4.23,51.9,,33.76652743,,,815.7579349,
1/10/1986,7018.819849,5687.435352,1331.384497,8.3094279,272.5534456,1046808.884,,,,,,,,,,,,,,0.739998055,,,,89.9,5177.3,,247141.8964,3800,4311,10175,7703,2472,89870,656811,,181.6879292,47.25955358,32.9682749,107.8205993,16.82,,13.85,13.6,,-2.97,-3.22,54,,33.21855897,,,880.8988429,
1/11/1986,7008.003009,5677.166101,1330.836907,8.3182569,292.259705,1042050.205,,,,,,,,,,,,,,0.784999878,,,,85.78,5199,,267988.9044,3528,3983,10204,7934,2270,88463,706125,,183.1413627,47.63963834,33.16818525,108.7036069,15.9,,13.95,13.6,,-1.95,-2.3,54.3,,33.11819404,,,773.2712651,
1/12/1986,7024.436411,5662.76177,1361.674641,8.3628578,298.3580316,1045408.587,,,,,,,,,,,,,,0.816278822,,,,88.94,5252.8,,266504.768,3817,4133,10416,8039,2377,89244,766164,,185.4859619,48.01467024,33.2879941,110.5645079,15.53,,13.85,13.4,,-1.68,-2.13,55,,32.50479033,,,872.3799695,
1/01/1987,7025.658558,5671.428155,1354.230403,8.1861921,290.0185504,1038084.169,,,,,,,,,,,,,,0.738355886,,,,88.02629415,5277,,273904.3482,3615,3963,9698,7471,2227,93565,682224,,187.8675459,48.5248191,33.52053401,112.1918712,15.86,,14.7,13.8,,-1.16,-2.06,52.8,,32.80228268,,,890.7553755,
1/02/1987,7056.646574,5688.683896,1367.962678,8.2106631,294.5779997,1046780.628,,,,,,,,,,,,,,0.795548303,,,,87.66,5323.2,,275146.3107,3717,4094,9978,7676,2302,92540,646444,,190.4618545,48.95271804,33.82072624,114.0333086,16.7,,14.55,14,,-2.15,-2.7,54.1,,33.7236496,,,944.3375437,
1/03/1987,7070.722643,5696.733362,1373.989281,8.4360015,297.1769017,1046315.614,,,,,,,,,,,,,,0.870954972,,,,86.74,5344,,264165.2493,3732,3952,9997,7844,2153,99756,823797,,192.3581208,49.32387817,33.90437796,115.3826633,16.41,,13.85,13.45,,-2.56,-2.96,55.4,,33.59859139,,,875.7465684,
1/04/1987,7084.514828,5710.893925,1373.620902,8.3016343,299.354396,1065670.571,,,,,,,,,,,,,,0.901112264,,,,90.52,5366.6,,278603.9173,3741,3993,9494,7438,2056,94714,843510,,196.5211832,49.69607235,33.95050911,118.8184817,15.08,,13.5,13.05,,-1.58,-2.03,54.5,,32.85548954,,,927.8370384,
1/05/1987,7089.887432,5709.18285,1380.704582,8.2008481,307.5083513,1048662.51,,,,,,,,,,,,,,0.782335515,,,,91.6,5413,,280552.8388,3829,4087,10217,7900,2317,103035,560033,,199.688568,50.45128067,33.89434923,121.1132485,14.14,,13.45,13,,-0.69,-1.14,55.8,,33.1861403,,,911.9684214,
1/06/1987,7125.81593,5730.093888,1395.722042,8.0095385,315.8833622,1061008.223,,,,,,,,,,,,,,0.801470302,,,,93.26,5445.4,,272699.0482,3943,4252,10363,7751,2612,100772,805736,,200.3672749,51.03946021,33.9698427,121.3282229,13.68,,13.1,12.8,,-0.58,-0.88,56.6,,32.64150725,,,907.3461933,
1/07/1987,7171.884463,5777.056904,1394.827559,8.0831704,313.105428,1069905.797,,,,,,,,,,,,,,0.797599561,,,,98.7,5553.8,,281296.5494,3888,4242,10648,8219,2429,106674,817291,,204.0438265,51.54119478,33.7433053,124.4808509,12.99,,13,12.95,,0.01,-0.04,55.3,,33.09948712,,,1001.265889,
1/08/1987,7149.689725,5732.067703,1417.622022,8.1051419,324.179296,1058756.555,,,,,,,,,,,,,,0.832028911,,,,96.16,5581.7,,289597.8836,4092,4117,10836,8273,2563,107559,1050639,,207.5040731,51.95103392,34.35718035,126.9564379,12.54,,12.8,12.95,,0.26,0.41,55.2,,34.35830652,,,927.1975109,
1/09/1987,7137.658225,5733.588575,1404.069651,7.7548689,308.7757988,1067031.976,,,,,,,,,,,,,,0.877308797,,,,94.94,5595.2,,287284.2832,4022,4224,11127,8650,2477,103711,840239,,210.2322425,52.5824034,34.39476523,128.8265833,11.7,,11.95,12.5,,0.25,0.8,56.2,,33.30102226,,,975.438977,
1/10/1987,7167.193403,5766.126716,1401.066687,8.0852591,308.4998254,1071862.773,,,,,,,,,,,,,,0.901339366,,,,103.88,5626.2,,313041.7466,4187,4413,11836,9225,2611,110589,869376,,213.3663483,53.09651739,34.44558189,131.2393782,11.99,,13.4,13.65,,1.41,1.66,51.7,,34.59010824,,,946.5253504,
1/11/1987,7157.157033,5728.855896,1428.301137,7.9304848,313.2031286,1069963.626,,,,,,,,,,,,,,0.718648766,,,,87.52,5652.9,,305276.9291,4658,4549,12330,9714,2616,119042,839226,,217.8751355,53.59627309,34.57375664,134.8955257,12.45,,12.8,13.3,,0.35,0.85,52.3,,35.93166346,,,916.0167762,
1/12/1987,7234.664755,5803.740529,1430.924226,7.7273013,312.8743022,1081917.775,,,,,,,,,,,,,,0.846138276,,,,93.28,5711.1,,307877.4767,4290,4707,12489,9828,2661,113733,933703,,222.6865921,54.21385409,34.74372937,138.7765323,11.46,,12.15,12.85,,0.69,1.39,52,,36.17478215,,,1032.212455,
1/01/1988,7296.487002,5850.981481,1445.505522,7.630724,321.3098037,1082361.047,,,,,,,,,,,,,,0.688237045,,,,97.6004124,5659.4,,303817.705,4652,4308,13294,9960,3334,117926,837551,,228.8447413,54.90683683,34.84468175,143.9208419,11.05,,11.9,12.4,,0.85,1.35,52.5,,36.72964196,,,929.298024,
1/02/1988,7282.086707,5857.495868,1424.590839,7.4165124,317.0367485,1090284.127,,,,,,,,,,,,,,0.777651155,,,,98.74,5750.7,,313157.1422,4676,4808,13349,9810,3539,118048,1148783,,233.2130678,55.51280446,34.76140742,147.4732382,10.95,,11.9,12.3,,0.95,1.35,53.1,,37.59386611,,,1506.597754,
1/03/1988,7330.323977,5879.693488,1450.630489,7.504892,300.739441,1088104.836,,,,,,,,,,,,,,0.856249549,,,,103.52,5806.5,,320307.2368,4512,4740,13272,10251,3021,115416,775893,,237.0288012,56.28476521,34.82725693,150.232784,10.95,,11.5,11.9,,0.55,0.95,53.8,,37.79300813,,,1412.591242,
1/04/1988,7359.804171,5906.650253,1453.153919,7.9143771,305.5980643,1074330.836,,,,,,,,,,,,,,0.736272515,,,,105.96,5862.7,,323341.3085,4106,4527,14153,10950,3203,127981,998542,,240.781123,57.00268396,34.72034716,153.0173011,11.39,,11.25,11.5,,-0.14,0.11,55.2,,37.94548839,,,890.7341013,
1/05/1988,7343.139721,5893.711925,1449.427796,7.4503139,261.720197,1097692.638,,,,,,,,,,,,,,0.843143237,,,,104.02,5936.4,,320254.0598,4442,4702,14241,10974,3267,120562,1203942,,244.532501,57.81957622,34.92353147,155.711128,12.28,,12.45,12.3,,0.17,0.02,58.9,,37.58442647,,,979.7265825,
1/06/1988,7359.890474,5898.996438,1460.894036,7.5614911,314.2992006,1091320.444,,,,,,,,,,,,,,0.814128633,,,,104.14,5976.7,,340117.735,4195,4504,15173,11594,3579,131499,950610,,249.3398733,58.77254547,34.78142234,159.5252342,13.1,,11.95,11.95,,-1.15,-1.15,59.8,,38.26335774,,,1052.623036,
1/07/1988,7378.730271,5921.722357,1457.007915,6.763596,290.9035785,1073735.381,,,,,,,,,,,,,,0.919325538,,,,107.52,5968.7,,336244.6215,4344,4750,15419,11693,3726,134768,1234158,,253.6140678,59.82009291,35.04017216,162.5347001,13.08,,12.05,11.95,,-1.03,-1.13,61,,37.54921987,,,982.3277861,
1/08/1988,7408.529344,5940.050548,1468.478796,7.0680874,287.1217817,1105181.85,,,,,,,,,,,,,,0.864777176,,,,108.28,6024.2,,341020.9968,4445,4715,17025,12560,4465,139078,854613,,257.3435773,61.0273194,35.25935163,164.7881788,13.32,,12.3,11.8,,-1.02,-1.52,61.8,,36.79625991,,,1078.700881,
1/09/1988,7451.260271,5965.68736,1485.572911,6.9339814,293.0678913,1113924.013,,,,,,,,,,,,,,0.926643816,,,,112.22,6078.6,,342599.2581,4482,4599,16190,12343,3847,145012,1012568,,262.6342483,62.30209436,35.78909095,168.1842439,13.64,,12.6,11.95,,-1.04,-1.69,60,,36.64467916,,,1062.53655,
1/10/1988,7466.455192,6011.543807,1454.911385,6.8171401,297.6953385,1118901.227,,,,,,,,,,,,,,0.867320652,,,,108.82,6166.9,,341693.5745,4507,5180,15890,11726,4164,139344,850697,,267.8298554,63.22744165,36.29871317,171.8651081,14,,12.7,11.9,,-1.3,-2.1,61.1,,36.28212267,,,1052.465385,
1/11/1988,7487.662128,6000.310714,1487.351414,6.6121395,293.5390191,1125436.197,,,,,,,,,,,,,,0.863888057,,,,104.18,6211.8,,337397.0603,4482,5070,16057,11806,4251,148529,1075207,,272.6080177,64.39754831,36.88255074,174.9438119,14.73,,13.05,12.35,,-1.68,-2.38,63.7,,34.95565784,,,1122.425867,
1/12/1988,7521.339407,6009.434183,1511.905224,6.8316856,323.2106508,1123209.928,,,,,,,,,,,,,,0.922699121,,,,105.96,6307.8,,337880.2579,4556,5200,15593,11593,4000,145742,1156077,,276.5739474,65.55036421,37.38493415,177.4067523,15.11,,13.5,12.95,,-1.61,-2.16,63.2,,35.30343113,,,1026.628801,
1/01/1989,7553.083451,6027.022846,1526.060604,6.8070419,309.4272504,1130784.879,,,,,,,,,,,,,,0.831695765,,,,101.8159952,6459.2,,333551.4332,4521,5339,15396,11543,3853,175456,1426227,,277.3294029,66.56661787,37.98194152,177.0426296,15.56,,14.05,13.3,,-1.51,-2.26,66.7,,34.97142385,,,1089.263582,
1/02/1989,7605.344976,6063.086751,1542.258225,6.6373044,320.0750382,1146527.154,,,,,,,,,,,,,,0.911504571,,,,94.72,6339.1,,334500.3193,4465,5287,15802,11844,3958,164133,1005315,,281.6632449,67.72998096,38.34056905,179.9083253,16.54,,14.35,13.65,,-2.19,-2.89,59.6,,35.02506411,,,1000.288379,
1/03/1989,7623.62537,6084.100071,1539.525299,6.3403525,302.2942088,1144998.15,,,,,,,,,,,,,,0.835185186,,,,88.26,6420.8,,333282.3851,4729,5230,15340,11378,3962,163624,1332351,,285.484923,68.92789323,38.77053995,182.1268839,17.25,,14.3,13.65,,-2.95,-3.6,62.2,,36.68568647,,,1040.07773,
1/04/1989,7655.647912,6117.044581,1538.603331,6.2013641,306.2434137,1138611.808,,,,,,,,,,,,,,0.929252016,,,,88.46,6493.7,,331580.8913,4839,5669,16082,11840,4242,166260,1288811,,289.2508996,70.18747018,38.94134498,184.4424642,17.46,,14.25,13.4,,-3.21,-4.06,60,,37.35430666,,,1134.430847,
1/05/1989,7711.294815,6134.566256,1576.728559,6.2788976,313.3812286,1149753.08,,,,,,,,,,,,,,0.959882774,,,,87.22,6474.6,,310863.9096,5011,5836,15308,10705,4603,176725,1180679,,294.4481648,71.26086136,39.47339473,188.2205588,17.52,,14.65,13.9,,-2.87,-3.62,58.8,,38.57134467,,,1156.728167,
1/06/1989,7711.104897,6145.408952,1565.695945,6.0129826,301.0439893,1151880.939,,,,,,,,,,,,,,0.792778968,,,,72.78,6596.8,,335262.1977,5150,5744,14599,9748,4851,164883,1135036,,298.8483746,72.20025891,40.67508296,190.6557135,18.37,,14.2,13.5,,-4.17,-4.87,59.4,,38.82130972,,,1134.844836,
1/07/1989,7736.162222,6145.963135,1590.199087,6.0498204,317.6480078,1154203.801,,,,,,,,,,,,,,0.729606569,,,,72.86,6632.3,,337234.2971,4872,5647,12454,8817,3637,155729,1071519,,302.163345,73.28223866,41.67651614,192.1017911,18.06,,14,13.35,,-4.06,-4.71,57.8,,38.78571554,,,1103.741009,
1/08/1989,7774.70666,6167.280055,1607.426605,5.9436415,327.0294305,1165623.442,,,,,,,,,,,,,,0.589132959,,,,78.84,6631,,326270.3301,5129,6291,12557,8770,3787,161636,986738,,305.2574113,74.00048715,41.70376304,194.430908,17.96,,13.7,12.95,,-4.26,-5.01,60,,38.74991878,,,1198.133862,
1/09/1989,7783.718717,6153.697684,1630.021033,6.0306745,348.3811158,1163135.698,,,,,,,,,,,,,,0.647652932,,,,82.06,6754.9,,337498.4293,5082,5914,12409,8385,4024,150952,1225390,,308.9598708,74.61484043,41.71582036,197.5400976,18.12,,14.55,13.65,,-3.57,-4.47,59.8,,38.25549829,,,1175.710592,
1/10/1989,7792.007585,6174.727178,1617.280407,5.923445,321.0807676,1168098.587,,,,,,,,,,,,,,0.655981244,,,,79.02,6731.8,,340014.0314,4970,5887,12473,8550,3923,169254,1310967,,311.5368213,75.3989855,41.79345114,199.2854283,18.36,,14.5,13.55,,-3.86,-4.81,60.7,,38.69396974,,,1124.24287,
1/11/1989,7844.531568,6214.353573,1630.177995,5.7861373,333.94427,1173082.519,,,,,,,,,,,,,,0.656573789,,,,80.68,6795.4,,341000.8528,5045,5706,12403,8306,4097,158034,1133617,,314.6262741,76.21217861,42.05943861,201.3890813,18.25,,13.85,13.1,,-4.4,-5.15,60.4,,38.5204852,,,1241.472445,
1/12/1989,7829.703065,6188.863317,1640.839748,5.8472633,340.0676035,1170655.157,,,,,,,,,,,,,,0.604067365,,,,80.1,6887.2,,350500.4578,4706,5612,11294,8679,2615,157353,725751,,317.2880178,77.01711491,42.360382,203.0073214,17.89,,13.45,12.9,,-4.44,-4.99,61.1,,38.20696294,,,1110.213368,
1/01/1990,7839.284451,6206.137043,1633.147408,6.1121971,354.0819095,1154744.997,,,,,,,,,,,,,,0.676721514,,,,80.68674677,6841.9,,359071.4249,5022,6130,11387,8342,3045,159610,1771089,,318.4776664,77.95621201,42.49712916,203.2365916,17.33,,13.25,12.8,,-4.08,-4.53,59.4,,38.19055475,,,1279.586432,
1/02/1990,7846.572504,6201.924974,1644.64753,6.3911524,338.4686854,1167128.322,,,,,,,,,,,,,,0.658218828,,,,87.76263622,6855.3,,355223.0932,5386,5579,12021,8476,3545,168691,1043764,,323.4120112,78.91081187,42.72219894,206.989146,16.2,,13.8,13.3,,-2.4,-2.9,59,,38.58507687,,,1224.815718,
1/03/1990,7861.070567,6212.165812,1648.904756,6.1849167,346.8319658,1173502.624,,,,,,,,,,,,,,0.623344405,,,,86.86061773,6903.8,,347236.8244,5335,5760,11752,8552,3200,168240,987496,,328.0827526,79.69078671,42.75156715,210.8420076,15.84,,13.87,13.44,,-1.97,-2.4,59.8,,39.03482195,,,1245.332,
1/04/1990,7865.982331,6201.946922,1664.035409,6.280458,352.3103536,1182182.999,,,,,,,,,,,,,,0.586158551,,,,73.95160433,6925.6,,368258.0171,5233,5645,11177,8143,3034,146736,963868,,332.6614854,80.55837091,43.60509154,213.5904679,15.14,,14.24,13.78,,-0.9,-1.36,59.6,,38.80544196,,,1188.524601,
1/05/1990,7899.497006,6233.149886,1666.34712,6.5034946,358.5209714,1174276.854,,,,,,,,,,,,,,0.614009876,,,,69.78594636,6946.8,,355532.6303,5223,5488,11499,8110,3389,155151,1094018,,333.8462821,81.33665975,43.79751175,214.0149595,15.05,,14.02,13.51,,-1.03,-1.54,60.2,,38.72864526,,,1131.231439,
1/06/1990,7900.522404,6233.45077,1667.071634,6.60993,365.3757244,1173897.264,,,,,,,,,,,,,,0.55598727,,,,71.42988832,7022.6,,360990.116,5244,5400,11082,8236,2846,156162,945419,,335.8595225,82.11769638,44.0533315,215.2278326,15.02,,13.8,13.4,,-1.22,-1.62,61.6,,36.73520297,,,1110.161689,
1/07/1990,7897.753949,6230.108336,1667.645613,7.084145,373.496511,1185300.557,,,,,,,,,,,,,,0.524409838,,,,74.45364196,6977.7,,358722.6922,5325,5606,10633,7669,2964,159929,707536,,338.4092141,82.92936594,44.36627523,216.9155507,14.83,,13.51,13.16,,-1.32,-1.67,60.4,,35.78888253,,,1580.68404,
1/08/1990,7869.157897,6214.462433,1654.695464,7.2110446,378.7889781,1165697.216,,,,,,,,,,,,,,0.495297208,,,,69.80238087,7025.9,,367145.681,5350,5764,10932,7636,3296,162534,825291,,340.1125691,84.02788884,43.30538864,218.4590384,13.92,,13.41,13.49,,-0.51,-0.43,61.4,,36.40850135,,,1135.794813,
1/09/1990,7844.228152,6196.075575,1648.152578,7.3739178,407.5866217,1166021.138,,,,,,,,,,,,,,0.487416308,,,,67.35673566,6961.5,,363312.6904,5334,5471,10694,7729,2965,154499,896159,,340.3690308,84.47730109,43.69677177,217.8552238,13.52,,13.17,13.63,,-0.35,0.11,61.6,,36.64732866,,,1157.016441,
1/10/1990,7829.708732,6151.813202,1677.89553,7.6363098,410.5327402,1151321.634,,,,,,,,,,,,,,0.482683398,,,,66.02049013,6956.9,,360550.7774,5498,5548,10846,7563,3283,155353,756470,,342.4707275,85.2706377,43.83189616,219.0060901,13.07,,12.77,13.35,,-0.3,0.28,57.2,,37.00553415,,,1337.47594,
1/11/1990,7809.758991,6133.070206,1676.688785,7.9452572,429.5544054,1150376.151,,,,,,,,,,,,,,0.49597946,,,,64.60896722,7011.2,,349900.2857,5430,5692,11137,8311,2826,156966,869498,,342.8637299,85.93502751,43.46406387,219.1363593,12.41,,12.36,12.23,,-0.05,-0.18,56.9,,37.08205104,,,1266.582106,
1/12/1990,7812.816999,6130.331806,1682.485193,8.0181073,440.5056933,1152186.958,,,,,,,,,,,,,,0.656632828,,,,68.04939178,7017.2,,358990.4933,5639,5871,9981,7683,2298,161774,584365,,344.8250014,86.69893655,43.45405181,220.3671236,12.19,,11.99,12.07,,-0.2,-0.12,57.3,,36.43275279,,,1311.065611,
1/01/1991,7747.674105,6083.380949,1664.293156,8.396066,441.71078,1144036.173,,,,,,,,,,,,,,0.266546915,,,,72.61102189,7086,,362195.3341,5586,5763,10607,8167,2440,168838,608730,,345.9686387,87.55776625,43.53482822,220.6866551,11.93,,11.6,11.52,,-0.33,-0.41,57.5,,35.75193786,,,1288.906146,
1/02/1991,7758.040484,6043.471347,1714.569137,8.6161402,469.4800451,1139489.468,,,,,,,,,,,,,,0.461668636,,,,70.99894137,7141.7,,327610.8726,5560,5710,10686,7977,2709,152753,1060432,,347.0971447,88.43198876,43.52594809,220.914558,11.62,,11.32,11.53,,-0.3,-0.09,57.9,,33.76436845,,,1278.224163,
1/03/1991,7701.412178,5997.412082,1704.000096,9.1821946,491.9020194,1132851.77,,,,,,,,,,,,,,0.496225135,,,,79.79499811,7106.4,,342205.0011,5749,5355,10432,7788,2644,152397,615647,,346.3229905,89.0752504,43.2555837,219.7025058,11.49,,11.31,11.38,,-0.18,-0.11,59.7,,34.18106522,,,1323.951319,
1/04/1991,7695.851092,5975.361257,1720.489836,9.8628868,504.6703781,1127397.727,,,,,,,,,,,,,,0.482586715,,,,80.3197754,7122.2,,327065.2611,5503,5566,10195,7753,2442,153309,627927,,346.2899307,89.66063761,43.27018082,218.946698,11.36,,10.89,10.98,,-0.47,-0.38,60.2,,33.9122923,,,1300.388224,
1/05/1991,7693.959421,5980.814172,1713.145249,9.5012101,454.7235325,1131956.817,,,,,,,,,,,,,,0.432088345,,,,79.25134157,7117.9,,353378.0639,5813,5354,11203,8297,2906,164312,693915,,345.2773896,90.39788844,43.26084997,217.4263284,10.72,,10.59,10.75,,-0.13,0.03,58.5,,34.04137002,,,1348.272368,
1/06/1991,7658.001104,5945.142786,1712.858318,9.5283012,522.5829659,1124590.823,,,,,,,,,,,,,,0.519898609,,,,83.56653283,7100.9,,381082.9278,5719,5453,10763,8130,2633,158935,682484,,344.4716025,91.21868074,42.79299192,216.4957049,10.39,,11.07,11.17,,0.68,0.78,59.7,,35.05082312,,,1403.350897,
1/07/1991,7630.336715,5926.740097,1703.596618,9.6919301,535.425337,1128676.43,,,,,,,,,,,,,,0.498239696,,,,85.37884424,7424.6,,369043.6442,5815,5616,11929,8914,3015,157930,758976,,343.6852752,92.02896813,42.4132548,215.4175314,10.34,,10.85,10.99,,0.51,0.65,60.1,,34.47485835,,,1394.533955,
1/08/1991,7636.428982,5929.338852,1707.09013,9.7891548,517.4058363,1121762.145,,,,,,,,,,,,,,0.54053289,,,,84.44529063,7399.6,,378460.8525,5928,5307,11969,8979,2990,151874,609981,,343.7656265,92.66844125,42.24166257,214.9403188,10.13,,10.64,10.67,,0.51,0.54,60.5,,33.64036993,,,1379.9894,
1/09/1991,7645.294784,5934.44763,1710.847153,10.0322161,516.7146357,1126207.721,,,,,,,,,,,,,,0.541367487,,,,85.83783139,7320.6,,379222.2843,5658,5738,12117,9017,3100,167860,607323,,343.617672,93.42337397,42.13150337,214.1038395,9.58,,10.03,10.31,,0.45,0.73,60.6,,33.14428561,,,1403.987373,
1/10/1991,7616.223845,5939.598633,1676.625211,9.986176,515.6589815,1127999.453,,,,,,,,,,,,,,0.538082478,,,,88.38393445,7484.6,,378576.0898,5688,5679,12227,9205,3022,166022,655690,,342.9539329,94.57938829,41.90265184,212.4473759,8.97,,8.96,9.82,,-0.01,0.85,59.3,,33.22165962,,,1419.208063,
1/11/1991,7596.988185,5858.639693,1738.348492,10.1970743,529.4104716,1125883.878,,,,,,,,,,,,,,0.546285965,,,,82.47962644,7436.4,,383031.1649,5804,6040,11795,8941,2854,166086,491872,,343.058059,95.66326954,41.7659925,211.6679414,8.34,,8.98,9.78,,0.64,1.44,59,,33.88113459,,,1378.571654,
1/12/1991,7616.718508,5897.393748,1719.32476,10.4723735,521.4258955,1121254.695,,,,,,,,,,,,,,0.500784242,,,,80.72932506,7410.7,,368163.6726,5844,5604,12091,8783,3308,171250,595518,,342.4788639,96.73274532,41.40737362,210.3801138,7.84,,8.22,9.39,,0.38,1.55,55.9,,34.84817404,,,1456.806825,
1/01/1992,7633.150343,5896.159448,1736.990895,10.3459916,541.6993751,1122262.838,,,,,,,,,,,,,,0.50361971,,,,78.06623658,7464.1,,375994.7509,5911,5670,12685,8829,3856,164735,771921,,342.6324089,97.54278531,41.28929384,209.9531424,7.45,,9.42,10.11,,1.97,2.66,55.8,,35.77218095,,,1459.102071,
1/02/1992,7650.17437,5883.890851,1766.283519,10.4042554,565.0945374,1119909.2,,,,,,,,,,,,,,0.537963343,,,,87.88863595,7483.1,,382829.6553,5815,5768,12334,9186,3148,162585,515964,,342.6683511,98.39736643,41.07874014,209.3226142,7.52,,9.42,10.04,,1.9,2.52,56.8,,35.99202162,,,1467.734866,
1/03/1992,7630.999107,5868.402068,1762.59704,10.4956867,558.9686069,1126402.353,,,,,,,,,,,,,,0.517410393,,,,92.7663048,7599.8,,367827.611,5872,5765,12877,9341,3536,168753,625458,,341.2444261,99.29105847,41.12727112,206.975072,7.51,,9.42,9.89,,1.91,2.38,58.6,,35.17955985,,,1451.5851,
1/04/1992,7624.4382,5851.058042,1773.380158,10.4724883,583.735866,1120966.585,,,,,,,,,,,,,,0.54005388,,,,93.92213716,7684.5,,388226.7037,5974,5862,13447,9486,3961,168388,488265,,340.0772143,100.249399,40.85357429,205.0367067,7.18,,8.68,9.43,,1.5,2.25,57.9,,34.55740718,,,1504.760531,
1/05/1992,7620.920415,5843.565726,1777.35469,10.61746,585.7384083,1118560.054,,,,,,,,,,,,,,0.485870241,,,,91.49146697,7671.5,,389516.9056,5975,5969,13252,9606,3646,159553,586025,,339.8000842,101.2254125,40.65978655,204.1773782,6.56,,8.37,9.12,,1.81,2.56,56.9,,34.87106808,,,1497.799855,
1/06/1992,7633.787842,5828.991644,1804.796197,10.8127822,578.957525,1123755.999,,,,,,,,,,,,,,0.536605027,,,,82.62693151,7597.5,,379569.6859,6056,6234,13591,9873,3718,167870,520963,,340.3709248,102.2399778,40.59144282,204.082592,6.42,7.04,7.83,8.9,0.62,1.41,2.48,55.2,,34.99031027,,,1465.873768,
1/07/1992,7650.919928,5842.380036,1808.539892,11.1219244,590.2464369,1123862.035,,,,,,,,,,,,,,0.596687295,,,,79.89211608,7617.6,,390946.3152,6119,6370,13548,10045,3503,171922,537271,,338.5508231,103.2596214,40.8179023,201.0067737,5.64,6.22,7.05,8.3,0.58,1.41,2.66,54.7,,35.56516317,,,1472.012438,
1/08/1992,7670.942006,5837.987152,1832.954854,10.7215053,603.2211744,1125424.401,,,,,,,,,,,,,,0.606033954,,,,89.11736732,7523.9,,385456.169,6148,6126,13731,9948,3783,165870,494053,,339.2380496,104.2619051,40.56077973,200.9946032,5.73,7.86,8.41,8.97,2.13,2.68,3.24,51.6,,36.03452619,,,1545.546602,
1/09/1992,7635.237972,5821.474792,1813.763179,10.6161464,612.6578533,1123486.372,,,,,,,,,,,,,,0.623255317,,,,85.94088159,7656.5,,390415.6265,6585,6672,13498,9969,3529,171794,548780,,340.8863529,105.3358952,40.58164659,201.4807103,5.94,7.91,8.32,8.94,1.97,2.38,3,51.7,,36.1889428,,,1539.343297,
1/10/1992,7644.361117,5813.123003,1831.238114,11.0900835,605.0204727,1122998.667,,,,,,,,,,,,,,0.610159325,,,,94.84562478,7723.8,,399089.9995,6411,6666,14015,10184,3831,173274,665245,,341.0545712,106.880233,40.85214334,199.7621398,5.86,7.89,8.29,8.86,2.03,2.43,3,51.9,,36.04029004,,,1557.558297,
1/11/1992,7569.299999,5779.119292,1790.180707,11.1353566,598.0617018,1117167.023,,,,,,,,,,,,,,0.598996709,,,,84.20790081,7738.4,,409103.233,6601,6807,14569,10315,4254,172417,670482,,341.0531862,108.2776835,40.93174282,198.3371754,5.88,8.01,8.48,9.14,2.13,2.6,3.26,51.8,,36.32829853,,,1573.32932,
1/12/1992,7599.402876,5810.9619,1788.440976,11.2159905,590.9345128,1120895.383,,,,,,,,,,,,,,0.662465874,,,,84.18552319,7633.4,,410916.033,6651,6667,15085,10503,4582,177867,720275,,339.7031428,109.5763867,40.65780823,195.9052595,5.9,7.74,8.24,8.94,1.84,2.34,3.04,52.4,,36.33410023,,,1502.753669,
1/01/1993,7650.82916,5849.201363,1801.627797,10.8331595,596.2209839,1127477.961,,,,,,,,,,,,,,0.671180939,,,,92.96629096,7770.5,,431685.4508,6680,6381,15224,10613,4611,174792,789088,,341.2769865,110.8469343,40.50044255,196.4724242,5.88,7.49,8,8.6,1.61,2.12,2.72,51.6,,37.40076271,,,1537.082527,
1/02/1993,7581.981527,5821.306873,1760.674654,11.0137042,585.2032361,1126457.324,,,,,,,,,,,,,,0.658776045,,,,90.97092927,7754.6,,404978.3949,6667,6410,14201,10300,3901,171939,600942,,342.7837065,112.1398007,40.52806422,196.6940082,5.82,6.67,7.26,7.98,0.85,1.44,2.16,52.7,,36.87801811,,,1557.296087,
1/03/1993,7631.449559,5860.396389,1771.053171,10.8568096,596.101543,1139094.471,,,,,,,,,,,,,,0.672461416,,,,98.74892779,7795.4,,414648.5035,6390,6826,14905,10611,4294,172570,707521,,343.6455659,113.6296913,40.65497678,196.0104372,5.38,6.63,7.05,7.82,1.25,1.67,2.44,52.9,,34.87960541,,,1525.661292,
1/04/1993,7611.981232,5857.686393,1754.294839,10.7670675,594.2673887,1132508.678,,,,,,,,,,,,,,0.675961637,,,,97.58671534,7792.1,,414139.1402,6374,6732,15247,10719,4528,171055,654606,,344.7373416,115.2611566,40.43358582,195.6304253,5.27,6.27,6.69,7.55,1,1.42,2.28,52.3,,34.37838877,,,1548.545573,
1/05/1993,7613.182949,5853.42614,1759.756809,10.784993,585.218874,1129894.605,,,,,,,,,,,,,,0.698818915,,,,97.15671995,7868.8,,432472.4088,6736,6764,14391,10282,4109,180174,661803,,345.7739009,116.8219814,40.40480382,195.3563852,5.15,6.59,7.09,7.71,1.44,1.94,2.56,49.4,,35.25143052,,,1631.230524,
1/06/1993,7626.330342,5878.566239,1747.764103,10.9946874,581.3640985,1131329.762,,,,,,,,,,,,,,0.784495013,,,,85.67277826,7875.6,,419474.3961,6553,6875,14490,10443,4047,177957,657860,,346.3351364,118.5482681,40.37482493,194.5437862,5.22,6.22,6.83,7.37,1,1.61,2.15,49.5,,36.09651081,,,1659.186176,
1/07/1993,7627.818476,5853.249516,1774.568961,10.9321598,581.0223233,1128423.455,,,,,,,,,,,,,,0.786297524,,,,90.25940012,7818.8,,423772.4119,6806,6952,15596,10527,5069,174721,641943,,347.7170444,120.2480652,40.34570607,194.0338969,5.05,5.85,6.43,6.88,0.8,1.38,1.83,50.9,,36.58015218,,,1641.352193,
1/08/1993,7651.527531,5867.968624,1783.558907,10.9819492,582.8648701,1136716.372,,,,,,,,,,,,,,0.818877344,,,,95.36872775,7815.7,,425774.5838,6817,7173,14867,10277,4590,178013,787070,,349.1308564,121.8247013,40.4823004,193.9359765,4.78,5.66,6.16,6.64,0.88,1.38,1.86,49.3,,36.11424873,,,1621.673999,
1/09/1993,7670.380477,5862.162678,1808.217799,10.7409539,617.6972997,1134452.927,,,,,,,,,,,,,,0.812592659,,,,88.25826281,7937.1,,429606.8481,7077,7293,15077,10557,4520,191859,876838,,350.9757589,123.6820879,40.64395384,193.6980861,4.86,5.88,6.35,6.84,1.02,1.49,1.98,47.3,,36.72927033,,,1580.468,
1/10/1993,7719.203078,5902.253818,1816.94926,10.9562614,597.6282598,1140178.188,,,,,,,,,,,,,,0.79653127,,,,98.6692082,7995.8,,443509.1959,7112,7202,15271,10687,4584,189374,558586,,352.288411,125.4202945,40.59323786,193.2409299,4.81,5.51,6.01,6.49,0.7,1.2,1.68,49.4,,36.42490748,,,1654.650627,
1/11/1993,7729.745097,5908.69039,1821.054707,10.9480104,571.6563191,1157076.625,,,,,,,,,,,,,,0.824799634,,,,104.2974485,8133.8,,437520.4802,7038,7063,15429,10409,5020,187483,686162,,354.4229748,127.1616834,40.81869319,193.5160671,4.78,5.84,6.36,6.81,1.06,1.58,2.03,49.1,,36.16195861,,,1590.469372,
1/12/1993,7745.310027,5927.493252,1817.816775,10.7550561,580.7719358,1157848.795,,,,,,,,,,,,,,0.807041677,,,,105.4685048,8153.7,,446233.1025,6924,7337,15408,10827,4581,182492,806054,,356.2870185,129.2466648,40.97698637,193.0745346,4.82,5.87,6.17,6.68,1.05,1.35,1.86,50.8,,36.36501269,,,1555.416143,
1/01/1994,7765.049722,5918.334398,1846.715325,10.5682407,579.4779893,1159145.084,,,,,,,,,,,,,,0.824173253,,,,111.4637444,8095,,443263.7534,6907,7085,16233,11003,5230,186854,641452,,358.2978233,131.2776467,41.04473468,193.1224603,4.81,5.62,6.05,6.36,0.81,1.24,1.55,54,,36.0301076,,,1698.931855,
1/02/1994,7789.718902,5938.464054,1851.254848,10.3982171,576.1013368,1155445.249,,,,,,,,,,,,,,0.849047623,,,,116.5202443,8275.7,,457931.8165,6936,6842,15401,10905,4496,190377,787727,,360.0730028,133.4970626,41.27208637,192.4800278,4.8,6.29,6.72,7.05,1.49,1.92,2.25,53.6,,35.49357673,,,1732.845163,
1/03/1994,7808.827131,5949.711539,1859.115592,10.3523125,581.3801759,1159086.448,,,,,,,,,,,,,,0.850799852,,,,123.0221439,8294.3,,483548.5773,7091,7326,15547,10946,4601,188030,634958,,362.7149707,136.0244012,41.38173311,192.6339236,4.88,7.09,7.57,7.95,2.21,2.69,3.07,52.1,,35.61028867,,,1793.643894,
1/04/1994,7811.762216,5950.91741,1860.844807,10.062523,559.0393801,1164571.427,,,,,,,,,,,,,,0.846536639,,,,120.5400506,8236.5,,449538.8447,6891,7207,15835,11203,4632,188931,740911,,365.9808892,138.3999406,41.64414672,193.222162,4.92,7.39,7.94,8.44,2.47,3.02,3.52,52.6,,34.89729448,,,1758.596069,
1/05/1994,7853.324164,5981.900529,1871.423634,9.7656013,574.8549867,1175350.593,,,,,,,,,,,,,,0.889113998,,,,121.351768,8321.2,,437741.7754,7179,7469,17695,11905,5790,241021,562971,,368.5895901,140.937501,41.7163507,193.4689788,4.85,7.44,8.14,8.79,2.59,3.29,3.94,54.6,,34.72070375,,,1819.965955,845.264989
1/06/1994,7875.503937,6016.409472,1859.094465,9.8210862,567.6452404,1173568.438,,,,,,,,,,,,,,1.012910358,,,,122.6148355,8364.4,,462986.8504,7027,7337,16556,11191,5365,187222,1053886,,371.3691994,143.4358979,42.02699666,193.9033344,5.12,8.61,9.04,9.63,3.49,3.92,4.51,53,,34.64388125,,,1773.932592,862.9593526
1/07/1994,7948.096942,6024.267675,1923.829267,9.6254552,567.1519831,1183671.648,,,,,,,,,,,,,,0.771870194,,,,119.6015361,8376.6,,468380.1422,6941,7674,15457,10934,4523,188920,699165,,375.3673422,145.7253028,42.1253735,195.103846,5.41,8.56,8.96,9.57,3.15,3.55,4.16,53.9,,34.84484559,,,1828.368038,880.1298533
1/08/1994,7932.456265,6027.044905,1905.411361,9.4434694,569.5579094,1190261.516,,,,,,,,,,,,,,0.764683137,,,,116.487375,8571.5,,466715.6685,7039,8087,17784,11193,6591,220957,728640,,378.565609,148.2663843,42.41823654,195.7109286,5.6,8.42,8.81,9.36,2.82,3.21,3.76,53.9,,34.62402948,,,1798.813083,904.9067218
1/09/1994,7981.296102,6084.063862,1897.23224,9.3525701,522.3202499,1191013.248,,,,,,,,,,,,,,0.739510066,,,,113.4279483,8602.5,,478486.9096,6972,7819,17215,10772,6443,232232,574041,,380.8130981,150.3729271,42.64867358,195.5831318,5.93,9.24,9.74,10.33,3.31,3.81,4.4,53.4,,35.40971148,,,1890.508057,928.6882962
1/10/1994,7978.391726,6045.339613,1933.052113,9.0915738,563.2123314,1190310.483,,,,,,,,,,,,,,0.789221708,,,,107.5055065,8635.8,,478011.1725,7320,7892,15838,10728,5110,239797,772559,,384.4583599,152.0835036,42.86112749,197.2664268,6.45,9.57,10.06,10.51,3.12,3.61,4.06,53.1,,35.52934844,,,1892.546936,961.6526836
1/11/1994,7990.162051,6073.14435,1917.017701,9.141926,561.1426423,1192039.873,,,,,,,,,,,,,,0.764373524,,,,107.6145523,8588.1,,474323.6499,7293,8044,14753,10542,4211,203030,709769,,387.4855422,154.2422895,43.25735036,197.8736136,7.16,10.01,10.27,10.47,2.85,3.11,3.31,55.5,,35.68866807,,,1831.890908,963.7376288
1/12/1994,8034.115673,6070.307582,1963.80809,8.9341433,577.9282525,1197168.654,,,,,,,,,,,,,,0.805519063,,,,106.4119654,8595.6,,487812.318,7040,8285,14394,9566,4828,176355,641172,,389.7003848,156.1821344,43.68365848,197.6888134,7.95,10.07,10.06,10.04,2.12,2.11,2.09,56.2,,35.1713709,,,2062.139969,979.6012478
1/01/1995,8047.828011,6083.534072,1964.293938,8.856697,561.6280749,1200930.54,,,,,,,,,,,,,,0.763423727,,,,96.72888216,8684.8,,498436.4697,7405,8098,13526,9464,4062,184454,699244,,392.0972556,158.0323839,44.02084366,197.9744718,8.37,10.28,10.305,10.3345,1.91,1.935,1.9645,54.5,,36.28369403,,,1923.943289,1028.169969
1/02/1995,8098.935151,6141.637508,1957.297643,8.8225841,575.6112515,1205747.899,,,,,,,,,,,,,,0.737374155,,,,94.26314214,8792.4,,486608.8958,7540,8135,13316,9022,4294,194815,881407,,395.34212,159.8446093,44.28967056,199.1537067,8.08,9.698,9.9605,10.1465,1.618,1.8805,2.0665,52.9,,36.48800337,,,1924.491312,1052.300925
1/03/1995,8102.264614,6123.020483,1979.24413,8.6158537,570.7017706,1207705.65,,,,,,,,,,,,,,0.918581452,,,,102.8073611,8842.2,,490864.8105,7878,8551,12679,8444,4235,197153,782337,,398.0262689,161.6391055,44.77487077,199.7239671,8.13,9.569130435,9.808826087,10.13782609,1.439130435,1.678826087,2.00782609,50.7,,36.88209197,,,1936.066179,1072.95068
1/04/1995,8160.079259,6179.737672,1980.341588,8.2667356,573.1455848,1225126.651,,,,,,,,,,,,,,0.72863146,,,,110.6050652,8973.2,,500085.3151,7675,8441,12055,8216,3839,204956,1319334,,400.987728,162.7950901,45.32162126,200.9175637,7.89,9.132352941,9.460529412,9.798823529,1.242352941,1.570529412,1.908823529,49.6,,37.14978513,,,2018.479798,1117.458386
1/05/1995,8166.072731,6191.623535,1974.449196,8.4735522,562.1879389,1219221.462,,,,,,,,,,,,,,0.703060289,,,,102.8322182,9015.9,,496898.2859,7917,8795,12359,8025,4334,190726,847827,,404.4946803,164.1319928,45.88826407,202.7958542,7.7,8.373043478,8.68173913,9.106086957,0.673043478,0.98173913,1.406086957,48.5,,37.66988389,,,1970.608503,1137.727038
1/06/1995,8201.096892,6212.024379,1989.072512,8.3537668,582.6674948,1224797.524,,,,,,,,,,,,,,0.814087152,,,,104.13112,9121.7,,504802.7333,7684,8567,11663,8008,3655,186142,1008971,,407.5228994,165.3433172,46.27744442,204.8116156,7.55,7.92,8.269047619,8.856190476,0.37,0.719047619,1.306190476,48.4,,38.54353442,,,2072.049624,1182.175349
1/07/1995,8207.557684,6205.680399,2001.877285,8.422982,592.5113456,1225717.545,,,,,,,,,,,,,,0.62250256,,,,101.5228425,9126.8,,518022.1295,8160,8972,11371,7570,3801,188340,690734,,409.8445254,166.6097782,46.7329202,204.7667765,7.56,8.044761905,8.442857143,9.081904762,0.484761905,0.882857143,1.521904762,51,,38.10440497,,,2187.978543,1239.1138
1/08/1995,8236.64822,6236.634513,2000.013707,8.3187226,602.9477962,1223837.095,,,,,,,,,,,,,,0.669373104,,,,102.0276884,9209.9,,517941.7223,8002,8515,10777,7637,3140,183601,919748,,413.1768532,167.9615163,47.11682668,206.5890614,7.58,8.183478261,8.58173913,9.124347826,0.603478261,1.00173913,1.544347826,53.9,,37.42867091,,,2097.700379,1283.957693
1/09/1995,8224.318676,6241.104339,1983.214337,8.3612493,600.860793,1228240.787,,,,,,,,,,,,,,0.680456316,,,,101.1530845,9247,,507869.8133,8093,8210,10893,7712,3181,187506,936941,,418.1936622,169.5897195,47.46345607,209.6642554,7.49,7.758095238,8.169047619,8.686190476,0.268095238,0.679047619,1.196190476,53.8,,36.81687989,,,2184.649111,1312.826094
1/10/1995,8214.184377,6214.689429,1999.494948,8.5740321,588.3637855,1230657.778,,,,,,,,,,,,,,0.691225168,,,,101.4772787,9270.7,,507276.6303,7970,8462,10021,7256,2765,187828,1010790,,421.9423406,171.5071718,47.71254535,211.2419937,7.47,7.689545455,8.043636364,8.508636364,0.219545455,0.573636364,1.038636364,54.3,,36.04968311,,,2180.996174,1308.41066
1/11/1995,8288.208756,6252.685897,2035.522859,8.4508992,581.9462626,1233257.284,,,,,,,,,,,,,,0.68458349,,,,103.4545496,9292.2,,517255.8236,7875,8491,10170,7398,2772,192554,841028,,426.9021774,173.4304192,47.91027842,214.2370736,7.46,7.675909091,8.037727273,8.495,0.215909091,0.577727273,1.035,53.8,,37.05156393,,,2194.428022,1373.432618
1/12/1995,8289.381081,6254.073407,2035.307675,8.1430611,604.7687833,1229829.362,,,,,,,,,,,,,,0.70178073,,,,103.102433,9420.2,,531364.8092,8384,8625,10202,7218,2984,188391,751611,,432.6503411,175.4501972,48.19531265,217.8184712,7.43,7.506315789,7.852631579,8.254736842,0.076315789,0.422631579,0.824736842,53.9,,37.15909472,,,2437.328735,1380.839649
1/01/1996,8287.746527,6281.20808,2006.538447,8.4539913,580.0806362,1240804.516,,,,,,,,,,,,,,0.742776734,,,,105.0613354,9383.7,,531792.542,8663,8700,9500,7064,2436,195952,821062,,437.3157957,177.27178,48.57994453,220.3765535,7.46,7.470952381,7.759047619,8.112380952,0.010952381,0.299047619,0.652380952,54.7,,37.16209458,,,2265.396145,1453.134328
1/02/1996,8292.754962,6255.222165,2037.532798,8.3258962,605.9466763,1234681.741,,,,,,,,,,,,,,0.726238057,,,,107.9861163,9378.3,,562167.9559,8308,8727,10535,7290,3245,186781,1012216,,443.2256676,178.9271053,48.91352749,224.2469046,7.47,7.601428571,7.886666667,8.248571429,0.131428571,0.416666667,0.778571429,55.5,,36.63536807,,,2331.893586,1449.337299
1/03/1996,8266.297693,6234.583319,2031.714374,8.419987,600.8641022,1235066.922,,,,,,,,,,,,,,0.731692533,,,,114.954153,9393.2,,553152.5002,8635,8387,10289,7142,3147,202885,878040,,448.1795223,180.6065152,49.3140841,227.3336184,7.53,8.226190476,8.46952381,8.808095238,0.696190476,0.93952381,1.278095238,56.8,,35.78407282,,,2387.161364,1475.690247
1/04/1996,8295.862539,6261.996125,2033.866413,8.5778998,599.2089765,1241835.387,,,,,,,,,,,,,,0.735496979,,,,111.8718135,9454.5,,556479.5516,8443,8564,10424,7481,2943,204387,910735,,452.639784,182.2081661,49.56934101,229.8197507,7.57,8.416842105,8.6,8.873684211,0.846842105,1.03,1.303684211,57.1,,35.43505027,,,2372.638244,1490.913358
1/05/1996,8301.543413,6262.655895,2038.887518,8.4133053,594.6612798,1225620.096,,,,,,,,,,,,,,0.710499382,,,,111.7753705,9444.4,,525382.3072,8408,8623,10852,6983,3869,180993,1012553,,455.0793809,183.7059018,50.2550175,230.3969077,7.55,8.303478261,8.53173913,8.832173913,0.753478261,0.98173913,1.282173913,58.7,,35.18644713,,,2307.476641,1518.5426
1/06/1996,8305.311666,6256.185407,2049.126258,8.2546045,616.9850027,1230438.073,,,,,,,,,,,,,,0.779117121,,,,109.1961343,9563.1,,570488.7901,8556,8218,10120,7164,2956,194220,880928,,458.4489952,185.1118058,51.09486218,232.3141462,7.57,8.38,8.622105263,8.931578947,0.81,1.052105263,1.361578947,58.1,,34.97882347,,,2423.075806,1533.495074
1/07/1996,8307.334597,6269.476307,2037.858289,8.5655311,607.5964141,1232889.24,,,,,,,,,,,,,,0.780485051,,,,103.103143,9579.2,,539722.3898,8374,8285,10920,7222,3698,194230,925821,,465.5812448,187.090013,52.22094842,235.6136508,7.56,8.130434783,8.346521739,8.629565217,0.570434783,0.786521739,1.069565217,56.5,,34.71216131,,,2417.241643,1583.689757
1/08/1996,8303.19279,6248.513285,2054.679505,8.7200417,599.2023087,1234336.561,,,,,,,,,,,,,,0.783436875,,,,104.0583082,9543.9,,561277.7966,8397,8510,11152,7388,3764,199976,972452,,468.3974277,188.8532386,52.67259047,236.4229756,6.92,7.259090909,7.592727273,8.04,0.339090909,0.672727273,1.12,57.9,,35.11931193,,,2465.12971,1546.163664
1/09/1996,8295.539381,6250.459788,2045.079593,8.5746905,583.5047301,1231991.297,,,,,,,,,,,,,,0.804425597,,,,103.8494081,9448.8,,557563.7057,8348,8444,10006,7368,2638,192547,1169457,,472.0618781,190.6462313,52.95279636,238.0226288,6.91,7.236666667,7.572857143,8.003333333,0.326666667,0.662857143,1.093333333,58.5,,34.55249327,,,2508.220696,1597.835217
1/10/1996,8301.729355,6251.478862,2050.250492,8.7582842,589.1346979,1236273.841,,,,,,,,,,,,,,0.797471957,,,,102.5503369,9483.3,,564040.9677,8565,8631,11330,7253,4077,205648,1196476,,476.0915356,192.2647968,53.24669225,240.169482,6.7,6.867391304,7.169130435,7.550434783,0.167391304,0.469130435,0.850434783,58.6,,34.61265707,,,2463.17928,1646.011542
1/11/1996,8300.835983,6246.671049,2054.164934,8.4693961,599.830575,1232336.77,,,,,,,,,,,,,,0.981570279,,,,107.6165567,9523.1,,578919.9488,8339,8650,11038,7329,3709,231390,1750452,,478.2586674,193.7838326,53.41983063,240.6991014,6.45,6.56047619,6.838571429,7.156666667,0.11047619,0.388571429,0.706666667,59.9,,34.16011675,,,2557.736343,1685.458551
1/12/1996,8324.261224,6258.72779,2065.533434,8.6296177,603.3585455,1230065.85,,,,,,,,,,,,,,0.788065848,,,,102.0740922,9569.5,,588718.3145,8558,8684,10732,7527,3205,204485,1106331,,481.6011153,195.2307564,53.74296443,242.5532671,6.13,6.5745,6.9265,7.324,0.4445,0.7965,1.194,59.4,,34.04112864,,,2820.125971,1764.253671
1/01/1997,8335.604629,6244.102941,2091.501688,8.564753,607.2679467,1237223.069,,,,,,,,,,,,,,0.752372189,,,,105.6008477,9633.8,,577518.6977,8826,8811,11530,7659,3871,220940,1062205,,486.20246,197.039769,54.25654611,244.8956796,5.82,6.532857143,6.98952381,7.459047619,0.712857143,1.16952381,1.639047619,58.1,,34.95528758,,,2557.055983,1783.760569
1/02/1997,8334.816954,6238.740997,2096.075956,8.7017397,624.3741449,1240832.924,,,,,,,,,,,,,,0.789813879,,,,104.1712064,9803,,590977.4837,9111,9019,12122,7571,4551,220316,927708,,488.9782835,199.0969964,54.46738279,245.2118534,5.91,6.629,7.0335,7.394,0.719,1.1235,1.484,59.3,,35.41125392,,,2667.519445,1825.217571
1/03/1997,8337.972909,6234.796435,2103.176474,8.5912323,631.4132472,1240982.372,,,,,,,,,,,,,,0.743880189,,,,107.4596703,9764.8,,607589.1836,8631,8606,11973,8116,3857,214645,784207,,491.7965963,200.6684779,54.74123275,246.3613644,6.05,7.058947368,7.494736842,7.899473684,1.008947368,1.444736842,1.849473684,60.5,,35.04141581,,,2623.165951,1841.483691
1/04/1997,8330.936865,6226.584064,2104.352801,8.5674333,629.7961759,1242934.594,,,,,,,,,,,,,,0.844565607,,,,103.5488803,9642.5,,559502.066,8899,9006,12041,8425,3616,202057,908989,,496.4754069,202.8907292,55.02632038,248.3644896,6.04,6.884761905,7.4,7.923809524,0.844761905,1.36,1.883809524,60.7,,35.08348202,,,2861.829661,1901.349776
1/05/1997,8334.889962,6235.603129,2099.286833,8.5464312,633.7349232,1237325.536,,,,,,,,,,,,,,0.774767707,,,,100.9625115,9825.3,,581396.8698,9399,8820,12565,8934,3631,214730,887517,,502.0975339,205.1030043,55.32098088,251.8924272,5.87,6.685909091,7.165909091,7.674545455,0.815909091,1.295909091,1.804545455,58,,35.3625938,,,2936.387303,1936.958431
1/06/1997,8336.139666,6220.835494,2115.304173,8.3307804,632.1694992,1241206.1,,,,,,,,,,,,,,0.768809722,,,,100.2424964,9793.3,,593865.3434,10918,9444,11698,7941,3757,268469,1024493,,505.453132,207.0539762,55.55461006,253.8800752,5.35,6.0185,6.5405,7.151,0.6685,1.1905,1.801,56.7,,35.62703037,,,2948.463848,1982.119154
1/07/1997,8346.983992,6240.96235,2106.021641,8.5878119,628.8669096,1235905.468,,,,,,,,,,,,,,0.828018621,,,,98.84010033,9877.8,,616763.325,9383,9426,11444,7725,3719,213503,1761002,,512.8215448,209.3543918,56.07791324,257.6417575,5.19,5.742608696,6.15173913,6.642608696,0.552608696,0.96173913,1.452608696,58.3,,35.54736945,,,2973.08845,1983.624117
1/08/1997,8333.519067,6222.438364,2111.080704,8.4637943,623.4381183,1236029.302,,,,,,,,,,,,,,0.803132898,,,,101.6872438,9894.7,,585418.0314,9602,9505,13603,8958,4645,227338,1214514,,518.1816794,211.6452341,56.33510541,260.707793,4.9,5.657619048,6.107619048,6.650952381,0.757619048,1.207619048,1.750952381,58.2,,35.99199892,,,3088.690042,2018.164313
1/09/1997,8395.709945,6266.109092,2129.600853,8.0663633,610.8553877,1243331.434,,,,,,,,,,,,,,0.809209124,,,,102.6571263,9970.5,,586680.667,9692,9517,12469,8541,3928,230951,1044584,,522.3816136,213.7531201,56.91237734,262.2276664,4.77,5.355,5.820909091,6.311363636,0.585,1.050909091,1.541363636,57.7,,36.43708057,,,3200.249292,2066.206208
1/10/1997,8388.915102,6256.711582,2132.20352,8.032023,633.6057837,1243448.138,,,,,,,,,,,,,,0.821363897,,,,102.7468601,9977.9,,595487.0866,9494,9575,12090,8704,3386,235050,1059690,,526.9903457,215.8321402,57.74257919,263.9989681,4.83,5.38,5.775652174,6.182173913,0.55,0.945652174,1.352173913,57.1,,36.31581753,,,3162.732892,2063.505797
1/11/1997,8447.489963,6288.779157,2158.710806,7.9856361,633.6498624,1250460.316,,,,,,,,,,,,,,0.78404635,,,,106.097111,10068.6,,598721.7255,9747,9732,12950,8777,4173,232480,1056141,,532.6612524,217.8316043,58.53297343,266.9370166,4.95,5.4075,5.72,6.031,0.4575,0.77,1.081,57,,37.33672267,,,3340.485295,2106.59097
1/12/1997,8432.736995,6270.748733,2161.988262,7.9094267,625.3184827,1252500.327,,,,,,,,,,,,,,0.750601037,,,,100.9159102,10072.2,,574780.6284,9565,10182,13046,8890,4156,254061,1173231,,537.797105,219.0167192,59.22604602,270.6527393,5.07,5.576666667,5.825714286,6.139047619,0.506666667,0.755714286,1.069047619,58.1,,38.06695281,,,3403.493909,2139.095481
1/01/1998,8440.17234,6292.765469,2147.406871,7.8638868,628.48832,1251605.115,,,,,,,,,,,,,,0.777243017,,,,101.7431055,10129.1,,583425.3235,9485,10284,13170,9005,4165,294228,1083526,,541.3146068,220.8374218,59.8093589,271.864956,4.99,5.2785,5.5055,5.806,0.2885,0.5155,0.816,61.9,,37.44620177,,,3464.935098,2180.541697
1/02/1998,8453.167604,6289.297499,2163.870105,7.771516,619.5870119,1249645.537,,,,,,,,,,,,,,0.762229982,,,,108.7275183,10077.1,,568687.1325,9489,10064,12678,9075,3603,256526,1120694,,544.2151599,222.7334027,60.35997359,272.0261543,4.97,5.273,5.533,5.887,0.303,0.563,0.917,60.6,,36.35144131,,,3511.867151,2204.451475
1/03/1998,8456.227579,6295.276801,2160.950778,7.8824344,618.0745535,1249875.493,,,,,,,,,,,,,,0.76385508,,,,101.9506309,10061.5,,558009.9786,9350,10582,13339,9059,4280,246781,1039153,,548.8229188,224.9258201,60.76758392,274.2580018,4.96,5.195454545,5.487727273,5.865,0.235454545,0.527727273,0.905,59.6,,36.30352285,,,3750.800329,2296.830202
1/04/1998,8488.625453,6313.179936,2175.445518,7.6028552,641.7554904,1254430.338,,,,,,,,,,,,,,0.780611409,,,,104.4260279,10119.4,,597420.3871,9658,10294,14236,9261,4975,288555,1322209,,553.4173193,227.203185,61.11451604,275.9869081,4.92,5.0605,5.315,5.685,0.1405,0.395,0.765,58,,36.98688615,,,3510.703257,2326.923849
1/05/1998,8486.659969,6281.173853,2205.486116,7.7638711,629.704855,1250614.021,,,,,,,,,,,,,,0.746423787,,,,103.6551016,10176.7,,609026.4407,9781,10505,13224,9231,3993,278449,1496362,,556.502144,229.7263423,61.63550987,276.4314645,4.96,5.087619048,5.311904762,5.639047619,0.127619048,0.351904762,0.679047619,57.5,,37.41793931,,,3789.174123,2353.123922
1/06/1998,8506.597965,6303.896816,2202.701149,7.8319017,631.0495753,1257086.099,,,,,,,,,,,,,,0.705042589,,,,93.95127557,10190,,606139.4588,9976,10931,14080,9529,4551,282076,1193985,,562.2565414,232.136493,62.09488166,280.1737665,5.32,5.302857143,5.406666667,5.576190476,-0.017142857,0.086666667,0.256190476,57.9,,37.87855809,,,3873.167588,2386.60977
1/07/1998,8518.897504,6329.909871,2188.987633,7.9734246,622.0812258,1254771.78,,,,,,,,,,,,,,0.724186122,,,,100.0394626,10313.2,,598670.9327,9762,10998,13865,9305,4560,265103,906016,,568.7502773,234.3069975,62.65636017,283.2379538,5.17,5.230434783,5.346086957,5.521304348,0.060434783,0.176086957,0.351304348,57.3,,36.66650037,,,3786.192641,2440.530203
1/08/1998,8531.067072,6336.612979,2194.454093,7.7541812,638.8660791,1251284.927,,,,,,,,,,,,,,0.711037049,,,,101.1898791,10318.5,,609002.3438,9979,10782,12694,8760,3934,230077,1232974,,572.0360739,236.1183999,63.43883051,284.1252309,5.19,5.35952381,5.48,5.638571429,0.16952381,0.29,0.448571429,53.4,,37.83032155,,,4064.038687,2484.073396
1/09/1998,8574.80829,6356.743975,2218.064315,7.6324531,613.3826665,1253974.527,,,,,,,,,,,,,,0.722425964,,,,100.3017701,10387.8,,611243.1907,9770,10949,12426,8789,3637,235237,1011644,,576.8426558,237.948292,64.17504787,286.3920141,5.03,4.986363636,5.13,5.345909091,-0.043636364,0.1,0.315909091,54.5,,37.44023399,,,3989.489407,2496.11922
1/10/1998,8585.44601,6351.721289,2233.724721,7.3126336,642.8063915,1261499.566,,,,,,,,,,,,,,0.708896977,,,,99.87350163,10473.6,,613273.7282,9800,10986,12372,8754,3618,226459,1003487,,581.4481104,239.8444183,64.77958925,288.5653662,4.83,4.42,4.628181818,4.965909091,-0.41,-0.201818182,0.135909091,54.2,,35.94237259,,,4192.997242,2560.6216
1/11/1998,8563.841772,6328.897487,2234.944284,7.6256687,623.68961,1261872.61,,,,,,,,,,,,,,0.72951782,,,,103.7436717,10435.2,,597221.7129,9510,10626,13212,8647,4565,247979,1206311,,586.6752962,242.3580014,65.39630934,290.5855213,4.88,4.64047619,4.826666667,5.130952381,-0.23952381,-0.053333333,0.250952381,55.6,,34.84382374,,,4340.393846,2555.568676
1/12/1998,8586.062246,6347.598907,2238.463339,7.182742,626.9199884,1261586.306,,,,,,,,,,,,,,0.726547557,,,,102.3549181,10372,,600510.6999,9724,10496,13120,8492,4628,247506,868640,,592.7373213,245.3288228,66.64053257,293.0527777,4.8,4.481428571,4.61047619,4.854761905,-0.318571429,-0.18952381,0.054761905,53,,34.96191071,,,4254.910945,2509.412335
1/01/1999,8586.194936,6364.109835,2222.085102,7.1179547,613.1033267,1258001.332,,,,,,,,,,,,,,0.754714933,,,,111.5769082,10768.4,,611673.9916,9464,10593,12399,8560,3839,241073,1117187,,598.890409,247.4449818,68.08788493,295.8002145,4.79,4.797894737,4.914736842,5.127894737,0.007894737,0.124736842,0.337894737,54.8,,34.56018637,,,4584.622936,2593.68271
1/02/1999,8594.219439,6361.747393,2232.472046,7.1142705,609.8743636,1265325.049,,,,,,,,,,,,,,0.740447511,,,,116.769161,10718.2,,609540.6347,9104,10622,13248,8676,4572,256425,1186125,,602.5437769,249.2924028,68.84591589,296.4983544,4.77,4.9475,5.0595,5.3,0.1775,0.2895,0.53,55.4,,33.72077298,,,4530.877346,2628.487332
1/03/1999,8620.90959,6379.666802,2241.242788,7.01183,611.8828941,1272674.336,,,,,,,,,,,,,,0.751587406,,,,113.451533,10800.1,,630158.1205,9409,10868,12854,9008,3846,241617,1181228,,608.3447767,251.9118714,69.73843215,299.0529516,4.81,5.096956522,5.240869565,5.526521739,0.286956522,0.430869565,0.716521739,56.1,,34.3385319,,,4673.580644,2577.197669
1/04/1999,8622.695857,6380.994062,2241.701796,6.9786095,630.6691252,1272525.348,,,,,,,,,,,,,,0.751203652,,,,115.2447681,10870,,608200.167,8956,10706,13550,9147,4403,236306,838691,,615.3838494,255.2202266,70.43778341,301.9417364,4.76,4.8795,5.0425,5.3575,0.1195,0.2825,0.5975,58.3,,33.22789037,,,4735.538727,2488.011594
1/05/1999,8610.718887,6361.485749,2249.233138,7.0241227,625.6946315,1271190.585,,,,,,,,,,,,,,0.768728111,,,,115.5642731,10898,,628425.877,9146,10617,13234,9690,3544,242533,945139,,618.0200147,257.4669532,71.14116522,301.9834417,4.86,5.389047619,5.575714286,5.875714286,0.529047619,0.715714286,1.015714286,58,,32.13545714,,,4899.218852,2602.005204
1/06/1999,8661.862307,6404.647216,2257.21509,6.6529861,641.7587316,1264569.925,,,,,,,,,,,,,,0.692940028,,,,111.1944219,10907.7,,620547.7375,9223,10587,13834,9662,4172,251591,1092306,,622.5602728,259.9698659,72.18503486,303.623423,4.93,5.584761905,5.835714286,6.206666667,0.654761905,0.905714286,1.276666667,58.4,,32.51588977,,,4802.989156,2629.650188
1/07/1999,8680.042,6423.949476,2256.092523,6.6742935,618.3881184,1274824.965,,,,,,,,,,,,,,0.819507222,,,,112.0697036,10890.1,,635899.487,9600,10737,14839,10140,4699,286943,1292025,,627.8378722,263.4352768,73.16568735,304.0377198,4.89,5.503636364,5.763181818,6.135909091,0.613636364,0.873181818,1.245909091,57.1,,32.65231917,,,5334.660565,2665.476997
1/08/1999,8687.978239,6437.934027,2250.044212,6.9049411,597.244257,1287665.586,,,,,,,,,,,,,,0.780487003,,,,109.2555217,11093.5,,642150.9347,9699,11057,15234,10160,5074,295813,1004170,,633.3830021,266.6854935,74.19907307,305.4785685,4.92,5.662727273,5.940909091,6.34,0.742727273,1.020909091,1.42,56,,34.13989125,,,5464.360381,2661.429242
1/09/1999,8701.381491,6444.397883,2256.983608,7.0403309,568.8405966,1285719.31,,,,,,,,,,,,,,0.751322423,,,,111.6542022,11194.9,,655690.0379,9823,11734,14793,10607,4186,275605,885233,,640.1433215,270.4716996,74.88780052,307.7900498,5.01,5.738636364,5.998181818,6.341363636,0.728636364,0.988181818,1.331363636,57,,34.29292075,,,5180.258204,2642.010452
1/10/1999,8741.504998,6468.315709,2273.189289,6.7754261,599.2190912,1300061.053,,,,,,,,,,,,,,0.748806068,,,,112.9804401,11166.7,,650977.8961,10522,11509,14937,10520,4417,284303,825570,,646.4483623,273.7552235,76.01893312,309.8150889,5.31,6.046666667,6.285714286,6.606666667,0.736666667,0.975714286,1.296666667,55.7,,34.7990849,,,5652.770959,2680.670792
1/11/1999,8751.861076,6473.448902,2278.412174,6.4389979,608.9864517,1300229.108,,,,,,,,,,,,,,0.738835243,,,,112.9265033,11248.6,,645647.4027,10365,11667,15426,11139,4287,289493,983779,,651.9371058,276.411938,76.86158552,311.6674451,5.44,6.108636364,6.311363636,6.556363636,0.668636364,0.871363636,1.116363636,55.3,,35.07883079,,,5577.037576,2698.391861
1/12/1999,8785.841742,6488.780996,2297.060746,6.6836258,598.3528786,1307841.792,,,,,,,,,,,,,,0.728286116,,,,105.8117455,11201.2,,601849.4201,10479,11476,15871,11968,3903,296914,951483,,658.6323218,280.6313602,77.56065974,314.0890331,5.65,6.261904762,6.488095238,6.737142857,0.611904762,0.838095238,1.087142857,56.4,,34.91140402,,,5591.50485,2719.642214
1/01/2000,8738.152455,6454.765606,2283.38685,6.7670269,597.7161795,1324134.779,,,,,,,,,,,,,,0.752556826,,,,109.6605266,11142.5,,616564.4134,10493,11797,16665,11433,5232,309825,906755,,665.6382184,285.0506196,78.64656363,315.7581318,5.66,6.796842105,6.994210526,7.177894737,1.136842105,1.334210526,1.517894737,56,,34.81107606,,,5726.296665,2656.7587
1/02/2000,8788.923373,6475.84747,2313.075903,6.6183117,606.4254515,1298481.438,,,,,,,,,,,,,,0.735878951,,,,102.1745497,11118.2,,666814.0866,11197,11965,16283,11224,5059,315256,918668,,674.5296994,288.9959142,79.28101337,319.7250159,5.8,6.761904762,6.89952381,6.957619048,0.961904762,1.09952381,1.157619048,54.5,,37.01148128,,,5973.979948,2742.127737
1/03/2000,8837.004711,6521.4697,2315.535011,6.5642676,542.9928753,1299821.11,,,,,,,,,,,,,,0.804935677,,,,102.8624358,11156.1,,658799.9729,11302,12011,14545,10633,3912,303075,1042426,,681.4671291,293.2930524,80.50893512,321.5106398,5.89,6.475217391,6.564782609,6.570434783,0.585217391,0.674782609,0.680434783,53.1,,37.79847168,,,5881.034141,2755.108072
1/04/2000,8873.858006,6534.791076,2339.06693,6.3755746,561.0736134,1296957.819,,,,,,,,,,,,,,0.747461534,,,,98.49247165,11163.7,,709886.2215,11279,11767,14248,10017,4231,314018,1381440,,687.9650155,296.8175028,81.61435758,323.1954818,6.04,6.261764706,6.297058824,6.264705882,0.221764706,0.257058824,0.224705882,52.5,,38.31521851,,,6067.239437,2806.200826
1/05/2000,8869.897814,6525.449856,2344.447958,6.4135715,607.2599134,1310609.921,,,,,,,,,,,,,,0.741745039,,,,94.83262646,11328.4,,680979.8626,11686,13251,13073,8586,4487,314096,1016613,,695.7897901,300.4503294,82.52720179,326.9291009,6.31,6.395217391,6.446956522,6.465652174,0.085217391,0.136956522,0.155652174,51.4,,40.0461078,,,6395.985906,2847.956215
1/06/2000,8909.956784,6589.290533,2320.66625,6.1146662,562.6411117,1334502.551,,,,,,,,,,,,,,0.549972738,,,,97.88444784,12241.6,,676498.8684,12079,13474,10971,7072,3899,257861,1023462,,703.2019903,304.0909669,83.80524885,329.8872016,6.23,6.03047619,6.102857143,6.172380952,-0.19952381,-0.127142857,-0.057619048,53.3,,39.76826321,,,6802.430123,3022.944857
1/07/2000,8992.090315,6624.580927,2367.509388,5.9532308,545.406028,1336901.398,,,,,,,,,,,,,,0.527516517,,,,108.9452771,10943.4,,686061.4585,12123,12926,9522,5957,3565,259307,1181013,,709.3145888,307.4576411,84.0022665,332.2470934,6.2,6.01047619,6.065238095,6.161904762,-0.18952381,-0.134761905,-0.038095238,52.7,,40.28781545,,,6516.68496,2927.251964
1/08/2000,8988.880939,6604.155096,2384.725844,6.0506025,623.938259,1322365.955,,,,,,,,,,,,,,0.551715184,,,,113.5528551,11518.8,,688116.7115,11908,13037,9210,6057,3153,246569,923095,,715.9849282,310.2945591,84.40246218,335.6021128,6.49,6.313913043,6.276086957,6.227391304,-0.176086957,-0.213913043,-0.262608696,52.2,,40.811768,,,6523.80648,2932.120205
1/09/2000,8985.351146,6628.408043,2356.943103,5.9622805,584.7291009,1324762.83,,,,,,,,,,,,,,0.483164425,,,,102.4455974,11736.2,,721448.7695,14056,12996,9189,6088,3101,221114,1010420,,720.4116197,312.8755859,84.83778776,336.9987423,6.57,6.229047619,6.178333333,6.136190476,-0.340952381,-0.391666667,-0.433809524,49.9,,43.16796033,,,6833.088553,2992.97565
1/10/2000,8960.432422,6588.653554,2371.778868,6.0089253,632.6099187,1310882.544,,,,,,,,,,,,,,0.503750943,,,,99.70550552,11627.1,,695878.0643,13121,13475,9355,6084,3271,274240,928821,,726.5952369,315.4169038,85.70924628,339.9705769,6.41,6.038181818,6.059772727,6.107954545,-0.371818182,-0.350227273,-0.302045455,48.2,,44.8587261,,,6918.482268,2957.400805
1/11/2000,8903.452089,6573.612993,2329.839096,6.2606963,640.8078348,1303299.036,,,,,,,,,,,,,,0.53492636,,,,96.20087144,11629.7,,732554.2213,13088,13547,10535,6563,3972,260639,983169,,730.8279248,318.2423152,87.33590357,339.6393814,6.33,5.898181818,5.933863636,5.989545455,-0.431818182,-0.396136364,-0.340454545,49.2,,44.84242157,,,6975.865185,3005.479728
1/12/2000,8944.450055,6568.117426,2376.332629,6.243106,625.3117781,1300198.733,,,,,,,,,,,,,,0.550644411,,,,99.20213156,11783.5,,736939.3242,12631,13017,10049,6278,3771,319609,1051698,,734.9249733,320.44963,88.60199635,340.99832,6.2,5.385263158,5.437105263,5.543157895,-0.814736842,-0.762894737,-0.656842105,51.6,,42.83775581,,,7207.840409,3059.589054
1/01/2001,8953.666996,6544.051311,2409.615684,6.1394844,632.5021544,1307082.252,,,,,,,,,,,,,,0.526948931,,,,99.83973399,11896,,730611.1588,12534,12726,10103,6452,3651,276258,1219108,,742.2505218,323.4725063,89.30398272,344.7922506,5.91,5.003571429,5.151666667,5.40547619,-0.906428571,-0.758333333,-0.50452381,51.1,,42.46386096,,,7164.871708,3032.171654
1/02/2001,8954.068776,6556.294336,2397.77444,6.5010509,630.1681447,1306534.996,,,,,,,,,,,,,,0.526551371,,,,102.6923176,12095.8,,701000.7118,13428,12468,9223,6522,2701,265417,894674,,751.3768794,327.0217733,90.19900955,349.2791155,5.59,4.91225,5.05475,5.32125,-0.67775,-0.53525,-0.26875,49.3,,44.26435531,,,7515.801165,3072.957787
1/03/2001,8963.899584,6576.785572,2387.114012,6.4579647,635.0750929,1301681.779,,,,,,,,,,,,,,0.52341678,,,,89.08604496,12176.4,,727823.5527,13265,13016,9623,6362,3261,305653,1351158,,755.0372708,330.4445052,90.74895949,349.2073446,5.14,4.640909091,4.801590909,5.130681818,-0.499090909,-0.338409091,-0.009318182,47.4,,46.03701744,,,7696.679738,3163.432649
1/04/2001,9014.760658,6558.073819,2456.686839,6.7815539,609.9813107,1303672.33,,,,,,,,,,,,,,0.509433504,,,,90.24259027,12250.2,,736584.722,13526,13235,10519,7266,3253,284505,1064501,,758.751163,333.9090487,91.49617849,348.4744625,4.86,4.938333333,5.161388889,5.577222222,0.078333333,0.301388889,0.717222222,49.2,,46.96620197,,,7686.482544,3138.203315
1/05/2001,9007.86725,6553.340442,2454.526808,6.89207,602.928299,1312120.174,,,,,,,,,,,,,,0.533426468,,,,95.00427488,12282.6,,711442.4364,13508,12974,12118,8237,3881,302432,1390942,,765.6945053,338.2698411,92.05420376,350.8308535,4.89,5.23326087,5.504782609,5.943478261,0.34326087,0.614782609,1.053478261,49.3,,46.50061169,,,7316.82089,3204.815891
1/06/2001,9004.476841,6520.368239,2484.108602,6.9323999,615.9790054,1303368.259,,,,,,,,,,,,,,0.526274123,,,,105.9802567,12365.7,,743001.963,13712,12970,12301,8734,3567,306619,984591,,770.2872049,342.1624741,92.7393508,350.8356808,4.97,5.36575,5.5855,5.89675,0.39575,0.6155,0.92675,49.7,,46.28207518,,,7669.237044,3167.314465
1/07/2001,9024.682705,6492.6258,2532.056905,6.8789215,631.0682257,1306994.747,,,,,,,,,,,,,,0.576927187,,,,108.2213418,12436.1,,732468.1881,13698,12727,12980,9548,3432,296506,1100851,,772.3527395,346.2801834,93.77653174,347.7507081,5.04,5.643863636,5.839318182,6.086363636,0.603863636,0.799318182,1.046363636,48.8,,46.52387307,,,7859.168193,3163.583221
1/08/2001,9046.833885,6510.897087,2535.936798,6.8801333,639.0744391,1303243.077,,,,,,,,,,,,,,0.561505155,,,,105.2063445,12442.8,,726332.0088,13234,12969,15090,10256,4834,319209,939122,,778.0244548,351.1525509,93.97354314,347.8855593,4.95,5.300869565,5.490434783,5.761521739,0.350869565,0.540434783,0.811521739,50.4,,45.5152759,,,7775.563541,3224.15951
1/09/2001,9026.63473,6507.329931,2519.304799,6.8407713,644.8510453,1307830.334,,,,,,,,,,,,,,0.57134164,,,,107.6373564,12462.2,,705295.3691,13370,12881,14796,10176,4620,324835,1204557,,783.2813811,355.7192184,94.05283468,348.5104799,4.55,4.75425,5.0785,5.57825,0.20425,0.5285,1.02825,47,,47.36712778,,,8002.370612,3269.993262
1/10/2001,9045.885289,6526.81666,2519.068629,7.1925137,642.5133771,1304858.337,,,,,,,,,,,,,,0.575801663,,,,99.48742139,12627,,649068.7979,13142,13310,14789,10013,4776,350305,1115841,,788.3170625,361.0583453,94.6482618,347.6284887,4.36,4.449130435,4.815,5.407608696,0.089130435,0.455,1.047608696,48.7,,45.40859233,,,7867.163923,3282.335669
1/11/2001,9077.963816,6529.936398,2548.027418,6.8824642,636.9298859,1309801.986,,,,,,,,,,,,,,0.576544326,,,,101.9726879,12704.7,,620817.431,12748,12750,14497,10461,4036,323213,1109862,,796.7388048,366.5961425,95.17616896,349.7098447,4.28,4.575454545,4.933409091,5.457727273,0.295454545,0.653409091,1.177727273,50.4,,44.48669524,,,8117.782931,3307.861978
1/12/2001,9064.937312,6538.66777,2526.269542,6.8605237,636.0734723,1313945.869,,,,,,,,,,,,,,0.597485855,,,,106.7711792,12850.6,,678229.2301,12681,12624,14342,10410,3932,315921,1250777,,801.2459024,371.9225973,96.15073768,348.4649619,4.25,4.963421053,5.327894737,5.816842105,0.713421053,1.077894737,1.566842105,50.2,,44.66723343,,,8482.769903,3258.294432
1/01/2002,9087.008692,6540.035933,2546.972759,6.9119416,642.3043586,1300490.141,,,,,,,,,,,,,,0.594972803,,,,110.0637772,13018.9,,663059.4,13028,13158,14261,10399,3862,348794,1053775,,807.9734915,378.7916747,96.52544987,347.7715025,4.26,5.07047619,5.411904762,5.858333333,0.81047619,1.151904762,1.598333333,50.2,,44.8940067,,,9976.167729,4797.260705
1/02/2002,9126.812446,6542.299585,2584.512861,6.5356084,642.1405375,1320535.886,,,,,,,,,,,,,,0.616770059,,,,113.6911239,12974.7,,686841.0937,13099,13406,13725,10488,3237,323612,1404848,,815.9755658,384.1135966,97.18346802,349.5878435,4.31,5.368,5.63175,5.94575,1.058,1.32175,1.63575,51.1,,45.01500006,,,10061.07962,4801.736756
1/03/2002,9132.163494,6566.338705,2565.824789,6.4295659,632.9777685,1331067.823,,,,,,,,,,,,,,0.600776405,,,,117.8353401,13069.4,,762306.2099,13106,13065,14666,10405,4261,335937,1070010,,823.1086945,389.2735318,98.30659985,350.8504628,4.46,5.74875,5.9975,6.309,1.28875,1.5375,1.849,52.2,,45.14639382,,,10278.81559,4921.630588
1/04/2002,9119.435743,6544.633216,2574.802527,6.3447328,625.7617481,1318298.07,,,,,,,,,,,,,,0.668294725,,,,111.5648746,13172.6,,661796.8292,13042,13114,15843,10308,5535,322791,1458311,,831.6608643,394.7991919,98.78113023,353.1238833,4.59,5.733,5.9635,6.294,1.143,1.3735,1.704,52.1,,44.44914914,,,10119.06007,4873.244247
1/05/2002,9135.03025,6590.043254,2544.986997,6.3716593,615.0711096,1324557.862,,,,,,,,,,,,,,0.661857192,,,,110.3070085,13381.9,,707864.7894,12908,13585,14743,10163,4580,392107,1174017,,837.4230418,399.3942746,100.0223825,353.632284,4.84,5.753478261,5.962826087,6.215217391,0.913478261,1.122826087,1.375217391,53.5,,43.12267192,,,10498.99697,4981.28985
1/06/2002,9160.699481,6544.888599,2615.810883,6.4952657,606.1577569,1317787.441,,,,,,,,,,,,,,0.651376324,,,,110.8352315,13272.4,,696559.5038,12849,13463,14504,10248,4256,353032,971144,,846.5199387,403.7543963,101.3525656,357.0538415,5.07,5.702368421,5.833157895,6.007631579,0.632368421,0.763157895,0.937631579,52.3,,41.91085985,,,10395.73677,5011.348465
1/07/2002,9167.445811,6573.007584,2594.438227,6.1787642,616.691435,1320646.042,,,,,,,,,,,,,,0.679307244,,,,109.3819281,13351.1,,691253.3329,13168,13672,14065,10056,4009,329750,994220,,855.8990962,410.9506905,101.4460898,359.1854918,4.98,5.425869565,5.616956522,5.859782609,0.445869565,0.636956522,0.879782609,50.9,,43.52731851,,,10617.12821,4942.277903
1/08/2002,9223.933537,6614.315999,2609.617539,6.3484188,619.1890039,1331598.975,,,,,,,,,,,,,,0.670861741,,,,105.6410879,13485.3,,711290.659,13117,13769,17769,10719,7050,437779,1428889,,863.4333284,416.6414998,102.6163616,359.4914371,4.96,5.191590909,5.390454545,5.648409091,0.231590909,0.430454545,0.688409091,51.3,,44.60043403,,,10685.65067,5130.823126
1/09/2002,9225.732847,6591.565244,2634.167603,6.3112629,612.6925429,1333798.575,,,,,,,,,,,,,,0.696764896,,,,106.6172669,13525.8,,691503.4439,12832,13643,14025,9664,4361,387160,1350348,,877.2095523,424.0613875,103.9801871,365.0723877,4.92,5.071904762,5.227857143,5.435714286,0.151904762,0.307857143,0.515714286,50.9,,45.24683218,,,10865.92994,5090.173135
1/10/2002,9234.548063,6593.417665,2641.130399,6.1274636,601.2378574,1326046.568,,,,,,,,,,,,,,0.699139622,,,,102.1687695,13474.3,,717871.5119,13238,14533,17946,9799,8147,342683,1359916,,880.5101115,428.9232557,104.3440411,363.2739314,4.9,5.100652174,5.316086957,5.659130435,0.200652174,0.416086957,0.759130435,51.8,,45.68137372,,,10989.79725,5198.046261
1/11/2002,9284.508334,6625.104648,2659.403687,6.1613001,582.2194722,1345446.803,,,,,,,,,,,,,,0.695221991,,,,105.5660869,13756.4,,698486.1375,13029,13991,13913,9287,4626,349218,1881712,,888.3783277,433.8667271,105.261319,365.2687621,4.84,4.877619048,5.10952381,5.49952381,0.037619048,0.26952381,0.65952381,52.2,,45.24498669,,,11062.20004,5360.727895
1/12/2002,9327.595778,6665.7685,2661.827277,6.1813533,609.4720431,1344717.141,,,,,,,,,,,,,,0.697373645,,,,105.5414396,13724.1,,696521.2018,13219,15453,14047,9396,4651,363366,1370780,,895.885974,440.4440294,105.5199768,366.3539197,4.83,4.732,4.99675,5.395,-0.098,0.16675,0.565,51.7,,45.45395843,,,11140.07003,5375.27918
1/01/2003,9381.340679,6688.595326,2692.745352,6.07995,649.777291,1354511.082,,,,,,,,,,,,,,0.678744966,,,,106.3541635,13742.8,,696047.071,13503,14491,14783,9422,5361,363801,1579893,,905.2459791,445.4342369,106.4462647,369.7443117,4.8,4.68,4.905952381,5.275,-0.12,0.105952381,0.475,53.2,,44.5851095,,,11264.89625,5415.167177
1/02/2003,9406.008803,6710.346235,2695.662568,5.9542565,682.4165232,1350527.59,,,,,,,,,,,,,,0.701357509,,,,100.6689086,13746.6,,695913.863,12933,14489,13817,9634,4183,407830,1538402,,914.8967677,451.412863,107.6829078,372.3014604,4.75,4.48875,4.742,5.16775,-0.26125,-0.008,0.41775,54.7,,44.49230775,,,11299.73473,5467.584451
1/03/2003,9359.577188,6665.482973,2694.094215,6.1305625,693.3031015,1350017.088,,,,,,,,,,,,,,0.706191392,,,,99.90480836,13844.2,,691530.5437,12707,14156,14762,9243,5519,419355,1429309,,928.5305267,458.3390897,108.9104179,378.1968478,4.76,4.578095238,4.842380952,5.271666667,-0.181904762,0.082380952,0.511666667,54.8,,43.02075718,,,11251.54534,5485.395545
1/04/2003,9357.756538,6656.900321,2700.856217,6.0289191,711.5147214,1349738.165,,,,,,,,,,,,,,0.688229203,,,,109.6131206,13995.3,,594133.545,11855,14045,14774,9799,4975,394327,1436161,,936.2367931,465.2141187,110.951871,377.0928959,4.79,4.703421053,4.957631579,5.346052632,-0.086578947,0.167631579,0.556052632,56.1,,41.35107839,,,11306.25725,5505.446251
1/05/2003,9375.400066,6679.610631,2695.789435,6.0681978,708.6214322,1344429.145,,,,,,,,,,,,,,0.717741195,,,,110.3333757,14092.6,,592650.3401,11768,13600,14504,9862,4642,397476,1461307,,945.4050987,472.3860465,112.5890667,377.9188257,4.78,4.552727273,4.743863636,5.028181818,-0.227272727,-0.036136364,0.248181818,57.7,,39.05617881,,,11446.51724,5543.57386
1/06/2003,9351.700604,6638.236323,2713.464281,6.0541584,710.1489294,1349694.088,,,,,,,,,,,,,,0.757317252,,,,114.2905041,14075.2,,614554.5178,11892,13883,14686,10849,3837,397039,1318160,,957.5321352,480.9031805,113.8786181,380.0590916,4.67,4.2715,4.493,4.80275,-0.3985,-0.177,0.13275,59.4,,38.33913196,,,11543.5785,5507.113437
1/07/2003,9343.572237,6664.40076,2679.171476,6.1268894,697.8643213,1351203.299,,,,,,,,,,,,,,0.749963727,,,,115.9477828,14304.5,,665978.22,11605,13636,15224,10474,4750,406978,1494754,,970.7222193,488.6568418,115.4211732,384.071974,4.72,4.643913043,4.894347826,5.232826087,-0.076086957,0.174347826,0.512826087,58.3,,38.683541,,,11793.89941,5566.278007
1/08/2003,9399.912017,6706.243565,2693.668452,5.8173075,692.6814718,1346607.881,,,,,,,,,,,,,,0.791677699,,,,112.6606696,14396.6,,697482.7339,12080,13671,14917,10135,4782,482413,1447487,,981.2224066,495.5957496,116.164121,386.2631728,4.82,4.976428571,5.222380952,5.524047619,0.156428571,0.402380952,0.704047619,57.3,,40.10936391,,,11919.05592,5622.259615
1/09/2003,9408.449506,6718.663668,2689.785837,5.7745527,706.4807777,1348407.83,,,,,,,,,,,,,,0.784435671,,,,114.4420277,14578.7,,730045.8219,12077,14008,16429,10486,5943,436031,1392061,,995.1759344,505.6680502,117.9695339,389.076335,4.91,5.134772727,5.314090909,5.512954545,0.224772727,0.404090909,0.602954545,59.1,,39.91853084,,,11964.48295,5659.766196
1/10/2003,9431.893128,6750.376042,2681.517086,5.7827108,716.9119993,1352897.058,,,,,,,,,,,,,,0.784689404,,,,117.3733371,14734,,730109.741,12001,13976,16804,10492,6312,464431,1626143,,1008.321353,514.804622,119.2379227,391.8733819,4.97,5.324347826,5.473913043,5.608695652,0.354347826,0.503913043,0.638695652,61,,39.25838537,,,12126.53155,5778.400367
1/11/2003,9428.929108,6763.95397,2664.975138,5.6604351,728.4844219,1359201.667,,,,,,,,,,,,,,0.783748532,,,,113.3960386,14916,,760566.2622,12072,13506,14850,10440,4410,416429,1064099,,1022.068086,523.5972583,119.8410671,396.1661476,5.31,5.73175,5.8275,5.874,0.42175,0.5175,0.564,62.1,,38.81172777,,,12157.04929,5883.242507
1/12/2003,9460.043337,6775.867797,2684.17554,5.6805793,715.2868006,1361263.953,,,,,,,,,,,,,,0.741693087,,,,111.2283205,14885.7,,760516.9925,11989,14226,15070,10726,4344,468632,1544163,,1034.958767,532.6550298,120.9715236,399.1901842,5.47,5.569285714,5.70547619,5.757380952,0.099285714,0.23547619,0.287380952,63.5,,38.42913629,,,12384.1183,5885.365322
1/01/2004,9461.981168,6805.083511,2656.897657,5.5299432,693.8441672,1362115.366,,,,,,,,,,,,,,0.754484945,,,,114.0704757,15029.5,,765084.4468,12230,14094,15042,10182,4860,406872,1393183,,1047.436766,541.0066101,122.173008,401.7064375,5.55,5.46225,5.634,5.7005,-0.08775,0.084,0.1505,64.5,,38.48436091,,,12393.13909,5954.355203
1/02/2004,9465.436459,6778.937678,2686.498781,5.6424073,691.6226575,1363953.661,,,,,,,,,,,,,,0.745821926,,,,118.9699752,15038.8,,785342.3363,11819,13835,14772,9862,4910,410065,1354132,,1055.736776,549.5845501,123.5681954,399.9916567,5.57,5.39675,5.55925,5.6205,-0.17325,-0.01075,0.0505,65.2,,38.40003124,,,12503.54305,6016.503352
1/03/2004,9498.655805,6819.059061,2679.596743,5.4369295,704.8418705,1365039.085,,,,,,,,,,,,,,0.754048829,,,,115.8832218,15149.2,,782527.1661,12113,14416,15449,10053,5396,414304,1408927,,1067.323974,558.9364766,124.8456156,401.1478121,5.51,5.129565217,5.304782609,5.415434783,-0.380434783,-0.205217391,-0.094565217,63.8,,40.56329907,,,12602.60098,5993.738708
1/04/2004,9508.58318,6814.372349,2694.210831,5.506671,679.7659101,1369970.479,,,,,,,,,,,,,,0.727698124,,,,116.8189837,15116,,800474.9397,12916,14638,15401,10160,5241,438991,1401135,,1078.177647,566.2497668,125.4781496,403.7164104,5.54,5.38125,5.58425,5.803,-0.15875,0.04425,0.263,62.1,,41.57695955,,,12847.34274,6116.309597
1/05/2004,9524.5313,6814.571465,2709.959835,5.3359662,708.5879197,1366841.849,,,,,,,,,,,,,,0.731348605,,,,115.8342538,15208.3,,809494.8801,13193,15086,15335,9464,5871,477562,1605949,,1090.59853,573.8415223,126.3911588,408.0023343,5.51,5.484285714,5.710238095,5.958095238,-0.025714286,0.200238095,0.448095238,61.1,,44.996246,,,12970.87043,6155.490015
1/06/2004,9529.167437,6832.13477,2697.032667,5.4627663,712.2939183,1373088.637,,,,,,,,,,,,,,0.718210582,,,,112.9056733,15366.9,,801904.0519,13904,15995,14662,9550,5112,449613,1480330,,1103.215907,580.6357576,127.2263906,412.702684,5.49,5.306190476,5.562380952,5.84547619,-0.183809524,0.072380952,0.35547619,59.1,,45.58306604,,,13163.57608,6444.31601
1/07/2004,9538.309103,6838.755901,2699.553203,5.5494288,703.6568375,1357275.326,,,,,,,,,,,,,,0.711925185,,,,119.3619822,15355.3,,823197.2146,13367,15870,14272,9070,5202,453248,1357141,,1114.742875,588.4488706,128.1595439,415.2241223,5.46,5.358181818,5.559772727,5.717727273,-0.101818182,0.099772727,0.257727273,60.2,,45.03996393,,,13129.86263,6325.61882
1/08/2004,9534.654732,6847.103335,2687.551397,5.5168508,702.032905,1373717.927,,,,,,,,,,,,,,0.722421679,,,,119.5132548,15347.6,,810774.2338,13658,15392,13864,9089,4775,499005,1741666,,1128.161006,594.7216566,130.0887879,420.2596709,5.44,5.298181818,5.464090909,5.583181818,-0.141818182,0.024090909,0.143181818,60.1,,46.43084211,,,13208.8917,6216.077756
1/09/2004,9591.51175,6860.872242,2730.639508,5.3698238,710.4017073,1380292.272,,,,,,,,,,,,,,0.723893544,,,,119.8486052,15613.8,,812900.1851,13795,15893,12970,8796,4174,402301,1556471,,1139.420283,603.404389,131.4072169,422.392091,5.42,5.187045455,5.309090909,5.412045455,-0.232954545,-0.110909091,-0.007954545,61,,47.41580433,,,13481.45209,6370.411992
1/10/2004,9645.421609,6910.645896,2734.775713,5.1220744,700.3255499,1386123.249,,,,,,,,,,,,,,0.723904397,,,,118.4440555,15458.5,,831555.3748,13709,15925,13058,8784,4274,420582,1624587,,1152.64355,610.6821877,133.2157727,426.936081,5.41,5.146190476,5.270238095,5.401428571,-0.263809524,-0.139761905,-0.008571429,62.5,,46.80313362,,,13234.74781,6413.643179
1/11/2004,9683.14081,6928.314857,2754.825953,5.1606619,698.9314966,1389191.415,,,,,,,,,,,,,,0.731605901,,,,119.6815047,15434.9,,838490.1136,13581,16106,12899,8954,3945,417208,1579041,,1163.252636,618.7978339,134.9681592,427.6956095,5.43,5.141818182,5.273863636,5.4,-0.288181818,-0.156136364,-0.03,63.6,,44.77116198,,,13265.80819,6408.6497
1/12/2004,9692.508312,6937.114958,2755.393354,5.0678235,703.047667,1397689.756,,,,,,,,,,,,,,0.736688997,,,,116.2995283,15428.9,,852502.2122,13489,16115,13768,8704,5064,457425,1424304,,1176.839011,627.2961522,136.9810611,431.212918,5.41,4.973571429,5.1,5.231904762,-0.436428571,-0.31,-0.178095238,63.2,,44.32142344,,,14147.49262,6470.696981
1/01/2005,9743.909781,6967.914341,2775.99544,5.0732275,699.1958091,1414864.381,,,,,,,,,,,,,,0.733109863,,,,122.0771366,15439.1,,877083.6468,14118,16155,14039,9394,4645,421374,1535317,,1188.976288,633.7311825,138.3335442,435.2866079,5.42,5.144210526,5.257105263,5.351842105,-0.275789474,-0.162894737,-0.068157895,63.5,,45.5244263,,,13642.6152,6539.791041
1/02/2005,9774.944629,7013.225525,2761.719104,5.0837416,702.2334779,1408419.999,,,,,,,,,,,,,,0.722461049,,,,123.1,15583.4,,859935.2092,13857,16114,13454,8754,4700,435595,1768215,,1201.046492,639.8786962,139.2858239,440.5108935,5.63,5.396,5.41,5.39775,-0.234,-0.22,-0.23225,64.4,,45.37689061,,,13798.56594,6584.146462
1/03/2005,9815.974843,7014.998246,2800.976598,5.1622753,702.7444093,1413319.973,,,,,,,,,,,,,,0.633371997,,,,103.976917,15539.1,,911426.994,13912,16269,13278,9032,4246,430473,1963076,,1212.742174,646.3498984,140.6053913,444.7028549,5.81,5.588809524,5.634285714,5.652619048,-0.221190476,-0.175714286,-0.157380952,63.8,,46.83761664,,,13874.51861,6750.294736
1/04/2005,9854.938821,7062.266481,2792.67234,5.1216005,710.2109155,1415208.524,,,,,,,,,,,,,,0.748731783,,,,105.8320759,15407,,847434.6654,15266,16561,13316,8842,4474,448562,1959103,,1226.559107,653.3946847,141.7942727,450.0390072,5.75,5.4095,5.4455,5.472,-0.3405,-0.3045,-0.278,64.1,,52.0548677,,,13973.45085,6908.695797
1/05/2005,9838.976309,7033.468619,2805.50769,5.0986026,701.264879,1416063.908,,,,,,,,,,,,,,0.669695127,,,,114.3978602,15591.3,,857966.5098,15288,16802,14965,9485,5480,443425,1615494,,1240.751434,660.0191021,142.5459188,457.3431192,5.68,5.227954545,5.247727273,5.287727273,-0.452045455,-0.432272727,-0.392272727,63.2,,51.86159067,,,13811.58225,6895.877272
1/06/2005,9885.164297,7087.47294,2797.691357,4.9495619,706.3992977,1425238.918,,,,,,,,,,,,,,0.706524559,,,,111.9399469,15732.3,,878415.8742,14960,16771,14529,9768,4761,456481,2007317,,1251.366477,665.7950472,144.3522043,460.3134142,5.66,5.145238095,5.138333333,5.14047619,-0.514761905,-0.521666667,-0.51952381,64.5,,53.32460682,,,14047.94605,6996.149061
1/07/2005,9900.532221,7078.714653,2821.817568,4.9710487,687.3548296,1419427.768,,,,,,,,,,,,,,0.695275539,,,,107.4958378,15705.6,,895251.2841,15689,16879,12886,9001,3885,456822,2142223,,1261.750909,671.0736137,145.4860915,464.0212911,5.65,5.180714286,5.193571429,5.190238095,-0.469285714,-0.456428571,-0.459761905,64.3,,55.61137619,,,14004.33685,7022.34611
1/08/2005,9943.794927,7096.61897,2847.175957,4.901185,688.8517266,1426169.094,,,,,,,,,,,,,,0.695018754,,,,115.8347289,15810.5,,882559.679,15270,16977,12236,8476,3760,419356,1724881,,1277.170413,677.1367657,147.0064066,472.0505058,5.62,5.143043478,5.171521739,5.218695652,-0.476956522,-0.448478261,-0.401304348,63.3,,56.55452799,,,14183.21866,7087.336528
1/09/2005,9928.435529,7083.28341,2845.152119,5.001367,696.8035308,1420678.268,,,,,,,,,,,,,,0.689449615,,,,98.92471397,15803.7,,895014.014,15193,17015,12294,8322,3972,406694,2097803,,1289.876287,683.9280021,148.3884606,477.7330646,5.62,5.114318182,5.147954545,5.186363636,-0.505681818,-0.472045455,-0.433636364,64.7,,56.97432179,,,14400.846,7236.707527
1/10/2005,9932.608231,7063.840295,2868.767936,5.0150976,698.5065179,1417888.485,,,,,,,,,,,,,,0.697942883,,,,98.17568761,15793.2,,873117.1861,15779,17183,12331,8526,3805,445732,1949638,,1302.938635,691.6111023,149.2687818,482.4724948,5.63,5.325714286,5.362142857,5.400238095,-0.304285714,-0.267857143,-0.229761905,63.9,,58.04192615,,,14602.62127,7305.264037
1/11/2005,9943.241662,7107.47554,2835.766122,4.9368335,710.7813155,1417939.636,,,,,,,,,,,,,,0.691283116,,,,105.8353302,15871.5,,847805.2284,16012,18115,12618,8838,3780,460576,2256661,,1317.608044,699.6504409,150.1106756,488.1293274,5.63,5.326818182,5.373636364,5.435227273,-0.303181818,-0.256363636,-0.194772727,63.7,,59.34783065,,,14818.80547,7301.618279
1/12/2005,9957.393239,7099.501613,2857.891627,5.0691186,700.0387667,1425878.63,,,,,,,,,,,,,,0.710791983,,,,102.4616108,15934.5,,879122.5248,17185,17795,12690,8853,3837,434375,2171835,,1334.216206,707.193211,150.5687029,497.0006807,5.63,5.3125,5.34275,5.3465,-0.3175,-0.28725,-0.2835,62.7,,60.71316956,,,14782.20992,7409.133104
1/01/2006,9955.501339,7134.57462,2820.926718,5.1625727,701.133196,1412192.279,211841.307,,,,,,,,,,,,,0.70726922,,,,106.2412913,16043.1,,895828.2696,16070,18309,12787,8994,3793,468927,1645832,,1349.943311,714.9300628,151.7513725,503.5328329,5.63,5.1735,5.1765,5.2035,-0.4565,-0.4535,-0.4265,63.4,,62.00197181,,,14754.90631,7445.18421
1/02/2006,9992.600915,7137.324219,2855.276696,5.1033088,699.7822168,1424809.464,216392.253,,,,,,,,,,,,,0.697184722,,,,107.9,16183.8,,885399.9372,17358,18062,12734,9100,3634,521705,2033589,,1365.915918,722.6021127,153.5052466,510.4580717,5.61,5.235,5.2385,5.272,-0.375,-0.3715,-0.338,62.6,,63.32224375,,,15258.47957,7614.71666
1/03/2006,10033.89141,7139.459263,2894.43215,4.8666465,688.5309095,1429996.855,220326.985,,,,,,,,,,,,,0.681991656,,,,111.5206089,16262.6,,884321.0982,16975,18247,13028,8875,4153,451097,2248029,,1381.378229,729.3363891,154.726914,518.2887503,5.61,5.297826087,5.297608696,5.341304348,-0.312173913,-0.312391304,-0.268695652,60.8,,64.72104431,,,15118.41942,7533.910122
1/04/2006,10041.25567,7159.152085,2882.103583,4.9653217,690.3884719,1424610.272,222145.651,,,,,,,,,,,,,0.675571899,,,,111.4407416,16457,,892456.3384,17646,18991,12596,9007,3589,453336,2330561,,1399.544592,737.6203886,155.7790847,526.6893257,5.69,5.536764706,5.55,5.579705882,-0.153235294,-0.14,-0.110294118,62.8,,67.20651441,,,15259.0847,7735.606463
1/05/2006,10069.23198,7183.261187,2885.970792,4.7973709,690.0668663,1447431.702,218762.244,,,,,,,,,,,,,0.664952055,,,,104.3079188,16519.7,,888080.2494,16964,19898,13409,9196,4213,481544,2298779,,1417.142774,747.5644761,156.8575865,533.7651914,5.87,5.712826087,5.730869565,5.75,-0.157173913,-0.139130435,-0.12,63.2,,67.42522858,,,15467.36708,7625.637087
1/06/2006,10108.93575,7208.878127,2900.057625,4.8076785,697.8311431,1442507.26,237195.961,,,,,,,,,,,,,0.592208329,,,,103.8364927,16645.5,,902823.8469,18421,19720,13456,8790,4666,607469,2684623,,1431.933046,756.8968325,158.3983962,537.6256933,5.96,5.752380952,5.748333333,5.737857143,-0.207619048,-0.211666667,-0.222142857,62.2,,67.41141573,,,15560.23905,7804.111686
1/07/2006,10161.11207,7245.893508,2915.218567,4.6558277,703.0362148,1451369.38,219849.25,,,,,,,,,,,,,0.938530715,,,,107.4411337,16676.6,,902962.129,18105,19171,14058,9130,4928,496625,2344237,,1452.532825,766.5224002,160.0665502,546.7491783,6.05,5.896666667,5.868809524,5.834047619,-0.153333333,-0.181190476,-0.215952381,63.9,,68.52375212,,,15694.77286,7879.495405
1/08/2006,10178.67725,7269.559146,2909.118102,4.7119892,705.6569023,1455357.108,226524.964,,,,,,,,,,,,,0.790492361,,,,90,16743.3,,887413.8602,18111,18948,12829,9102,3727,475649,1876062,,1464.81915,775.2212586,161.5447212,549.0181476,6.19,5.893043478,5.840217391,5.77326087,-0.296956522,-0.349782609,-0.41673913,63.7,,68.04135795,,,15794.36369,7914.930627
1/09/2006,10223.64057,7308.286179,2915.354386,4.6651764,706.9969282,1458529.751,219817.794,,,,,,,,,,,,,0.797734125,,,,101.2137249,16816,,919777.4042,17842,19324,13052,9297,3755,482048,2299804,,1480.81046,783.1181912,164.9486774,555.1721685,6.21,5.825,5.739047619,5.601666667,-0.385,-0.470952381,-0.608333333,62.6,,66.69573716,,,15832.02291,8002.544183
1/10/2006,10195.36937,7270.917552,2924.451814,4.4626585,681.1498199,1463196.664,238598.673,,,,,,,,,,,,,0.809046101,,,,105.2189314,16990.5,,919768.961,18351,20104,12353,8581,3772,494426,2262590,,1497.561956,790.2799892,165.0511985,565.0531568,6.28,5.933571429,5.829047619,5.665,-0.346428571,-0.450952381,-0.615,64,,67.18573254,,,15890.02526,8017.505045
1/11/2006,10229.49414,7301.75225,2927.741887,4.5144852,669.7255272,1456882.78,238399.912,,,,,,,,,,,,,0.807395891,,,,95,17001.5,,917315.3719,18290,19015,12734,9084,3650,488200,2381749,,1511.193694,796.8470223,166.2874525,570.7916154,6.37,5.931590909,5.795681818,5.599545455,-0.438409091,-0.574318182,-0.770454545,64.5,,66.38814129,,,15958.85863,8142.005944
1/12/2006,10282.26948,7342.131766,2940.137717,4.5673666,677.2381852,1475880.309,234407.107,,,,,,,,,,,,,0.801872864,,,,106.2,17049.6,,945899.8052,18230,19759,12552,9021,3531,466703,2457693,,1525.57159,803.8406074,167.7923126,576.9080413,6.39,5.967105263,5.868421053,5.696578947,-0.422894737,-0.521578947,-0.693421053,64.9,,66.22561821,,,16214.95687,8211.072198
1/01/2007,10275.90717,7357.834944,2918.072222,4.5545104,681.7172198,1443930.019,248841.441,,,,,,,,,,,,,0.828026686,,,,109.6,17236.7,,923632.8607,18574,19957,12622,8759,3863,480126,2643395,,1542.538584,811.1502435,169.8668312,584.5126124,6.43,6.106190476,6.047142857,5.877619048,-0.323809524,-0.382857143,-0.552380952,63.8,,64.92797394,,,16188.32192,8271.568945
1/02/2007,10307.49946,7381.444947,2926.054511,4.6345221,695.1999988,1471570.981,256602.43,,,,,,,,,,,,,0.833868038,,,,111.4,17440.4,,938383.0265,18766,20221,13736,8638,5098,493824,2484528,,1563.715484,819.1506866,171.3878853,596.6342654,6.37,6.01525,5.965,5.80925,-0.35475,-0.405,-0.56075,64.6,,66.61516632,,,16363.55506,8322.103477
1/03/2007,10336.54981,7419.013378,2917.536433,4.4592981,681.8541588,1482795.486,266279.194,,,,,,,,,,,,,0.852315946,,,,115.5,17664.6,,984333.0012,18268,20140,12391,8855,3536,490093,2700046,,1582.307147,827.6928323,172.9184016,605.5798563,6.43,6.039090909,5.949318182,5.736818182,-0.390909091,-0.480681818,-0.693181818,65.9,,67.00295514,,,16670.07118,8468.501257
1/04/2007,10365.83011,7417.11679,2948.713317,4.3857725,675.3372753,1484047.917,265757.902,,,,,,,,,,,,,0.855403449,,,,115.3052047,17542,,950048.2039,18651,20335,12960,9288,3672,463115,2316274,,1603.280642,834.9803548,173.9324961,617.9179779,6.48,6.185277778,6.108333333,5.909722222,-0.294722222,-0.371666667,-0.570277778,67,,66.41608906,,,16448.39986,8416.687398
1/05/2007,10401.7941,7475.966487,2925.827614,4.2635546,681.4177955,1490988.081,272832.712,,,,,,,,,,,,,0.893627919,,,,123.94,17543.6,,942961.3138,18673,20578,12735,8885,3850,494132,2364901,,1625.238388,843.9503987,176.509549,629.2641216,6.37,6.145217391,6.07173913,5.920869565,-0.224782609,-0.29826087,-0.449130435,67,,66.85164433,,,16840.75994,8563.601485
1/06/2007,10423.91788,7464.632128,2959.285749,4.3239447,680.7430811,1485131.417,268734.879,,,,,,,,,,,,,0.931181651,,,,121.4742394,17818,,967115.6987,18247,20709,13317,8847,4470,509653,2563732,,1654.568464,855.0950175,183.9189742,641.5426633,6.42,6.39125,6.336,6.20475,-0.02875,-0.084,-0.21525,68.9,,64.60188674,,,16870.85385,8732.872975
1/07/2007,10446.74117,7484.495527,2962.245639,4.2524085,683.7799326,1495763.057,281795.977,,,,,,,,,,,,,0.818320827,,,,120.7913249,17959.1,,936461.9493,18496,20394,13406,9070,4336,482865,2881335,,1671.725988,862.0744857,184.0175344,651.311048,6.47,6.377727273,6.304090909,6.149772727,-0.092272727,-0.165909091,-0.320227273,68.8,,63.36831065,,,17099.88918,8745.776288
1/08/2007,10483.9678,7512.698746,2971.269053,4.298886,684.4714104,1496274.193,280852.675,,,,,,,,,,,,,0.810181793,,,,111.0548821,18062.7,,971298.5932,18803,21266,13002,8984,4018,496486,2215460,,1693.016272,869.0287863,184.1524105,666.2680128,6.75,6.235909091,6.131590909,5.925909091,-0.514090909,-0.618409091,-0.824090909,66.2,,65.34246491,,,17220.06195,8923.882788
1/09/2007,10514.26224,7498.876157,3015.386087,4.212504,679.3216815,1484764.905,286665.247,,,,,,,,,,,,,0.817677083,,,,115.7192678,18259.2,,953429.4967,18009,21048,14026,9344,4682,550523,2820922,,1711.809027,876.322356,184.4203422,678.4350206,6.94,6.292631579,6.207368421,5.992105263,-0.647368421,-0.732631579,-0.947894737,70,,66.95578047,,,17333.42556,9079.469606
1/10/2007,10503.73167,7561.569929,2942.161738,4.3257561,675.9495032,1512144.86,283347.76,,,,,,,,,,,,,0.809987602,,,,115.3149841,18296.6,,971275.8825,17748,21128,14159,9231,4928,516797,3857025,,1729.245818,883.7690716,185.8464244,687.3103841,6.91,6.558043478,6.454782609,6.174347826,-0.351956522,-0.455217391,-0.735652174,72.2,,65.24904131,,,17500.11514,9155.246881
1/11/2007,10561.42118,7566.327131,2995.094048,4.4262858,668.732908,1515121.548,293683.707,,,,,,,,,,,,,0.795806027,,,,110.4919657,18401.2,,985868.9868,18887,21166,14663,9582,5081,523071,3305775,,1755.852931,891.5676888,188.9357829,703.3791825,7.15,6.570909091,6.361363636,6.025454545,-0.579090909,-0.788636364,-1.124545455,68.9,,66.31127959,,,17733.93361,9283.98017
1/12/2007,10582.09345,7582.482318,2999.611127,4.3077315,669.0736503,1508406.187,301509.252,,,,,,,,,,,,,0.800827739,,,,112.4607518,18473.1,,966776.6568,19342,21988,14287,9467,4820,492982,3015794,,1776.991655,898.9537777,190.7251131,715.8241613,7.29,6.659473684,6.463684211,6.207631579,-0.630526316,-0.826315789,-1.082368421,68.7,,68.25115037,,,17830.31131,9449.450183
1/01/2008,10614.41202,7577.118035,3037.293984,4.2199286,665.7637423,1509950.883,305966.748,,,,,,,,,,,,,0.775128199,,,,103.0971743,18434.4,,969497.2408,20086,22613,14339,9512,4827,551605,3737475,,1792.157387,906.2969908,190.2730167,723.4565228,7.18,6.580952381,6.342380952,6.076428571,-0.599047619,-0.837619048,-1.103571429,68.3,,69.33262843,,,18175.18661,9493.730131
1/02/2008,10648.31133,7634.041644,3014.269682,3.9795897,655.1947497,1523818.81,305456.119,,,,,,,,,,,,,0.750099721,,,,97.40404627,18408.2,,1025390.283,19189,22894,13698,9435,4263,575668,2885166,,1804.889552,913.6315121,190.9040527,728.4356067,7.69,6.745238095,6.500952381,6.29452381,-0.944761905,-1.189047619,-1.39547619,71.8,,70.56410822,,,17973.52533,9551.899221
1/03/2008,10669.37846,7623.90281,3045.475646,4.0566705,659.1000832,1523183.484,301934.375,,,,,,,,,,,,,0.672044003,,,,88.56753074,18473,,1022730.715,20532,23284,12491,8922,3569,503430,2888797,,1819.095969,920.2983714,190.4849254,736.6000258,7.9,6.206052632,6.100263158,6.085526316,-1.693947368,-1.799736842,-1.814473684,68.9,,73.7096958,,,17874.42658,9660.490499
1/04/2008,10708.05707,7636.313385,3071.743686,4.2652309,672.8935607,1528504.773,305782.698,,,,,,,,,,,,,0.788537672,,,,87.44174715,18498.9,,965326.9479,21933,23422,13677,9138,4539,518931,2964909,,1827.79268,926.4018019,190.2198667,738.5729496,7.84,6.250238095,6.186190476,6.17047619,-1.589761905,-1.653809524,-1.66952381,70.7,,78.99202346,,,18221.05769,9838.054726
1/05/2008,10680.31766,7633.87587,3046.441786,4.265177,663.0827988,1532387.778,300506.617,,,,,,,,,,,,,0.730639592,,,,89.75972607,18521.5,,1020503.064,22185,24350,13099,8944,4155,501061,3522032,,1837.407776,931.6550904,191.3387461,742.2530554,7.75,6.474772727,6.333636364,6.355,-1.275227273,-1.416363636,-1.395,72.8,,81.73322711,,,18336.31898,9978.401541
1/06/2008,10732.98331,7673.23137,3059.751936,4.2435264,650.4363646,1534446.567,301287.045,,,,,,,,,,,,,0.791130347,,,,84.72728541,18392.9,,1007294.712,22623,24498,13471,8813,4658,537510,3351931,,1848.412567,937.1574655,190.0052815,749.309637,7.81,6.84325,6.69025,6.58675,-0.96675,-1.11975,-1.22325,73.4,,86.49888115,,,18323.9587,9982.063624
1/07/2008,10751.18905,7747.654694,3003.53436,4.249349,656.8604912,1550391.969,288315.223,,,,,,,,,,,,,0.739297527,,,,79.00843593,18681.5,,1011101.023,23525,24705,13171,8461,4710,537446,3898940,,1857.541079,941.6650924,188.8165972,754.7573318,7.75,6.489347826,6.404347826,6.366521739,-1.260652174,-1.345652174,-1.383478261,72.2,,90.1276013,,,18487.86382,10188.94862
1/08/2008,10793.14101,7762.640676,3030.50033,4.0151645,643.2822985,1542758.145,273701.59,,,,,,,,,,,,,0.700712788,,,,86.16843193,18603.1,,993351.4581,24511,24737,12393,8265,4128,558242,3728964,,1867.523386,945.4031556,187.9884982,761.8709454,7.31,5.73525,5.774,5.8625,-1.57475,-1.536,-1.4475,67.7,,96.85837461,,,18391.9637,10274.94937
1/09/2008,10778.46964,7722.211544,3056.258096,4.2882856,670.2445297,1538735.596,259654.16,,,,,,,,,,,,,0.719218476,,,,92.20584297,18520.6,,941942.8981,25733,26080,11712,7862,3850,507268,3193984,,1882.643548,950.513837,188.2946108,772.2659623,7.27,5.478863636,5.536363636,5.645909091,-1.791136364,-1.733636364,-1.624090909,63.4,,104.3723174,,,18493.07517,10311.56609
1/10/2008,10787.06327,7702.510086,3084.553182,4.2896385,702.8660111,1537467.779,251058.086,,,,,,,,,,,,,0.672873402,,,,82.02896599,18704.6,,984690.0663,28109,25849,11521,7693,3828,460318,2084572,,1893.253124,954.549954,185.4581207,781.1512012,6.03,4.590227273,4.828409091,5.215227273,-1.439772727,-1.201590909,-0.814772727,54.7,,116.4663758,,,18623.3294,10405.15932
1/11/2008,10780.98441,7705.352851,3075.631555,4.4623864,711.4483985,1530786.295,235027.321,,,,,,,,,,,,,0.654225596,,,,85.53535542,18761.3,,981584.6261,27044,26456,10322,7284,3038,486923,2384726,,1901.583858,959.3257294,182.8224253,786.0479964,4.76,3.9625,4.27875,4.94075,-0.7975,-0.48125,0.18075,54.6,,113.8657546,,,18351.9618,10466.50245
1/12/2008,10788.9073,7665.206687,3123.70061,4.5693924,755.0631004,1528979.06,216562.673,,,,,,,,,,,,,0.637547696,,,,91.97054981,19530.6,,977814.8667,24933,25306,10203,7418,2785,505626,1756975,,1899.750359,964.9418561,181.108209,779.8155449,4.39,3.431190476,3.722142857,4.215714286,-0.958809524,-0.667857143,-0.174285714,55.6,,104.4669537,,,18079.81945,11019.99999
1/01/2009,10791.6135,7722.737317,3068.876181,4.9069998,787.4060981,1549951.756,196091.667,,,,,,,,,,,,,0.634698091,,,,89.92084397,19465.4,,995039.1412,24322,23674,9418,7317,2101,486772,2204047,,1908.499008,969.4816268,180.5656745,783.4709915,3.74,3.14575,3.49675,4.08575,-0.59425,-0.24325,0.34575,53.2,,99.98971468,,,18366.10199,10776.87785
1/02/2009,10803.72671,7662.780616,3140.946092,5.3039333,827.4441151,1514401.731,181986.912,,,,,,,,,,,,,0.64080966,,,,85.78677942,19212.1,,978842.6963,25576,23007,10712,7502,3210,475439,2444852,,1907.794026,973.5847208,178.8978793,780.4036398,3.16,3.08325,3.5895,4.253,-0.07675,0.4295,1.093,54.8,,100.8881509,,,18352.9121,10858.21915
1/03/2009,10770.20285,7619.439777,3150.763076,5.7105652,839.2784437,1513318.297,160407.08,,,,,,,,,,,,,0.657382049,,,,85.582567,19718.9,,981367.8288,25337,23016,10833,7789,3044,472158,2303723,,1907.151947,979.9979781,177.7629634,774.0255729,3.16,3.195454545,3.728636364,4.327727273,0.035454545,0.568636364,1.167727273,57.4,,92.98630196,,,18264.43438,11232.41874
1/04/2009,10793.83383,7665.941213,3127.892614,5.5124041,848.6900586,1517639.397,164561.776,,,,,,,,,,,,,0.690440786,,,,92.72817283,19744.2,,1030853.727,21530,21680,11491,8167,3324,487635,2146342,,1909.614014,985.4880593,176.99975,770.7894499,3.1,3.527,4.0455,4.512,0.427,0.9455,1.412,59.7,,80.0905041,,,18499.97138,11418.36813
1/05/2009,10772.85138,7617.070008,3155.781375,5.8104263,874.9325884,1505137.71,157622.133,,,,,,,,,,,,,0.680038854,,,,88.76901079,19940.4,,1019458.407,19903,20818,10852,8423,2429,458436,1863059,,1907.967178,991.1895435,176.3628446,763.1878111,3.13,3.91047619,4.474285714,5.004285714,0.78047619,1.344285714,1.874285714,63.3,,70.8619612,,,18463.39404,11694.99094
1/06/2009,10754.76729,7597.242046,3157.525244,5.8616775,857.3863847,1509359.191,171283.6,,,,,,,,,,,,,0.719617286,,,,100.055306,19833.1,,994638.129,19830,20938,12015,8979,3036,455630,3257140,,1909.74262,998.2838532,176.5715768,758.0756349,3.25,4.468571429,5.102142857,5.556666667,1.218571429,1.852142857,2.306666667,64.7,,70.20516827,,,18616.77978,11421.89787
1/07/2009,10799.15879,7596.84093,3202.317861,5.6704584,865.7967384,1503178.144,158399.342,,,,,,,,,,,,,0.713437664,,,,109.3943689,19592.9,,1003362.448,19767,21260,13218,9107,4111,516628,3300731,,1911.671777,1004.336489,176.6669324,753.414416,3.14,4.594130435,5.208043478,5.487826087,1.454130435,2.068043478,2.347826087,65.7,,68.94665375,,,18653.90071,11324.33656
1/08/2009,10789.30405,7571.372074,3217.931974,5.7143757,864.9491686,1504891.663,165289.494,,,,,,,,,,,,,0.763929044,,,,113.4294623,19659.6,,1042104.221,19246,20828,12798,9696,3102,565279,5773118,,1916.116827,1010.980602,177.5322758,750.1889449,3.3,4.99425,5.3915,5.53325,1.69425,2.0915,2.23325,66.3,,68.46201753,,,19070.32824,11597.45171
1/09/2009,10810.91651,7579.558292,3231.358214,5.6606517,870.6545938,1517796.05,166135.501,,,,,,,,,,,,,0.76575357,,,,119.329599,19648.6,,1051396.916,20325,22205,14064,9768,4296,587694,4957845,,1915.331044,1018.375194,177.927954,741.5982533,3.37,4.817954545,5.139545455,5.323636364,1.447954545,1.769545455,1.953636364,68.2,,68.2013328,,,19040.08989,11566.27419
1/10/2009,10820.39346,7582.252131,3238.141332,5.6228196,866.4375007,1510258.296,166272.85,,,,,,,,,,,,,0.77774501,,,,121.3536644,19755.6,,1062767.746,19954,21814,13628,10344,3284,616706,3356606,,1917.520077,1025.887737,178.5527239,735.5198211,3.78,5.138333333,5.35452381,5.450238095,1.358333333,1.57452381,1.670238095,70.7,,65.76943713,,,19216.53382,11753.82449
1/11/2009,10850.68313,7608.104878,3242.578256,5.5579774,873.2768294,1529907.784,169804.818,,,,,,,,,,,,,0.791688918,,,,118.3203803,20134.4,,1068233.102,19639,21603,14891,10293,4598,571735,5050122,,1916.965094,1032.683332,179.2515392,726.8869428,3.95,4.98952381,5.237619048,5.466666667,1.03952381,1.287619048,1.516666667,69.9,,67.20202364,,,19467.92089,11911.0879
1/12/2009,10887.04293,7616.569825,3270.473104,5.4903688,868.6327627,1531838.445,171119.348,,,,,,,,,,,,,0.796535828,,,,113.7711005,19990.8,,1081889.195,20293,22404,15317,10274,5043,590733,4086729,,1926.517244,1039.079534,180.6797301,728.6075354,4.129047619,4.827380952,5.15,5.473095238,0.698333333,1.020952381,1.344047619,69.7,,69.20595529,,,19608.62534,11892.81542
1/01/2010,10936.25978,7639.099588,3297.160195,5.2655915,871.1562829,1534053.146,183716.703,,,,,,,,,,,,,0.754853084,,,,120.1247394,20053.3,,1076252.117,21302,22384,14974,10203,4771,534463,2908945,,1933.443392,1045.296112,181.3464935,727.2534436,4.2025,4.9475,5.2725,5.5575,0.745,1.07,1.355,69.2,,70.5423644,,,19659.66448,11960.08942
1/02/2010,10919.23179,7622.05256,3297.179226,5.3007711,861.1614652,1537950.563,188511.15,,,,,,,,,,,,,0.773739162,,,,117.0439461,19892.4,,1093455.022,21397,22712,15418,10319,5099,532643,2253317,,1939.883492,1052.565416,181.6691997,726.9263645,4.16,4.76,5.12,5.4775,0.6,0.96,1.3175,69.5,,73.54149144,,,19456.75662,11922.53072
1/03/2010,10925.10998,7635.653907,3289.456074,5.4216928,842.5385984,1526455.901,176555.418,,,,,,,,,,,,,0.750312739,,,,117.2938191,19938.2,,1105109.014,21756,23488,17051,10360,6691,590151,2471398,,1947.808956,1060.698008,181.9231979,726.2825692,4.3275,5.045,5.34,5.62,0.7175,1.0125,1.2925,71.7,,73.21914257,,,19864.97813,12075.46579
1/04/2010,10936.72854,7677.499742,3259.228801,5.4975301,822.6290449,1538189.954,170281.273,,,,,,,,,,,,,0.732034447,,,,116.0787518,20161,,1089146.833,23711,23335,15856,9882,5974,608936,2104676,,1952.041506,1066.320684,182.6075663,723.6517044,4.545,5.2725,5.53,5.795,0.7275,0.985,1.25,72.5,,82.93145368,,,18748.66472,12093.2287
1/05/2010,10939.02073,7694.990802,3244.029925,5.2279025,806.8356659,1555764.378,186970.704,,,,,,,,,,,,,0.765905286,,,,107.9630539,20200.7,,1076288.125,24854,24070,14941,9578,5363,579740,2045976,,1961.412058,1072.840497,181.839909,725.9066582,4.805,4.9375,5.205,5.48,0.1325,0.4,0.675,67.5,,89.61445869,,,19816.432,12436.20861
1/06/2010,10992.50178,7712.658956,3279.842821,5.144394,815.2237712,1555200.424,184838.594,,,,,,,,,,,,,0.744411983,,,,101.8558398,20277.3,,1126570.032,26214,24357,14654,9320,5334,547183,2454838,,1966.949964,1078.363156,181.8108901,726.6873718,4.8875,4.705,4.9725,5.3275,-0.1825,0.085,0.44,67.3,,92.60814597,,,20144.2608,12506.41251
1/07/2010,11018.94562,7713.046217,3305.899405,5.2848879,822.885011,1549036.871,190909.115,,,,,,,,,,,,,0.743822372,,,,113.1156767,20386.2,,1141621.05,25525,24251,15391,9126,6265,570818,2032931,,1971.137059,1084.230395,182.2482217,724.3818592,4.84,4.585,4.7925,5.145,-0.255,-0.0475,0.305,69.4,,93.63336915,,,20056.01323,12683.40011
1/08/2010,11060.92106,7776.959013,3283.96205,5.0323223,837.2115783,1564031.357,192006.795,,,,,,,,,,,,,0.759564291,,,,119.173022,20442.8,,1130271.062,24627,23592,15047,8887,6160,574172,2280158,,1974.394403,1090.838982,182.0465766,720.6411672,4.7425,4.4975,4.6625,4.97,-0.245,-0.08,0.2275,69,,94.42672578,,,20096.10059,12528.73231
1/09/2010,11088.40481,7815.529799,3272.875007,5.053752,834.5304291,1563099.269,200858.151,,,,,,,,,,,,,0.742072561,,,,113.2248573,20428.4,,1154211.419,24516,23319,13865,8712,5153,607759,2850426,,1975.271118,1096.066875,182.9344973,715.584035,4.815,4.6975,4.8075,5.0025,-0.1175,-0.0075,0.1875,72.9,,91.34475455,,,20202.14908,12941.65039
1/10/2010,11104.63679,7793.013786,3311.623004,5.2841313,826.7445825,1570000.601,205221.603,,,,,,,,,,,,,0.758667737,,,,116.9790668,20239.6,,1145161.306,25048,23691,15313,8817,6496,636784,2428794,,1979.877418,1102.000222,182.9641901,714.1946868,4.81,4.9,4.9675,5.085,0.09,0.1575,0.275,72.7,,86.992899,,,20274.93565,13086.43345
1/11/2010,11163.00312,7857.889116,3305.114006,5.1086945,813.3441914,1572323.612,205305.38,,,,,,,,,,,,,0.778598649,,,,110.7288362,20371.9,,1138614.613,25028,23615,14102,8585,5517,564994,2422011,,1985.162652,1106.996751,183.5757041,713.7054106,5.015,5.115,5.21,5.3775,0.1,0.195,0.3625,73,,87.71534793,,,20412.72569,13099.65478
1/12/2010,11168.8847,7855.091716,3313.792983,4.8763137,816.4120343,1570407.105,210387.835,,,,,,,,,,,,,0.751086278,,,,110.9844054,20447.4,,1152002.721,24835,23757,15096,8636,6460,586799,2494879,,1991.205277,1113.713516,182.9619445,712.9196918,5.025,5.19,5.33,5.555,0.165,0.305,0.53,75.8,,90.62340443,,,20420.01696,13211.57128
1/01/2011,11199.0299,7863.055831,3335.974072,5.0035881,806.3919834,1583124.582,212764.324,,,,,,,,,,,,,0.766055422,,,,104.6481302,20434.5,,1173784.817,24534,23283,13127,8432,4695,523619,1932708,,1996.681695,1119.456756,183.061956,710.8943212,4.955,5.1025,5.275,5.52,0.1475,0.32,0.565,74,,94.16839536,,,20352.04297,13454.51393
1/02/2011,11174.55351,7895.591102,3278.962403,4.9752736,807.7534695,1580811.533,213143.513,,,,,,,,,,,,,0.746441234,,,,106.5932131,20635.3,,1160739.73,24031,24296,12881,8457,4424,560396,2854783,,2005.034856,1124.404544,183.1443303,715.3544539,4.9175,5.2,5.39,5.61,0.2825,0.4725,0.6925,75.5,,97.37527628,,,20548.76848,13722.74967
1/03/2011,11214.59199,7931.068153,3283.523833,4.9253297,819.7190739,1580758.276,215412.975,,,,,,,,,,,,,0.768048156,,,,104.05262,20513.7,,1111847.373,26491,24739,14209,8327,5882,573919,3897459,,2015.292383,1129.169702,183.7773766,720.4448339,4.92,5.005,5.2075,5.435,0.085,0.2875,0.515,76.3,,98.86457336,,,20763.54008,13669.68393
1/04/2011,11181.30515,7883.093194,3298.211954,4.9580694,826.5521318,1555648.913,213907.467,,,,,,,,,,,,,0.753811819,,,,105.3051348,20733.7,,1163213.752,26098,24571,13834,8275,5559,573827,2438775,,2015.600065,1133.621102,183.8396398,715.6985041,4.9,5.0925,5.2925,5.5125,0.1925,0.3925,0.6125,78.9,,100.3844246,,,20736.23772,13983.18254
1/05/2011,11173.0121,7836.919942,3336.092161,5.0115776,831.4764009,1575046.267,209122.919,,,,,,,,,,,,,0.750210753,,,,103.935479,20655,,1214080.668,26748,24988,12764,8134,4630,574449,2300074,,2021.364074,1138.947019,183.8766288,714.5262225,5.0025,5.01,5.1525,5.325,0.0075,0.15,0.3225,77.8,,102.1160917,,,20952.93002,13903.29201
1/06/2011,11205.56267,7907.414072,3298.148599,4.9168454,823.0255312,1583111.618,202840.875,,,,,,,,,,,,,0.757589786,,,,101.197625,20590.1,,1160553.222,26253,25312,12822,8192,4630,542046,2378644,,2018.263287,1143.702497,182.9985545,707.9094444,4.9925,4.7625,4.885,5.16,-0.23,-0.1075,0.1675,77.8,,103.3120944,,,20764.03751,14025.33232
1/07/2011,11209.71686,7884.248338,3325.468526,5.088296,804.380949,1583606.194,208551.334,,,,,,,,,,,,,0.773979152,,,,92.84814327,20777.8,,1196829.503,26599,25963,13093,7749,5344,561238,2545291,,2025.243393,1149.516345,182.6499102,709.2025025,4.955,4.5025,4.6575,5.02,-0.4525,-0.2975,0.065,78.4,,101.8129394,,,20934.08234,14202.55825
1/08/2011,11218.89162,7885.797527,3333.094088,5.2696671,799.4108629,1585337.179,202252.55,,,,,,,,,,,,,0.766951455,,,,89.60021645,20895.5,,1191617.477,28354,26432,14906,7923,6983,575708,2808000,,2030.560712,1154.553471,181.3484784,710.2657911,4.8575,3.8475,4.0175,4.4925,-1.01,-0.84,-0.365,76.5,,104.0659578,,,20927.49033,14198.94394
1/09/2011,11247.48189,7897.09579,3350.386102,5.2214526,810.923467,1582344.844,196219.559,,,,,,,,,,,,,0.745439583,,,,96.88648724,20887.8,,1179750.314,27662,26652,12301,7897,4404,561911,3081629,,2040.133629,1159.84828,181.6282079,714.5964846,4.81,3.6425,3.7875,4.2025,-1.1675,-1.0225,-0.6075,72.4,,104.2878276,,,21087.86617,14415.68937
1/10/2011,11249.63435,7916.605604,3333.028743,5.1875397,824.2834601,1594147.913,196285.396,,,,,,,,,,,,,0.768474798,,,,97.24751192,20967.5,,1207920.917,27849,26843,11351,7388,3963,569368,2807571,,2045.999999,1164.73553,181.4007929,715.6483245,4.725,3.7925,3.945,4.37,-0.9325,-0.78,-0.355,76.9,,101.1240767,,,21091.85652,14518.01658
1/11/2011,11252.66432,7882.726427,3369.937897,5.2305655,839.0483031,1586830.032,196544.621,,,,,,,,,,,,,0.761366828,,,,103.3521415,21007.5,,1203593.5,27770,27135,11847,7738,4109,573128,2136300,,2053.644783,1169.458732,181.5390689,718.3687389,4.6225,3.3825,3.5725,4.0825,-1.24,-1.05,-0.54,74.6,,96.48970964,,,21055.39555,14593.0297
1/12/2011,11231.1484,7915.982436,3315.165961,5.1967536,844.9447519,1588145.387,197879.211,,,,,,,,,,,,,0.785296672,,,,94.74610035,21039,,1187017.968,27527,26897,11727,7774,3953,578840,2559349,,2059.451422,1173.809089,181.2548064,719.8316141,4.5075,3.1275,3.335,3.825,-1.38,-1.1725,-0.6825,75.8,,93.22018857,,,21064.84438,14719.97869
1/01/2012,11303.94894,7961.430061,3342.518877,5.0477472,851.880542,1590810.57,189785.716,,,,,,,,,,,,,0.801058083,,,,97.06364557,20964.7,,1218904.8,25322,27746,11225,7941,3284,547268,5228381,,2064.459897,1179.046787,181.0279624,718.244945,4.41,3.24,3.3875,3.795,-1.17,-1.0225,-0.615,77.9,,90.42814121,,,21261.39979,14965.10602
1/02/2012,11269.63851,7948.688916,3320.949598,5.1980068,862.6612193,1587232.422,193765.699,,,,,,,,,,,,,0.805606419,,,,101.091868,21026.7,,1228310.617,24830,26215,11796,7473,4323,531411,2751283,,2072.455931,1184.028639,181.4084457,722.0500788,4.37,3.53,3.62,3.97,-0.84,-0.75,-0.4,79.2,,88.46579535,,,21464.77857,14969.44819
1/03/2012,11332.56921,7966.268552,3366.300663,5.1813362,864.6718538,1596278.653,192384.602,,,,,,,,,,,,,0.79969789,,,,96.07253288,21242.4,,1203657.726,25411,27567,11736,7659,4077,527348,2305553,,2082.455443,1188.68684,181.2746145,727.4602564,4.4425,3.6625,3.75,4.15,-0.78,-0.6925,-0.2925,76.9,,90.71206362,,,21308.7409,15205.79846
1/04/2012,11320.47604,7944.550638,3375.9254,4.9927847,869.4276918,1599114.267,187879.469,,,,,,,,,,,,,0.800184241,,,,94.54039439,21278.6,,1245290.132,26554,27597,10845,6875,3970,502886,2104273,,2090.692671,1193.080226,181.0296238,731.408169,4.2025,3.2425,3.3625,3.8575,-0.96,-0.84,-0.345,77,,90.39191342,,,21573.47535,15213.55654
1/05/2012,11364.57084,7988.028551,3376.542291,5.1973344,881.3757731,1606215.978,181535.357,,,,,,,,,,,,,0.788583999,,,,95.27739773,21453.4,,1199277.721,26802,27989,14210,7357,6853,524399,3725059,,2101.585077,1197.539773,181.4430025,736.0979467,3.655,2.5675,2.75,3.2775,-1.0875,-0.905,-0.3775,73.6,,91.83976752,,,21658.95094,15331.94206
1/06/2012,11338.84105,7959.367078,3379.473968,5.1632333,858.9367861,1578769.242,177314.733,,,,,,,,,,,,,0.796296937,,,,95.5648536,21710.1,,1279676.589,26731,27989,14875,7413,7462,541603,2914248,,2106.95954,1201.172833,180.8458183,739.3154159,3.4925,2.3275,2.4925,2.995,-1.165,-1,-0.4975,76.5,,89.54556777,,,21861.33158,15779.93312
1/07/2012,11348.78625,7966.659988,3382.126266,5.1770319,844.9967301,1589225.257,168885.278,,,,,,,,,,,,,0.819978967,,,,99.13147075,21575.4,,1236119.376,25921,27517,11756,7891,3865,553006,2777961,,2111.134232,1205.624112,180.5848773,739.1542759,3.545,2.3475,2.4675,2.8875,-1.1975,-1.0775,-0.6575,78.9,,86.30557005,,,21793.82165,15751.57476
1/08/2012,11361.01576,7979.092749,3381.923006,5.1553832,827.4343992,1588644.921,168534.697,,,,,,,,,,,,,0.79216127,,,,96.6159289,21598.2,,1236330.67,24935,27354,13415,7810,5605,547956,2773429,,2117.804405,1209.861905,179.8087463,741.8050104,3.6175,2.71,2.8175,3.1875,-0.9075,-0.8,-0.43,77,,82.59271176,,,21550.34697,16032.41946
1/09/2012,11392.15452,8025.486109,3366.668413,5.4878766,824.6272378,1598835.373,169361.989,,,,,,,,,,,,,0.825653254,,,,98.18906167,21685.2,,1256807.216,24601,26968,15221,8060,7161,657000,2474804,,2124.258286,1214.325388,180.3137184,743.4973602,3.49,2.5525,2.6625,3.0925,-0.9375,-0.8275,-0.3975,76.9,,78.63862769,,,21644.63395,16239.57637
1/10/2012,11391.72574,8038.551235,3353.174502,5.4107836,842.0402447,1587908.148,159082.626,,,,,,,,,,,,,0.819063346,,,,99.16225679,21620.8,,1260270.162,25096,27379,14276,7914,6362,587337,2959338,,2126.950632,1218.563709,180.641248,741.7031528,3.1625,2.49,2.615,3.0225,-0.6725,-0.5475,-0.14,76.5,,77.23439713,,,21837.72145,16176.2574
1/11/2012,11385.25871,8016.167447,3369.091258,5.2570552,846.1625232,1601109.597,154551.605,,,,,,,,,,,,,0.803672903,,,,104.2807991,21568.7,,1276460.968,25115,28217,13872,7877,5995,540059,2570004,,2129.20195,1223.136301,180.3486289,739.2906288,3.2425,2.625,2.735,3.0875,-0.6175,-0.5075,-0.155,77.2,,77.17622206,,,21861.36141,16337.79604
1/12/2012,11395.75028,8003.823894,3391.926389,5.4326936,846.0833203,1603384.175,150973.086,,,,,,,,,,,,,0.806345192,,,,100.0333339,21610,,1278821.056,25185,26919,13875,7902,5973,517906,2625757,,2137.167543,1226.981218,180.6551173,743.1540522,3.1125,2.6925,2.825,3.2275,-0.42,-0.2875,0.115,77.1,,77.59885803,,,21955.69039,16466.51917
1/01/2013,11461.50091,8062.466873,3399.034037,5.3892679,846.5292052,1601978.227,148726.304,,,,,,,,,,,,,0.81208413,,,,100.6234154,21736.6,,1254725.59,24818,26882,12755,7970,4785,548768,3303642,,2141.554873,1231.478331,180.5220772,741.8419962,3,2.7825,2.9375,3.3975,-0.2175,-0.0625,0.3975,77.7,,81.74013048,,,21996.68123,16517.17817
1/02/2013,11465.55606,8009.848476,3455.707587,5.4040159,855.287016,1603830.474,144810.539,,,,,,,,,,,,,0.830000483,,,,108.3259109,21988.3,,1264671.009,25454,27231,13677,8400,5277,686456,2730067,,2145.889548,1236.388374,180.9424155,741.730042,2.94,2.8175,3.02,3.4975,-0.1225,0.08,0.5575,77.4,,84.6325534,,,22250.7829,16730.28492
1/03/2013,11433.87571,7992.373001,3441.502713,5.6377668,875.7430043,1597126.351,151154.467,,,,,,,,,,,,,0.808667798,,,,110.5375776,21862.9,,1292780.175,26136,26885,13293,8081,5212,540789,3369754,,2151.664967,1241.336175,181.1625156,742.2838457,3.05,2.9375,3.1175,3.5125,-0.1125,0.0675,0.4625,79.1,,82.90007638,,,22302.36663,16822.39591
1/04/2013,11465.47384,8022.317499,3443.15634,5.5857288,875.9364187,1611462.579,139255.491,,,,,,,,,,,,,0.88352227,,,,104.924217,21879.2,,1282949.095,26007,27172,14980,8298,6682,542681,3632214,,2158.763245,1246.607783,181.1286047,744.0401221,3.02,2.75,2.9075,3.245,-0.27,-0.1125,0.225,78.4,,81.62974101,,,22454.16082,16908.27988
1/05/2013,11458.45983,8005.481846,3452.977979,5.6062429,905.2974909,1605804.661,142290.165,,,,,,,,,,,,,0.837244574,,,,97.59069922,22003.3,,1301994.794,27064,27772,14415,8515,5900,530176,3436227,,2166.939437,1251.639006,181.1945906,745.8184298,2.82,2.5675,2.7875,3.225,-0.2525,-0.0325,0.405,74,,82.91037417,,,22416.85154,17010.48951
1/06/2013,11470.6803,7993.566803,3477.113499,5.6961027,917.8080504,1605474.825,140189.585,,,,,,,,,,,,,0.833773181,,,,102.18253,21992.3,,1343714.612,26822,27427,13770,8451,5319,563573,2726223,,2174.172806,1256.673221,181.3285073,748.5809331,2.8,2.67,2.9625,3.54,-0.13,0.1625,0.74,71.4,,83.13096348,,,22423.26931,17166.85128
1/07/2013,11457.65204,7991.572076,3466.079965,5.6298065,896.191195,1615862.097,141699.45,,,,,,,,,,,,,0.829137986,,,,102.1330738,22039.6,,1314736.837,27051,28228,15274,8649,6625,535472,2857917,,2181.926707,1262.53811,181.3755803,750.41081,2.76,2.6925,3.09,3.75,-0.0675,0.33,0.99,69.4,,85.16249089,,,22693.69697,17254.60136
1/08/2013,11460.26037,7998.522029,3461.738343,5.8410736,922.2424137,1620360.363,140007.222,,,,,,,,,,,,,0.853187349,,,,105.68442,22204,,1354493.514,28066,29163,14901,8530,6371,547832,3090302,,2189.51119,1268.060262,181.2038826,752.2288151,2.6,2.69,3.14,3.86,0.09,0.54,1.26,69.2,,86.51827221,,,22851.36289,17636.25421
1/09/2013,11477.39022,8006.336289,3471.053933,5.7045923,906.4257434,1608174.569,139638.123,,,,,,,,,,,,,0.857725866,,,,110.6340156,22358.7,,1335559.555,28026,28346,18359,8849,9510,594925,2949003,,2194.542843,1273.909442,181.5555288,751.1422554,2.58,2.8975,3.33,3.995,0.3175,0.75,1.415,71.2,,85.32953321,,,23094.3042,17454.32045
1/10/2013,11471.68294,7965.48651,3506.196433,5.8238505,915.5733568,1605511.441,139981.791,,,,,,,,,,,,,0.866964587,,,,108.3232038,22431.6,,1345246.512,27773,28191,17648,8867,8781,545691,3683552,,2200.582958,1279.915023,181.4479619,751.3226502,2.58,2.95,3.3475,3.97,0.37,0.7675,1.39,72.1,,82.99499384,,,23036.41042,17575.94549
1/11/2013,11449.3771,7955.043072,3494.334025,5.7983131,907.6752707,1604825.008,140802.837,,,,,,,,,,,,,0.868553209,,,,110.3477292,22629.6,,1346588.324,27681,27967,17250,9377,7873,570241,3166134,,2208.783296,1286.439036,181.5619618,752.5325249,2.58,3.0325,3.46,4.125,0.4525,0.88,1.545,69.8,,83.94008845,,,23220.64186,17751.31303
1/12/2013,11417.80115,7907.728291,3510.072858,5.9008302,911.0828336,1605474.897,138254.066,,,,,,,,,,,,,0.867843711,,,,105.0274781,22879.8,,1361986.099,28893,28596,16968,9264,7704,549127,3468732,,2219.090406,1293.621743,181.8711828,755.086435,2.6,2.9625,3.4575,4.2425,0.3625,0.8575,1.6425,68.9,,88.10034019,,,23457.54639,18044.23853
1/01/2014,11454.05157,7936.953172,3517.098398,5.9394136,893.4358507,1598664.672,149165.698,,,,,,,,,,,,,0.855599315,,,,103.293379,23093,,1388401.682,29465,28542,17794,10440,7354,600034,3291251,,2227.641491,1300.924104,182.2021732,755.2272066,2.62,2.9075,3.41,4.1825,0.2875,0.79,1.5625,67.7,,88.22961743,,,23581.94002,18093.70315
1/02/2014,11476.23956,7956.473016,3519.766539,5.8924702,916.865919,1607022.215,147134.826,,,,,,,,,,,,,0.865363737,,,,100.1513405,23091.5,,1351479.238,29488,28559,16712,9842,6870,583808,3297196,,2237.056773,1307.661945,182.0335964,758.3581389,2.63,2.9525,3.405,4.12,0.3225,0.775,1.49,68.9,,86.42848988,,,23718.93527,18330.87259
1/03/2014,11530.63985,7987.820998,3542.818848,5.8716415,922.9889382,1614101.466,144825.15,,,,,,,,,,,,,0.914143444,,,,99.45773713,23100,,1323215.867,28953,28632,15979,9528,6451,606176,2933908,,2246.836846,1314.393225,181.8614805,761.4985879,2.65,2.965,3.41,4.1025,0.315,0.76,1.4525,71,,82.19922912,,,23995.89732,18474.63185
1/04/2014,11535.83892,8006.312291,3529.52663,5.8009306,937.4014112,1603264.167,144310.789,,,,,,,,,,,,,0.857767945,,,,99.73435622,23158.2,,1388484.655,28207,28561,16473,9918,6555,591062,1782515,,2257.769581,1322.219092,182.171658,764.37683,2.68,3,3.3925,4.03,0.32,0.7125,1.35,71.4,,78.59369943,,,23465.62656,18439.45947
1/05/2014,11513.91856,8023.334636,3490.583928,5.9261053,950.0757837,1611767.552,151508.091,,,,,,,,,,,,,0.869771892,,,,92.94283813,23109.2,,1412028.645,27024,28446,16786,9954,6832,583938,2612640,,2268.255736,1329.682004,181.9128271,766.6037957,2.69,2.86,3.2025,3.775,0.17,0.5125,1.085,71.5,,75.9486272,,,23688.058,18618.58305
1/06/2014,11529.4447,8000.653744,3528.79096,6.0495733,972.6657316,1618592.92,155646.313,,,,,,,,,,,,,0.881369446,,,,93.16857078,23225.2,,1373855.984,27064,28284,16617,9796,6821,585812,3828676,,2284.310205,1337.498869,182.628782,774.4488906,2.7,2.795,3.12,3.7025,0.095,0.42,1.0025,72,,72.81199993,,,23845.08786,18744.25766
1/07/2014,11546.44411,8030.87981,3515.564305,6.1850292,1021.526098,1616577.174,151666.58,,,,,,,,,,,,,0.880890413,,,,94.90543411,23397.9,,1401668.016,27458,28235,17107,9936,7171,596012,2467306,,2293.397874,1344.781824,182.9842769,776.1781834,2.65,2.6375,2.9375,3.4675,-0.0125,0.2875,0.8175,71.5,,71.62661461,,,23882.91991,18931.88015
1/08/2014,11549.39158,8017.013375,3532.378207,6.1021386,1031.498298,1616962.834,156868.686,,,,,,,,,,,,,0.895892627,,,,98.46874223,23436.2,,1390140.231,27069,28093,18603,9878,8725,648740,2516107,,2301.767614,1351.966049,183.2230651,776.8429685,2.63,2.655,2.925,3.41,0.025,0.295,0.78,71.9,,70.86699922,,,24184.0836,19092.17663
1/09/2014,11549.90229,8013.427227,3536.475065,6.2265407,1086.961719,1612380.826,154630.757,,,,,,,,,,,,,0.915474759,,,,93.97130197,23699.4,,1395856.361,26782,29088,16410,9682,6728,639393,2444422,,2312.747873,1359.927214,183.5682328,779.5223634,2.66,2.7975,3.045,3.545,0.1375,0.385,0.885,68.9,,70.86449567,,,24151.55245,19127.82155
1/10/2014,11544.37681,8014.317683,3530.059132,6.3586916,1011.605899,1612534.013,156790.297,,,,,,,,,,,,,0.883701141,,,,94.81188243,23769.6,,1408723.075,27612,28543,18194,9990,8204,595529,2277859,,2326.028402,1368.165045,183.951961,784.4698309,2.72,2.6075,2.845,3.3175,-0.1125,0.125,0.5975,69.4,,70.31171359,,,24264.72479,19408.57045
1/11/2014,11544.24427,7984.898343,3559.345932,6.3010511,1065.145588,1613655.96,152215.339,,,,,,,,,,,,,0.90681378,,,,96.57285164,23779.3,,1410327.104,27322,29121,20099,9961,10138,597175,2748693,,2337.611689,1376.362185,183.9332761,787.3946173,2.75,2.5525,2.7675,3.2575,-0.1975,0.0175,0.5075,68.2,,69.93467958,,,24363.91457,19512.26214
1/12/2014,11596.63198,8027.896416,3568.735564,6.1056882,1042.47081,1601275.585,148885.171,,,,,,,,,,,,,0.859771866,,,,91.0622386,23840.4,,1401360.526,27586,28574,20326,9915,10411,586727,2829525,,2348.998753,1384.519702,183.8459856,790.3184963,2.75,2.275,2.435,2.955,-0.475,-0.315,0.205,66.5,,70.27559865,,,24274.57063,19421.56696
1/01/2015,11606.12935,8027.246983,3578.882369,6.3434462,1056.031454,1630298.831,156179.31,,,,,,,,,,,,,0.908206703,,,,93.23243,23971.6,,1423073.803,27651,29098,19922,10106,9816,624072,3908608,,2363.555754,1392.492295,183.9519402,796.424508,2.7,2.1075,2.2075,2.6375,-0.5925,-0.4925,-0.0625,63.9,,71.28721714,,,24423.49054,19470.22436
1/02/2015,11671.37379,8064.489759,3606.884034,6.149205,1058.096727,1628294.506,154536.362,,,,,,,,,,,,,0.90163182,,,,100.7251532,24142.4,,1443239.356,28135,30147,19462,9886,9576,596503,2416392,,2375.157477,1400.057838,183.7187648,800.5334939,2.36,1.88,2.0125,2.5025,-0.48,-0.3475,0.1425,64.1,,70.61155779,,,24334.57479,19670.12704
1/03/2015,11691.92014,8099.938942,3591.981199,6.0990853,1014.901471,1636616.818,157931.064,,,,,,,,,,,,,0.937134793,,,,99.47157231,24135.5,,1439217.383,27592,29799,20778,9780,10998,606787,2594521,,2387.032325,1409.032209,184.3076564,802.9204897,2.3,1.8325,1.9775,2.4825,-0.4675,-0.3225,0.1825,63.3,,67.39043456,,,25852.62264,20351.58181
1/04/2015,11689.79307,8084.319267,3605.4738,6.1087231,1036.165831,1638278.587,158763.872,,,,,,,,,,,,,0.933021548,,,,96.24892932,24181.2,,1429736.019,25638,29569,19075,9736,9339,652902,2293072,,2394.803831,1417.193553,184.0589397,802.6840779,2.25,1.8025,1.9475,2.41,-0.4475,-0.3025,0.16,65.3,,63.67282903,,,24688.51742,20024.48969
1/05/2015,11734.37318,8109.098244,3625.274931,5.9282148,1045.631038,1636552.723,151205.49,,,,,,,,,,,,,0.912360821,,,,102.369314,24238.2,,1446524.36,26066,29309,20885,9689,11196,727453,2608005,,2408.886713,1425.875734,184.0733711,807.4656288,2.15,2.0675,2.27,2.88,-0.0825,0.12,0.73,63.7,,62.95603351,,,25053.92921,20336.73749
1/06/2015,11728.73251,8108.480483,3620.252029,6.0076512,1045.893754,1634064.018,151461.432,,,,,,,,,,,,,0.887194079,,,,95.32028037,24386.3,,1440454.995,26737,30569,19387,10031,9356,664709,2767683,,2420.430565,1434.986308,184.2677209,809.2309075,2.15,2.03,2.2875,2.975,-0.12,0.1375,0.825,63.8,,64.86357425,,,25246.24355,20376.6698
1/07/2015,11761.54569,8131.905739,3629.639949,6.2871884,1083.839445,1640512.845,156744.92,,,,,,,,,,,,,0.902953171,,,,92.24765575,24462.6,,1445033.632,27394,29895,19825,9908,9917,641139,2984807,,2434.690509,1443.726336,184.1705788,815.1708598,2.14,1.9475,2.2025,2.9025,-0.1925,0.0625,0.7625,61.4,,64.11858154,,,24923.40903,20573.30252
1/08/2015,11772.52136,8120.948142,3651.573217,6.0935624,1058.33345,1638109.04,154602.209,,,,,,,,,,,,,0.941154711,,,,99.45778031,24560.1,,1468862.98,27437,30390,19404,10188,9216,609976,2976039,,2449.221542,1452.836057,184.2738318,820.2613621,2.14,1.88,2.1,2.715,-0.26,-0.04,0.575,60.9,,64.33466863,,,25518.13803,20742.91312
1/09/2015,11787.65174,8145.719432,3641.932305,6.1627469,1103.771028,1649219.659,164028.72,,,,,,,,,,,,,0.900121965,,,,93.86809392,24652.4,,1478358.645,28112,31132,20402,9924,10478,680355,2899160,,2466.798766,1461.431896,184.2891453,829.1438568,2.17,1.855,2.1025,2.695,-0.315,-0.0675,0.525,59.9,,66.38001996,,,25390.84458,20844.81113
1/10/2015,11863.79638,8176.632028,3687.164351,5.9128345,1098.798603,1656531.956,159613.108,,,,,,,,,,,,,0.8686301,,,,97.82285266,24756.8,,1483889.676,27436,30963,21594,9825,11769,641452,2874713,,2482.420663,1469.815914,183.819264,837.0228946,2.15,1.835,2.0725,2.6225,-0.315,-0.0775,0.4725,60.3,,63.81689281,,,25394.66972,20895.93763
1/11/2015,11896.65305,8194.113383,3702.539664,5.8572402,1083.745088,1654221.537,164770.605,,,,,,,,,,,,,0.899029024,,,,101.6557079,24835.5,,1501950.608,26771,30341,18628,9731,8897,634509,3357699,,2492.152778,1478.947184,183.878873,837.0374319,2.22,2.0575,2.2775,2.8525,-0.1625,0.0575,0.6325,61.8,,60.68168269,,,25465.6088,21025.02517
1/12/2015,11904.32349,8219.052225,3685.271266,5.7427603,1067.341122,1651294.442,164075.986,,,,,,,,,,,,,0.879639187,,,,100.8404579,24897,,1523402.529,25475,29753,20249,10375,9874,644509,3135012,,2504.631385,1486.891485,183.8158784,841.3301273,2.34,2.095,2.285,2.845,-0.245,-0.055,0.505,62.7,,57.15469411,,,25513.05422,21499.0738
1/01/2016,11907.19247,8184.891478,3722.300995,6.0309949,1079.746244,1661373.696,163003.184,,,,,,,,,,,,,0.874684923,,,,97.27799,24988.8,,1531192.549,25150,28804,18902,9870,9032,617524,3021776,,2516.752201,1494.20926,183.6509155,846.0779598,2.3,1.9425,2.1475,2.725,-0.3575,-0.1525,0.425,61.5,,57.63993343,,,25585.78295,21378.23826
1/02/2016,11922.71064,8206.640995,3716.069647,5.6924988,1056.59091,1663660.641,160954.922,,,,,,,,,,,,,0.869224994,,,,101.3228811,24984.3,,1595995.711,25561,28994,19582,9915,9667,658345,2897144,,2531.839467,1502.153885,183.4640054,853.0977181,2.28,1.7925,1.99,2.475,-0.4875,-0.29,0.195,61.4,,58.5883537,,,25724.78244,21387.95116
1/03/2016,11940.25307,8188.049106,3752.203966,5.6475976,1061.561261,1655594.46,162915.85,,,,,,,,,,,,,0.804564519,,,,99.11843767,25111.4,,1542478.031,26238,29096,20696,10334,10362,611481,2724368,,2540.595271,1508.684205,183.4330534,855.4170743,2.31,1.9525,2.135,2.5675,-0.3575,-0.175,0.2575,64.4,,59.040123,,,25703.33542,21690.24818
1/04/2016,11945.54528,8174.166373,3771.378904,5.6418752,1091.32651,1632032.711,165152.402,,,,,,,,,,,,,0.957086935,,,,95.14251109,25084.8,,1553227.522,26446,28217,20757,10128,10629,794359,3425820,,2553.557559,1515.722392,183.4192427,861.5588156,2.26,1.9175,2.0925,2.515,-0.3425,-0.1675,0.255,63.8,,59.21947487,,,25804.92961,21897.01997
1/05/2016,11942.47804,8171.244909,3771.233127,5.7188259,1054.151393,1664472.005,166040.631,,,,,,,,,,,,,0.878529187,,,,103.1841272,25038.9,,1538448.492,26711,28650,20291,10201,10090,690002,3009436,,2564.619349,1523.617997,183.3327732,864.4218835,2,1.6275,1.8325,2.32,-0.3725,-0.1675,0.32,61.7,,61.23243474,,,25869.91286,21891.73848
1/06/2016,11965.32145,8210.202162,3755.119288,5.6940294,1113.211128,1657315.04,173351.249,,,,,,,,,,,,,0.871933746,,,,102.1651714,25152.6,,1553867.586,26270,29476,18712,9820,8892,641807,3762523,,2571.554524,1531.373716,183.1034577,863.069293,1.99,1.5775,1.72,2.1175,-0.4125,-0.27,0.1275,62.5,,60.18108186,,,25838.08055,22047.12314
1/07/2016,11996.43061,8175.278579,3821.152028,5.7077217,1146.92467,1662265.039,164587.542,,,,,,,,,,,,,0.852221725,,,,99.10488773,25143.6,,1608269.076,27711,29181,21506,9730,11776,647314,3485563,,2582.874761,1539.057299,182.7915422,867.3954427,1.93,1.5225,1.615,1.9275,-0.4075,-0.315,-0.0025,63.3,,61.05426766,,,25774.18917,22054.08248
1/08/2016,11973.53759,8173.469002,3800.068588,5.6161763,1118.098898,1664612.313,165251.165,,,,,,,,,,,,,0.848999904,,,,101.0446722,25336.8,,1565834.551,27720,29596,22004,9829,12175,630093,3101481,,2591.861655,1547.050645,182.8137176,868.144421,1.76,1.4075,1.5375,1.875,-0.3525,-0.2225,0.115,63.2,,62.69562391,,,25964.44652,22356.87684
1/09/2016,11958.67552,8114.40279,3844.272728,5.6468792,1105.615352,1660456.949,163192.22,,,,,,,,,,,,,0.831239572,,,,101.3579097,25583.2,,1607820.496,28370,29104,19320,9916,9404,610594,5554826,,2601.857285,1555.439536,182.5704317,869.8103263,1.73,1.56,1.695,1.985,-0.17,-0.035,0.255,63.9,,64.29513683,,,26170.89624,22548.95135
1/10/2016,11990.67392,8164.023437,3826.650478,5.5745006,1084.207485,1665469.032,163397.026,,,,,,,,,,,,,0.86931245,,,,102.4233569,25575.8,,1589725.894,29129,30160,16556,9691,6865,661330,3066348,,2615.2764,1563.988984,182.5774895,874.9918779,1.74,1.6925,1.8325,2.2,-0.0475,0.0925,0.46,65,,67.25804269,,,26507.16609,22537.44796
1/11/2016,12013.76203,8199.79173,3813.970301,5.765401,1083.168762,1667882.741,162066.205,,,,,,,,,,,,,0.846712737,,,,101.2681836,25646.2,,1594264.192,32009,29839,18322,9775,8547,630723,3038594,,2627.898585,1572.429201,182.4626401,878.8122108,1.76,1.795,2.015,2.505,0.035,0.255,0.745,65.3,,76.61508521,,,26593.32682,22835.0758
1/12/2016,12033.78877,8213.37098,3820.417792,5.8313324,1098.996253,1674521.563,162891.178,,,,,,,,,,,,,0.843562317,,,,97.33508451,25673.4,,1627215.141,34385,30294,18352,9507,8845,740024,3216550,,2645.650246,1580.939658,182.1993701,888.1289046,1.78,1.965,2.24,2.7925,0.185,0.46,1.0125,63.9,,81.80208885,,,26642.40686,23010.78121
1/01/2017,12050.45241,8156.875101,3893.577308,5.6923717,1123.311203,1695632.658,162026.011,,,,,,,,,,,,,0.826322923,,,,97.42471,25738.4,,1632714.87,32398,31522,17069,9300,7769,626883,2871227,,2651.732569,1589.426594,181.978062,885.3933426,1.78,1.95,2.21,2.7275,0.17,0.43,0.9475,65.8,,81.91117296,,,26966.24003,23362.91804
1/02/2017,12051.50363,8200.938533,3850.565102,5.8478433,1153.631865,1663299.067,165831.625,,,,,,,,,,,,,0.872619765,,,,99.6362229,25663.9,,1639936.927,32544,30079,18686,9599,9087,669560,3610294,,2659.407516,1597.542061,181.8388078,884.8035557,1.78,1.9375,2.2175,2.75,0.1575,0.4375,0.97,66.7,,81.44526541,,,26833.38921,23417.1278
1/03/2017,12115.9646,8277.381613,3838.582992,5.8476396,1107.608568,1679769.989,164868.579,,,,,,,,,,,,,0.864486416,,,,99.71078479,25666,,1582458.073,32976,31375,16525,9410,7115,731804,3654553,,2667.469869,1606.417157,181.5302425,884.1781961,1.79,1.985,2.2925,2.81,0.195,0.5025,1.02,66.2,,80.59657216,,,26718.39955,23383.30122
1/04/2017,12167.48657,8274.564232,3892.922341,5.6127226,1128.886278,1664653.228,171369.502,,,,,,,,,,,,,0.854495973,,,,99.03647497,25877.6,,1712502.769,30983,31034,18207,9629,8578,592069,4507481,,2677.947224,1614.212117,181.5893855,886.9605787,1.77,1.8,2.0875,2.56,0.03,0.3175,0.79,64.5,,77.79970731,,,26998.62675,23586.55109
1/05/2017,12191.06322,8333.639209,3857.424013,5.5421273,1120.861251,1713477.478,173314.85,,,,,,,,,,,,,0.874047274,,,,97.9913733,25969.4,,1632056.126,32957,30802,16991,9938,7053,666110,4467263,,2690.112397,1623.991097,181.6434856,888.924129,1.73,1.775,2.0525,2.5425,0.045,0.3225,0.8125,63.8,,75.70178666,,,27028.46039,24083.67201
1/06/2017,12228.69924,8399.9078,3828.791443,5.5997654,1090.077755,1708718.838,176837.31,,,,,,,,,,,,,0.848508017,,,,96.23366486,26033.4,,1663357.187,32161,31507,18756,10178,8578,706089,3941350,,2709.572385,1633.11736,181.3623346,898.9665462,1.72,1.7625,1.9875,2.4075,0.0425,0.2675,0.6875,65.5,,72.65444189,,,27143.34057,24270.38775
1/07/2017,12258.218,8389.836494,3868.38151,5.6074596,1109.776782,1700136.333,176434.337,,,,,,,,,,,,,0.85152394,,,,96.59595014,26034.5,,1671003.934,32398,31533,19267,10345,8922,661899,4351062,,2720.908056,1641.440028,181.3458311,902.2815771,1.7,1.95,2.2125,2.6425,0.25,0.5125,0.9425,67.3,,71.82266941,,,27189.98394,24160.0981
1/08/2017,12314.61842,8435.49419,3879.124228,5.5252674,1123.137332,1704871.761,175708.026,,,,,,,,,,,,,0.812586451,,,,95.45397808,25901.9,,1658561.43,31960,31428,19529,10344,9185,656298,3766783,,2732.064301,1649.843766,181.0191889,904.9388623,1.7,1.9375,2.185,2.5975,0.2375,0.485,0.8975,66.3,,73.63180177,,,26936.66517,24510.638
1/09/2017,12352.08518,8443.210435,3908.87475,5.450234,1116.651426,1712623.938,175833.963,,,,,,,,,,,,,0.806933993,,,,97.86753836,25960.3,,1682304.029,32465,31549,19838,10231,9607,659846,5228691,,2741.025187,1657.838384,180.9708093,905.9652968,1.72,2.06,2.3,2.7,0.34,0.58,0.98,66.2,,74.69568997,,,27242.78885,24615.43302
1/10/2017,12361.24657,8470.796368,3890.450202,5.351948,1110.281092,1716705.721,177158.602,,,,,,,,,,,,,0.813705753,,,,101.3512932,26018.1,,1671304.387,31849,31477,19669,10287,9382,751934,4602377,,2751.623209,1665.913829,180.7494854,908.8572359,1.7,2.07,2.34,2.78,0.37,0.64,1.08,64.9,,73.37119643,,,27372.29838,24993.9204
1/11/2017,12412.17725,8518.756307,3893.420942,5.4209299,1115.266845,1729851.593,178365.725,,,,,,,,,,,,,0.81127353,,,,99.67651286,26319,,1679087.621,32001,31620,22955,10181,12774,730916,4263902,,2765.923757,1673.625322,180.2065665,915.6090576,1.72,1.92,2.16,2.57,0.2,0.44,0.85,63.6,,75.79310888,,,27494.13619,25225.69817
1/12/2017,12447.49095,8525.720433,3921.770521,5.607632,1116.637853,1721645.464,174253.043,,,,,,,,,,,,,0.835085686,,,,103.274843,26348.2,,1701351.595,32621,34271,17932,10279,7653,700780,4072086,,2773.691907,1681.185822,179.9984262,915.6873342,1.77,2.03,2.25,2.58,0.26,0.48,0.81,64.9,,77.84134586,,,27772.33088,25300.67511
1/01/2018,12478.95948,8509.153564,3969.80592,5.514392,1154.868515,1701468.602,177835.21,,,,,,,,,,,,,0.823353225,,,,105.1310116,26327.3,,1674190.274,34109,33420,19548,9932,9616,709936,3491105,,2780.931142,1688.919501,180.1656431,914.4713686,1.79,2.16,2.39,2.75,0.37,0.6,0.96,65.6,,79.88020353,,,27847.04371,25910.10324
1/02/2018,12472.36524,8527.606739,3944.758504,5.5629678,1117.825821,1723752.931,181198.306,,,,,,,,,,,,,0.801100873,,,,102.7451673,26429.8,,1753683.104,34660,34035,18828,10377,8451,735580,4115937,,2789.569804,1697.325682,179.7610541,914.9703282,1.77,2.12,2.4,2.86,0.35,0.63,1.09,63.6,,83.26325037,,,27848.53831,25948.95322
1/03/2018,12488.65436,8504.833964,3983.820399,5.5046598,1134.120656,1726789.997,190035.265,,,,,,,,,,,,,0.777623576,,,,102.9567224,26422.3,,1741059.492,34312,34171,19705,10579,9126,684073,3424345,,2800.516945,1704.966075,179.4361841,918.3376207,1.93,2.1,2.35,2.72,0.17,0.42,0.79,62.3,,82.65805946,,,28022.89477,25928.56904
1/04/2018,12506.2217,8541.943222,3964.278481,5.5291188,1121.890139,1742867.969,186841.161,,,,,,,,,,,,,0.831201808,,,,102.3816233,26548.7,,1744625.315,34664,33404,18295,10757,7538,686968,3597895,,2810.546278,1711.576723,179.0798631,922.4722775,2.06,2.18,2.42,2.74,0.12,0.36,0.68,62.1,,81.15666007,,,27874.15937,26410.07578
1/05/2018,12499.34137,8517.419322,3981.922047,5.3892857,1115.980234,1731837.768,187166.238,,,,,,,,,,,,,0.787821157,,,,101.7782413,26647.1,,1714669.596,35783,34912,18152,10113,8039,743132,3425204,,2817.696036,1718.398423,179.0256578,922.5287535,1.96,2.17,2.41,2.79,0.21,0.45,0.83,62.8,,83.57009708,,,27376.20547,26319.98168
1/06/2018,12578.7214,8562.798432,4015.922965,5.3242151,1138.230272,1743046.57,182859.097,,,,,,,,,,,,,0.762535783,,,,102.1305807,26717.2,,1753028.697,36583,35518,19603,10319,9284,669560,3242118,,2829.159238,1724.931048,178.9807656,927.1054667,2.07,2.13,2.36,2.7,0.06,0.29,0.63,62.6,,83.93292736,,,27884.75339,26551.83001
1/07/2018,12569.92214,8593.310651,3976.611491,5.309338,1126.596229,1744686.844,184495.074,,,,,,,,,,,,,0.761916355,,,,106.0634213,26756.2,,1768114.088,37376,35017,18518,10235,8283,697718,4814289,,2841.499619,1732.163821,178.9111155,932.4566082,2.02,2.09,2.29,2.64,0.07,0.27,0.62,63.5,,85.30133949,,,28156.52129,26995.9715
1/08/2018,12618.22935,8634.87883,3983.350516,5.2835256,1094.352241,1743262.447,185339.981,,,,,,,,,,,,,0.743115532,,,,103.632606,26901.3,,1756785.186,37628,35474,16494,10049,6445,667875,3191122,,2855.258794,1738.840064,178.5713643,939.3890509,1.96,2.06,2.24,2.59,0.1,0.28,0.63,62.2,,86.65590383,,,28098.45852,27251.8081
1/09/2018,12639.86228,8662.845084,3977.017192,5.0180488,1106.258227,1747818.389,180222.249,,,,,,,,,,,,,0.735329483,,,,100.5153082,26937.5,,1757279.054,37903,35307,16985,9836,7149,710634,3512529,,2867.459074,1744.978996,178.4716548,945.8099609,1.93,2.06,2.25,2.63,0.13,0.32,0.7,62.2,,90.30372064,,,28222.88129,27165.41801
1/10/2018,12671.68239,8709.707518,3961.974877,4.9806683,1104.181842,1755868.533,177185.904,,,,,,,,,,,,,0.712580688,,,,101.4916144,27039.4,,1761099.23,38533,35786,17188,10047,7141,696742,3529562,,2878.596001,1750.28267,177.9353249,952.3088249,1.93,2.06,2.28,2.68,0.13,0.35,0.75,61.9,,92.94331053,,,28136.3958,27617.48846
1/11/2018,12702.533,8704.462971,3998.070031,5.1037531,1135.020551,1752964.152,177020.249,,,,,,,,,,,,,0.658223155,,,,104.341688,27012.7,,1746538.478,38566,35925,14971,9481,5490,707565,4288584,,2887.578805,1755.176915,177.1034824,956.9725139,1.94,2.11,2.32,2.68,0.17,0.38,0.74,63.3,,91.16336115,,,27996.25714,27546.53676
1/12/2018,12717.18253,8690.384058,4026.798469,5.0076379,1112.766804,1749204.693,178132.098,,,,,,,,,,,,,0.700717056,,,,104.4335258,27069.5,,1725694.328,38147,33476,14233,9149,5084,719203,3544551,,2894.068964,1759.81535,176.1287613,959.5102269,2.02,1.93,2.1,2.43,-0.09,0.08,0.41,60.7,,90.1039007,,,27809.11647,27556.83287
1/01/2019,12745.80162,8742.176068,4003.625552,5.0548049,1093.005819,1762512.35,184880.987,,,,,,,,,,,,,0.684989941,,,,99.5613474,27112.2,,1736321.107,39477,35373,14686,9406,5280,694560,3887773,,2899.155121,1763.869284,175.0614426,960.8628796,2.07,1.78,1.91,2.27,-0.29,-0.16,0.2,61.6,,93.45554238,,,28028.81557,27841.42147
1/02/2019,12743.02941,8726.520921,4016.508493,4.9605499,1071.20682,1764738.343,181543.646,,,,,,,,,,,,,0.680020755,,,,103.796476,27270.9,,1838457.878,39801,35221,16174,8962,7212,737549,3816185,,2904.282356,1768.52214,174.9322954,961.6445526,1.96,1.67,1.74,2.13,-0.29,-0.22,0.17,60.7,,96.19316525,,,28145.73131,28375.38144
1/03/2019,12777.22734,8782.113357,3995.113983,5.0790087,1107.734396,1777572.649,172757.579,,,,,,,,,,,,,0.703636014,,,,98.82304681,27317.9,,1709850.863,38662,34851,15100,8618,6482,751307,4244473,,2908.691641,1772.139076,174.3391746,962.4393942,1.83,1.53,1.59,1.96,-0.3,-0.24,0.13,60.5,,97.79016215,,,28142.28626,28275.78458
1/04/2019,12815.21003,8775.282106,4039.927921,5.210982,1151.088181,1769783.827,175536.466,,,,,,,,,,,,,0.697376729,,,,100.6527791,27253.3,,1784119.186,39861,35311,14352,8600,5752,699848,4268452,,2912.795971,1776.910264,173.965419,962.6299237,1.68,1.4,1.48,1.86,-0.28,-0.2,0.18,60.5,,95.39082443,,,28390.28276,28775.13189
1/05/2019,12841.8906,8770.374012,4071.516589,5.1986857,1164.812256,1766727.979,177411.204,,,,,,,,,,,,,0.674340729,,,,101.2701154,27310.2,,1817121.629,42149,35618,14544,8882,5662,702272,4342128,,2917.646986,1781.214637,173.1878645,963.6536193,1.54,1.21,1.29,1.65,-0.33,-0.25,0.11,60,,99.17322994,,,27802.74263,28773.99904
1/06/2019,12857.8996,8795.93484,4061.964759,5.2592946,1108.688443,1769512.239,172694.732,,,,,,,,,,,,,0.716117973,,,,100.6578615,27378,,1801635.353,42204,35167,15086,9050,6036,733327,4038213,,2921.360834,1784.465979,172.7008768,964.404261,1.29,0.99,1.07,1.38,-0.3,-0.22,0.09,60.1,,100.3037357,,,28322.42819,29093.80171
1/07/2019,12879.5964,8836.825855,4042.77055,5.2896827,1148.243237,1775026.849,173736.804,,,,,,,,,,,,,0.70395739,,,,96.51030735,27428.6,,1771220.758,44178,35280,13488,8781,4707,719432,4107473,,2928.523547,1788.332141,172.787115,968.0206629,1.11,0.92,1,1.31,-0.19,-0.11,0.2,59.5,,102.041982,,,28198.24469,29578.57203
1/08/2019,12928.25446,8823.2639,4104.990557,5.2745888,1169.4406,1776736.513,169059.27,,,,,,,,,,,,,0.708609916,,,,99.95700002,27536.7,,1804994.138,41834,35491,13940,8621,5319,699170,6354684,,2936.022048,1792.070193,172.0699916,972.0962348,0.98,0.69,0.71,0.95,-0.29,-0.27,-0.03,58.9,,100.3014479,,,28433.15842,29854.96067
1/09/2019,12956.67244,8858.478498,4098.193938,5.1986674,1140.449486,1780202.455,169816.469,,,,,,,,,,,,,0.720722835,,,,98.23533671,27620.4,,1785365.243,42237,36226,14598,8684,5914,731309,3995041,,2944.651693,1797.331861,170.9157657,976.9329022,0.98,0.78,0.81,1.03,-0.2,-0.17,0.05,59.2,,96.5662636,,,28914.97103,30514.09425
1/10/2019,12920.92239,8850.825167,4070.097224,5.2717295,1161.745393,1775420.308,162934.245,,,,,,,,,,,,,0.699885167,,,,92.79356215,27659.5,,1756700.497,40305,36318,14430,8300,6130,716996,4230778,,2949.925246,1802.699101,169.7954826,978.0655789,0.88,0.69,0.76,1.03,-0.19,-0.12,0.15,60,,93.03993661,,,28730.85317,30262.62306
1/11/2019,12957.79671,8854.762092,4103.03462,5.150013,1127.171545,1776395.685,155534.9,,,,,,,,,,,,,0.685588046,,,,97.00053637,27891.4,,1815422.083,40802,35115,14591,8577,6014,682241,3819917,,2957.692971,1808.220114,168.4092761,981.6091062,0.91,0.77,0.86,1.15,-0.14,-0.05,0.24,59,,92.28462324,,,28960.90738,29946.42084
1/12/2019,12974.04092,8846.360368,4127.680553,5.0481837,1124.237067,1784411.685,163595.537,,,,,,,,,,,,,0.677835414,,,,95.13060148,27767.6,,1752138.87,40836,35683,15777,8704,7073,676806,4602005,,2963.212596,1812.88321,167.4492751,983.2504867,0.9,0.77,0.88,1.2,-0.13,-0.02,0.3,60.3,,91.35511397,,,28862.82699,30771.34036
1/01/2020,12980.83702,8886.293995,4094.543022,5.2790476,1177.903244,1776173.173,166985.67,,,,,,,,,,,,,0.674023537,,,,93.38308655,27657.7,,1744627.636,38798,34552,13407,8693,4714,754491,5222656,,2972.651322,1818.640008,166.2678808,987.7580691,0.89,0.75,0.85,1.15,-0.14,-0.04,0.26,58.1,,92.26684374,,,28800.16409,30826.16083
1/02/2020,12994.01554,8872.551605,4121.463934,5.0803561,1164.042542,1772758.068,159887.711,,,,,,,,,,,,,0.706890358,,,,95.5243735,27791.6,,1623569.857,36230,33734,15913,8693,7220,722613,4370239,,2984.949538,1823.683971,165.3122802,996.1635922,0.89,0.67,0.74,0.98,-0.22,-0.15,0.09,57,,94.40255612,,,28727.43131,30713.64465
1/03/2020,12994.8076,8873.266392,4121.541208,5.2058709,1200.865712,1767438.248,117631.603,,,,,,,,,,,,,0.632221301,,,,91.94154857,30030.8,,931636.3132,41256,31350,15257,8643,6614,725247,3865105,,3017.363673,1828.89879,162.5566829,1025.374563,0.53,0.38,0.5,0.89,-0.15,-0.03,0.36,54.7,,99.86228636,,,25926.95731,31364.34173
1/04/2020,12403.32123,8635.424289,3767.89694,6.3253426,1828.825052,1587555.605,67955.463,,,,,,,,,,,,,0.544006424,,,,75.64376359,24796.5,,18134.24098,37167,29022,15040,8938,6102,635094,3729373,,3018.122366,1833.589941,157.0730913,1027.725805,0.17,0.26,0.42,0.86,0.09,0.25,0.69,57.8,,95.51909892,,,20169.23967,25973.62475
1/05/2020,12120.50119,8527.277074,3593.224118,7.0167518,1720.404473,1604735.612,90439.145,,,,,,,,,,,,,0.627446736,,,,88.06411434,28835.2,,21403.27905,34804,27810,13355,8984,4371,692144,3817738,,3013.467575,1837.535567,155.0581617,1021.166832,0.1,0.25,0.4,0.91,0.15,0.3,0.81,58.8,,93.00290428,,,21912.54596,30702.18538
1/06/2020,12361.35238,8509.009692,3852.342692,7.4428179,1554.57654,1667818.925,119611.327,,,,,,,,,,,,,0.690332068,,,,93.65160925,29660.3,,29475.07976,34925,28199,12884,8592,4292,730790,3920305,,3003.720954,1840.910929,153.9126396,1009.284305,0.1,0.26,0.4,0.92,0.16,0.3,0.82,60,,88.09985268,,,24295.3208,34018.0573
1/07/2020,12465.71288,8548.619414,3917.093461,7.5473941,1520.200812,1688394.496,134420.94,,,,,,,,,,,,,0.769198075,,,,87.92157261,30753,,17987.73938,34602,29686,15176,9444,5732,742782,4067720,,2999.271858,1845.227078,151.8026399,1002.649336,0.1,0.28,0.42,0.88,0.18,0.32,0.78,61.9,,86.08939067,,,24059.03702,34229.89447
1/08/2020,12624.56828,8580.263288,4044.30499,6.8369446,1534.589875,1689299.372,137075.425,,,,,,,,,,,,,0.771991334,,,,79.5317153,29469,,15812.35349,32836,30011,14393,9745,4648,769229,4321867,,2999.346695,1849.879227,150.3620224,998.8328208,0.1,0.27,0.43,0.89,0.17,0.33,0.79,62.6,,86.08242087,,,24228.01567,33754.87594
1/09/2020,12599.01667,8545.398548,4053.618119,6.9108902,1543.005099,1690731.825,151223.303,,,,,,,,,,,,,0.756147277,,,,93.84666586,29228.9,,16128.44797,33975,28200,16220,10763,5457,840721,2900425,,3000.764278,1856.720102,148.8931462,995.1615265,0.09,0.23,0.39,0.9,0.14,0.3,0.81,60.7,,86.45919238,,,24712.13853,34282.99857
1/10/2020,12755.03525,8644.344055,4110.691195,6.9392068,1421.596399,1729536.39,160804.72,,,,,,,,,,,,,0.770446847,,,,105.0212058,29617.8,,21420.16404,35753,29204,17464,11369,6095,841336,5434038,,3002.538012,1862.698427,147.9198066,992.0956931,0.07,0.14,0.29,0.82,0.07,0.22,0.75,59.5,,89.12582578,,,25161.28877,33769.82785
1/11/2020,12846.7878,8727.069147,4119.718652,6.8220363,1280.235261,1754634.898,175338.395,,,,,,,,,,,,,0.790997467,,,,107.6649801,31555.8,,27893.20814,36683,31608,17376,11745,5631,872099,3803056,,3006.054175,1869.422063,147.2619092,989.6331544,0.02,0.11,0.29,0.87,0.09,0.27,0.85,61.5,,91.25705863,,,27084.76645,36089.50756
1/12/2020,12874.64174,8748.809987,4125.831755,6.5791404,1174.869948,1752154.998,184030.031,,,,,,,,,,,,,0.800513044,,,,112.0385409,30516.7,,30489.93418,38645,30610,19373,13541,5832,944900,4202132,,3014.25619,1876.965021,146.5114655,990.9121802,0.02,0.11,0.34,0.98,0.09,0.32,0.96,63.4,,97.96879002,,,26974.6071,35752.27656
1/01/2021,12890.49922,8797.884906,4092.614309,6.3564168,1127.032802,1671529.479,188268.421,,,,,,,,,,,,,0.838882198,,,,106.9859248,30569.9,,21717.6297,39923,30238,16917,12298,4619,936667,4027571,,3022.915229,1884.872529,145.679766,992.0020175,0.01,0.1,0.37,1.05,0.09,0.36,1.04,63,,102.0004469,,,26546.1628,35580.88561
1/02/2021,12973.21584,8870.425932,4102.789905,5.7988503,1145.777473,1767025.403,201366.608,,,,,,,,,,,,,0.841757551,,,,109.0602679,30332.5,,23713.09673,39958,31418,19713,14060,5653,1023178,4399117,,3032.00854,1893.670399,144.8480444,993.429746,0.01,0.11,0.48,1.32,0.1,0.47,1.31,64.5,,103.491985,,,26199.59255,36038.91292
1/03/2021,13048.69529,8853.287179,4195.408113,5.612346,1093.584571,1806367.927,227522.33,,,,,,,,,,,,,0.868580619,,,,111.8428923,30725.9,,29602.13983,39473,32584,23292,14426,8866,1090514,6418299,,3048.620131,1904.113976,144.9986445,998.7117601,0.03,0.1,0.71,1.69,0.07,0.68,1.66,63.9,,106.4402171,,,27555.62655,37211.28324
1/04/2021,13026.0382,8874.263922,4151.774279,5.4255668,1085.069925,1783072.254,232912.425,,,,,,,,,,,,,0.88661128,,,,118.7773012,30960,,52785.80315,40633,31612,20347,13751,6596,1088373,4417375,,3057.31604,1914.533269,144.7178113,998.0501615,0.04,0.1,0.69,1.65,0.06,0.65,1.61,64.4,,110.0810336,,,27510.38419,36967.57538
1/05/2021,13121.97884,8958.911222,4163.067615,5.0631888,1051.726302,1812165.416,236281.777,,,,,,,,,,,,,0.908341061,,,,113.1254917,31007.7,,123935.8339,42225,32422,20769,13912,6857,1007652,5156139,,3071.954,1925.828,144.92,1001.206,0.04,0.1,0.7,1.62,0.06,0.66,1.58,63.5,,115.9641719,,,28020.18872,37289.71149
1/06/2021,13153.20887,9008.079024,4145.129842,4.9782638,1097.153025,1785917.148,231725.122,,,,,,,,,,,,,0.845348426,,,,107.2125918,30563.8,,114130.2775,43821,33033,20007,12786,7221,1020336,5483849,,3097.803,1940.947,143.648,1013.208,0.03,0.14,0.73,1.52,0.11,0.7,1.49,62.7,,125.0394671,,,27185.13681,36757.38707
1/07/2021,13154.69885,9016.669039,4138.02981,4.6998177,1149.582006,1786911.51,229978.194,,,,,,,,,,,,,0.872426551,,,,108.8470407,29761.4,,62889.72256,47213,33257,18349,12215,6134,1033786,4115233,,3126.388,1960.613,141.648,1024.127,0.02,0.16,0.64,1.25,0.14,0.62,1.23,61.6,,132.2780406,,,24892.96207,34000.16586
1/08/2021,13019.98189,8950.064601,4069.91729,4.5728464,1272.193231,1708974.897,213112.66,,,,,,,,,,,,,0.833776258,,,,104.0927119,29261.9,,21456.13312,46708,33985,19324,12365,6959,1162411,5233499,,3145.813,1973.753,140.433,1031.627,0.01,0.15,0.57,1.12,0.14,0.56,1.11,61.2,,124.8637686,,,24795.69532,34948.1967
1/09/2021,12899.61837,8983.411547,3916.206821,4.6732543,1247.965947,1729899.749,236032.223,,,,,,,,,,,,,0.862626103,,,,106.2250153,29756.7,,13184.55298,43623,33160,19096,10644,8452,977307,4703752,,3163.979,1986.138,139.548,1038.293,0.01,0.19,0.66,1.28,0.18,0.65,1.27,60.8,,117.374959,,,25217.34444,36312.91987
1/10/2021,12851.15429,8952.069364,3899.084925,5.2286423,1280.92682,1733199.086,256291.817,,,,,,,,,,,,,0.91017757,,,,104.6419987,31132.7,,10662.20358,43552,33135,16120,10681,5439,1016721,4390717,,3179.896,1996.99,140.266,1042.64,0.04,0.58,1.11,1.72,0.54,1.07,1.68,63.1,,121.8841673,,,27088.82265,37712.5611
1/11/2021,13241.66719,9096.445289,4145.221899,4.6032504,1031.070851,1806909.235,258735.908,,,,,,,,,,,,,0.852710141,,,,105.2999887,33345,,72424.70129,45400,36118,15945,10514,5431,1034378,4927524,,3209.846,2009.424,141.242,1059.18,0.04,0.95,1.38,1.81,0.91,1.34,1.77,60.2,,128.6953449,,,29772.41707,41570.29059
1/12/2021,13311.6864,9146.671518,4165.014877,4.1707061,920.9937415,1825713.944,254854.998,,,,,,,,,,,,,0.814100402,,,,104.2771242,31967.9,,173603.6052,45795,38197,17373,10237,7136,1079257,4572032,,3234.692,2023.054,140.974,1070.664,0.06,0.93,1.32,1.61,0.87,1.26,1.55,61.1,,131.1669638,,,28165.32188,39170.21756
1/01/2022,13331.09047,9151.157237,4179.933231,4.1759323,922.2277985,1675227.746,266284.196,,,,,,,,,,,,,0.81360319,,,,102.2016401,32492,,200306.6306,49888,37892,13161,8808,4353,973633,2914850,,3255.853,2037.194,140.319,1078.34,0.07,1.15,1.54,1.88,1.08,1.47,1.81,59.3,,140.1689089,,,28567.23926,40138.52176
1/02/2022,13436.63764,9272.579083,4164.058555,4.0032751,910.3916116,1825979.879,274708.134,,,,,,,,,,,,,0.812843937,,,,100.8239533,33085.4,,286885.4152,50361,43411,18237,10165,8072,976377,6219826,,3276.691,2048.148,140.537,1088.006,0.07,1.48,1.81,2.11,1.41,1.74,2.04,60.6,,148.6573712,,,29078.51039,41184.30866
1/03/2022,13472.44304,9308.741898,4163.701142,3.9136456,884.7843931,1818820.344,283458.822,,,,,,,,,,,,,0.790737837,,,,96.62179782,33626.1,,388071.6631,50591,41709,15463,10063,5400,978731,5558152,,3297.358,2060.767,140.531,1096.06,0.17,1.88,2.21,2.5,1.71,2.04,2.33,63.6,,157.3962287,,,29238.62483,41485.11387
1/04/2022,13482.64028,9384.526738,4098.113537,3.8611975,863.1806834,1841118.709,294291.165,,,,,,,,,,,,,0.74049884,,,,95.76864495,33923.1,,594768.8983,53527,41631,15277,9959,5318,994550,4761606,,3325.946,2072.533,141.002,1112.411,0.41,2.54,2.77,3.01,2.13,2.36,2.6,63.1,,170.0518726,,,31245.95617,42101.39056
1/05/2022,13521.96081,9438.797926,4083.162884,3.8733311,817.9582478,1850158.373,297659.253,,,,,,,,,,,,,0.742978261,,,,90.40750604,34172,,728944.0954,58424,44168,16657,9856,6801,1039978,5541217,,3356.055,2085.068,141.027,1129.96,1,2.89,3.09,3.38,1.89,2.09,2.38,63.2,,169.6454915,,,31326.50289,43741.77214
1/06/2022,13590.32151,9479.192891,4111.128616,3.5431451,856.6700261,1853789.224,305114.172,,,,,,,,,,,,,0.738931932,,,,86.3539685,34239.3,,866454.1659,61731,44235,16700,10045,6655,1008641,5186979,,3385.842,2098.991,140.594,1146.257,1.6,3.29,3.5,3.77,1.69,1.9,2.17,61.8,,181.2415679,,,31844.38651,44072.1709
1/07/2022,13553.64518,9410.104264,4143.540919,3.4186743,844.6143776,1846993.328,295635.055,,,,,,,,,,,,,0.71041465,,,,83.78634432,34669.3,,982439.7013,55340,46373,13662,10151,3511,1005431,4069404,,3412.388,2111.065,140.355,1160.968,2.07,3.01,3.16,3.42,0.94,1.09,1.35,63.1,,163.259858,,,31868.13162,42902.63348
1/08/2022,13589.92616,9465.091964,4124.834194,3.4840247,837.9755761,1854093.94,300209.551,,,,,,,,,,,,,0.716666426,,,,81.24360379,34881.6,,,56774,48450,17497,10526,6971,1059985,4684782,,3437.896,2121.867,140.45,1175.579,2.31,3.08,3.16,3.37,0.77,0.85,1.06,63.3,,149.4580635,,,32184.55951,45338.36892
1/09/2022,13590.84959,9478.421435,4112.428155,3.5443513,847.3978485,1853453.741,282589.701,,,,,,,,,,,,,0.693077846,,,,84.44964314,,,,,,,,,,,,,,,,2.76,3.41,3.5,3.74,0.65,0.74,0.98,61.5,,152.5872798,,,,
